Date,Region,Product,Quantity,UnitPrice,StoreLocation,CustomerType,Salesperson,PaymentMethod,Promotion,Returned,OrderID,CustomerName,ShippingCost,OrderDate,DeliveryDate,RegionManager,DeliveryTime,Day_of_Week,is_weekend,quarter,DiscountValue,month,year,day,dayofweek,weekofyear,Revenue,Month,Month_Year,Quarter,Year,date,Delivery_time
2023-02-23,East,Laptop,14,163.6,Store B,Wholesale,Eva,Online,FREESHIP,0,REG100000,Cust 6583,43.34,2023-02-23,2023-02-27,Eric,4,3,False,1,0.0,2,2023,23,3,8,2290.4,2,2023-02,1,2023,2023-02-23,4
2024-12-19,South,Phone,1,544.01,Store A,Retail,Alice,Gift Card,SAVE10,0,REG100001,Cust 2144,5.3,2024-12-19,2024-12-28,Sophie,9,3,False,4,0.0,12,2024,19,3,51,544.01,12,2024-12,4,2024,2024-12-19,9
2023-05-10,North,Desk,14,346.18,Store B,Wholesale,Alice,Online,WINTER15,0,REG100002,Cust 5998,20.46,2023-05-10,2023-05-19,Ryan,9,2,False,2,34.618,5,2023,10,2,19,4361.868,5,2023-05,2,2023,2023-05-10,9
2023-06-24,East,Desk,18,237.76,Store C,Retail,Carlos,Online,SAVE10,0,REG100004,Cust 6506,5.73,2023-06-24,2023-06-27,Eric,3,5,True,2,0.0,6,2023,24,5,25,4279.68,6,2023-06,2,2023,2023-06-24,3
2024-02-20,Central,Monitor,2,385.09,Store D,Wholesale,Diana,Credit Card,NULL,0,REG100005,Cust 3909,11.92,2024-02-20,2024-03-01,Cameron,10,1,False,1,57.76349999999999,2,2024,20,1,8,654.6529999999999,2,2024-02,1,2024,2024-02-20,10
2023-01-11,South,Chair,7,17.5,Store C,Retail,Alice,Debit Card,WINTER15,0,REG100006,Cust 7887,5.02,2023-01-11,2023-01-14,Sophie,3,2,False,1,1.75,1,2023,11,2,2,110.25,1,2023-01,1,2023,2023-01-11,3
2023-01-09,Central,Chair,3,330.22,Store C,Wholesale,Carlos,Cash,NULL,0,REG100007,Cust 5301,48.01,2023-01-09,2023-01-11,Cameron,2,0,False,1,49.533,1,2023,9,0,2,842.061,1,2023-01,1,2023,2023-01-09,2
2024-10-16,South,Chair,3,432.04,Store D,Wholesale,Bob,Debit Card,FREESHIP,1,REG100008,Cust 2284,42.11,2024-10-16,2024-10-18,Sophie,2,2,False,4,21.602000000000004,10,2024,16,2,42,1231.314,10,2024-10,4,2024,2024-10-16,2
2024-04-10,North,Desk,15,523.29,Store B,Wholesale,Eva,Debit Card,NULL,0,REG100010,Cust 1462,12.14,2024-04-10,2024-04-17,Ryan,7,2,False,2,78.4935,4,2024,10,2,15,6671.947499999999,4,2024-04,2,2024,2024-04-10,7
2024-07-12,East,Phone,19,207.35,Store D,Retail,Eva,Gift Card,NULL,1,REG100011,Cust 4330,44.89,2024-07-12,2024-07-18,Eric,6,4,False,3,20.735,7,2024,12,4,28,3545.685,7,2024-07,3,2024,2024-07-12,6
2023-07-21,Central,Phone,1,120.53,Store B,Retail,Diana,Cash,WINTER15,0,REG100012,Cust 2372,20.35,2023-07-21,2023-07-31,Cameron,10,4,False,3,6.0265,7,2023,21,4,29,114.5035,7,2023-07,3,2023,2023-07-21,10
2024-12-08,North,Desk,15,220.3,Store B,Retail,Diana,Debit Card,NULL,0,REG100014,Cust 4548,39.66,2024-12-08,2024-12-15,Ryan,7,6,True,4,33.045,12,2024,8,6,49,2808.825,12,2024-12,4,2024,2024-12-08,7
2023-02-26,West,Laptop,19,236.11,Store D,Wholesale,Bob,Online,WINTER15,0,REG100016,Cust 4975,34.11,2023-02-26,2023-03-04,Wendy,6,6,True,1,0.0,2,2023,26,6,8,4486.09,2,2023-02,1,2023,2023-02-26,6
2024-05-28,Central,Desk,11,573.14,Store D,Retail,Diana,Cash,SAVE10,0,REG100017,Cust 8014,34.71,2024-05-28,2024-06-01,Cameron,4,1,False,2,28.657,5,2024,28,1,22,5989.313,5,2024-05,2,2024,2024-05-28,4
2023-11-30,East,Phone,20,519.04,Store B,Retail,Carlos,Gift Card,FREESHIP,0,REG100018,Cust 1228,19.43,2023-11-30,2023-12-08,Eric,8,3,False,4,77.856,11,2023,30,3,48,8823.679999999998,11,2023-11,4,2023,2023-11-30,8
2023-06-22,West,Desk,14,30.83,Store B,Retail,Carlos,Online,WINTER15,1,REG100019,Cust 4247,7.1,2023-06-22,2023-07-02,Wendy,10,3,False,2,0.0,6,2023,22,3,25,431.62,6,2023-06,2,2023,2023-06-22,10
2023-03-03,Central,Chair,14,312.79,Store A,Retail,Bob,Online,NULL,1,REG100021,Cust 4186,46.83,2023-03-03,2023-03-08,Cameron,5,4,False,1,15.639500000000002,3,2023,3,4,9,4160.107,3,2023-03,1,2023,2023-03-03,5
2024-02-18,North,Laptop,14,395.45,Store C,Retail,Carlos,Cash,FREESHIP,1,REG100022,Cust 8137,36.45,2024-02-18,2024-02-22,Ryan,4,6,True,1,0.0,2,2024,18,6,7,5536.3,2,2024-02,1,2024,2024-02-18,4
2023-08-06,Central,Laptop,12,472.72,Store D,Retail,Diana,Credit Card,NULL,0,REG100023,Cust 4638,27.97,2023-08-06,2023-08-14,Cameron,8,6,True,3,70.908,8,2023,6,6,31,4821.744000000001,8,2023-08,3,2023,2023-08-06,8
2024-05-23,North,Desk,5,288.01,Store A,Wholesale,Eva,Credit Card,FREESHIP,0,REG100024,Cust 8538,46.69,2024-05-23,2024-05-30,Ryan,7,3,False,2,0.0,5,2024,23,3,21,1440.05,5,2024-05,2,2024,2024-05-23,7
2023-10-23,East,Phone,13,562.29,Store D,Retail,Diana,Gift Card,SAVE10,0,REG100025,Cust 6322,38.13,2023-10-23,2023-10-28,Eric,5,0,False,4,0.0,10,2023,23,0,43,7309.7699999999995,10,2023-10,4,2023,2023-10-23,5
2023-03-03,North,Phone,4,279.49,Store B,Retail,Diana,Credit Card,FREESHIP,0,REG100027,Cust 6880,24.78,2023-03-03,2023-03-08,Ryan,5,4,False,1,0.0,3,2023,3,4,9,1117.96,3,2023-03,1,2023,2023-03-03,5
2024-11-18,South,Laptop,1,178.55,Store A,Retail,Carlos,Debit Card,SAVE10,1,REG100028,Cust 1997,7.61,2024-11-18,2024-11-21,Sophie,3,0,False,4,26.782500000000002,11,2024,18,0,47,151.7675,11,2024-11,4,2024,2024-11-18,3
2023-05-09,Central,Tablet,1,472.07,Store A,Wholesale,Carlos,Online,FREESHIP,0,REG100029,Cust 7072,33.17,2023-05-09,2023-05-17,Cameron,8,1,False,2,47.207,5,2023,9,1,19,424.863,5,2023-05,2,2023,2023-05-09,8
2024-12-07,North,Tablet,12,306.29,Store D,Retail,Frank,Debit Card,SAVE10,0,REG100030,Cust 7201,37.38,2024-12-07,2024-12-14,Ryan,7,5,True,4,0.0,12,2024,7,5,49,3675.4800000000005,12,2024-12,4,2024,2024-12-07,7
2024-02-13,North,Phone,7,434.77,Store C,Retail,Frank,Online,SAVE10,0,REG100031,Cust 9923,12.35,2024-02-13,2024-02-15,Ryan,2,1,False,1,65.21549999999999,2,2024,13,1,7,2586.8815,2,2024-02,1,2024,2024-02-13,2
2023-04-05,Central,Desk,17,476.49,Store D,Retail,Alice,Gift Card,NULL,0,REG100033,Cust 6403,17.91,2023-04-05,2023-04-11,Cameron,6,2,False,2,0.0,4,2023,5,2,14,8100.33,4,2023-04,2,2023,2023-04-05,6
2023-09-03,North,Tablet,14,82.14,Store C,Retail,Alice,Credit Card,NULL,0,REG100035,Cust 7902,12.57,2023-09-03,2023-09-11,Ryan,8,6,True,3,0.0,9,2023,3,6,35,1149.96,9,2023-09,3,2023,2023-09-03,8
2024-02-15,Central,Printer,14,428.13,Store C,Retail,Bob,Cash,NULL,1,REG100038,Cust 2469,24.77,2024-02-15,2024-02-25,Cameron,10,3,False,1,42.813,2,2024,15,3,7,5394.438,2,2024-02,1,2024,2024-02-15,10
2023-06-09,Central,Laptop,2,503.28,Store D,Retail,Alice,Gift Card,NULL,0,REG100039,Cust 6468,34.79,2023-06-09,2023-06-17,Cameron,8,4,False,2,75.49199999999999,6,2023,9,4,23,855.5759999999999,6,2023-06,2,2023,2023-06-09,8
2023-08-10,South,Printer,5,470.32,Store A,Retail,Eva,Debit Card,SAVE10,0,REG100040,Cust 5312,17.77,2023-08-10,2023-08-14,Sophie,4,3,False,3,47.032000000000004,8,2023,10,3,32,2116.44,8,2023-08,3,2023,2023-08-10,4
2024-06-16,Central,Printer,20,65.17,Store C,Wholesale,Eva,Gift Card,FREESHIP,0,REG100041,Cust 1482,21.72,2024-06-16,2024-06-25,Cameron,9,6,True,2,3.2585,6,2024,16,6,24,1238.23,6,2024-06,2,2024,2024-06-16,9
2023-07-23,South,Laptop,12,36.17,Store A,Retail,Eva,Online,WINTER15,0,REG100042,Cust 7903,34.85,2023-07-23,2023-07-26,Sophie,3,6,True,3,0.0,7,2023,23,6,29,434.04,7,2023-07,3,2023,2023-07-23,3
2023-05-20,Central,Printer,4,459.31,Store D,Wholesale,Carlos,Gift Card,WINTER15,1,REG100043,Cust 9605,27.39,2023-05-20,2023-05-27,Cameron,7,5,True,2,68.8965,5,2023,20,5,20,1561.654,5,2023-05,2,2023,2023-05-20,7
2023-06-30,South,Laptop,2,416.06,Store D,Retail,Eva,Debit Card,SAVE10,0,REG100044,Cust 3298,11.62,2023-06-30,2023-07-04,Sophie,4,4,False,2,20.803,6,2023,30,4,26,790.514,6,2023-06,2,2023,2023-06-30,4
2024-06-04,South,Tablet,16,302.58,Store D,Retail,Alice,Online,WINTER15,1,REG100045,Cust 5533,20.76,2024-06-04,2024-06-14,Sophie,10,1,False,2,0.0,6,2024,4,1,23,4841.28,6,2024-06,2,2024,2024-06-04,10
2024-01-09,East,Tablet,8,582.52,Store D,Retail,Frank,Gift Card,WINTER15,0,REG100047,Cust 4826,6.47,2024-01-09,2024-01-13,Eric,4,1,False,1,87.378,1,2024,9,1,2,3961.136,1,2024-01,1,2024,2024-01-09,4
2024-03-14,North,Desk,5,165.15,Store A,Retail,Eva,Gift Card,NULL,0,REG100048,Cust 2171,20.57,2024-03-14,2024-03-16,Ryan,2,3,False,1,16.515,3,2024,14,3,11,743.1750000000001,3,2024-03,1,2024,2024-03-14,2
2024-09-06,West,Monitor,14,242.82,Store D,Wholesale,Alice,Cash,WINTER15,1,REG100049,Cust 4005,20.71,2024-09-06,2024-09-13,Wendy,7,4,False,3,36.422999999999995,9,2024,6,4,36,2889.558,9,2024-09,3,2024,2024-09-06,7
2023-03-17,East,Monitor,13,65.99,Store A,Wholesale,Frank,Cash,WINTER15,0,REG100050,Cust 7032,12.87,2023-03-17,2023-03-20,Eric,3,4,False,1,6.599,3,2023,17,4,11,772.083,3,2023-03,1,2023,2023-03-17,3
2024-09-12,South,Laptop,1,269.41,Store B,Wholesale,Eva,Cash,WINTER15,1,REG100052,Cust 5702,19.22,2024-09-12,2024-09-18,Sophie,6,3,False,3,26.941000000000003,9,2024,12,3,37,242.46900000000002,9,2024-09,3,2024,2024-09-12,6
2024-01-05,South,Monitor,2,371.3,Store B,Wholesale,Bob,Credit Card,SAVE10,0,REG100053,Cust 4944,36.51,2024-01-05,2024-01-15,Sophie,10,4,False,1,18.565,1,2024,5,4,1,705.47,1,2024-01,1,2024,2024-01-05,10
2024-04-19,West,Tablet,11,288.24,Store A,Wholesale,Diana,Online,NULL,0,REG100054,Cust 8149,37.39,2024-04-19,2024-04-25,Wendy,6,4,False,2,43.236,4,2024,19,4,16,2695.0440000000003,4,2024-04,2,2024,2024-04-19,6
2023-05-24,East,Chair,5,100.38,Store C,Retail,Eva,Gift Card,WINTER15,1,REG100057,Cust 4214,18.35,2023-05-24,2023-05-26,Eric,2,2,False,2,10.038,5,2023,24,2,21,451.71,5,2023-05,2,2023,2023-05-24,2
2023-01-27,South,Phone,11,375.48,Store B,Retail,Bob,Debit Card,WINTER15,0,REG100058,Cust 2647,15.95,2023-01-27,2023-02-03,Sophie,7,4,False,1,18.774,1,2023,27,4,4,3923.7660000000005,1,2023-01,1,2023,2023-01-27,7
2024-03-21,South,Laptop,18,316.89,Store B,Wholesale,Bob,Cash,FREESHIP,0,REG100059,Cust 3552,15.69,2024-03-21,2024-03-27,Sophie,6,3,False,1,15.8445,3,2024,21,3,12,5418.8189999999995,3,2024-03,1,2024,2024-03-21,6
2023-06-12,Central,Phone,8,301.68,Store D,Retail,Eva,Cash,SAVE10,0,REG100061,Cust 3903,36.54,2023-06-12,2023-06-21,Cameron,9,0,False,2,0.0,6,2023,12,0,24,2413.44,6,2023-06,2,2023,2023-06-12,9
2024-02-24,Central,Desk,16,47.25,Store D,Retail,Bob,Debit Card,FREESHIP,0,REG100063,Cust 8144,29.5,2024-02-24,2024-02-27,Cameron,3,5,True,1,7.0874999999999995,2,2024,24,5,8,642.6,2,2024-02,1,2024,2024-02-24,3
2023-12-09,South,Chair,15,511.17,Store B,Wholesale,Frank,Online,FREESHIP,0,REG100064,Cust 6747,21.77,2023-12-09,2023-12-12,Sophie,3,5,True,4,0.0,12,2023,9,5,49,7667.55,12,2023-12,4,2023,2023-12-09,3
2023-10-01,Central,Monitor,3,66.58,Store B,Retail,Frank,Debit Card,FREESHIP,0,REG100065,Cust 8330,22.43,2023-10-01,2023-10-05,Cameron,4,6,True,4,6.658,10,2023,1,6,39,179.76600000000002,10,2023-10,4,2023,2023-10-01,4
2023-07-31,West,Tablet,5,490.52,Store D,Wholesale,Frank,Online,NULL,0,REG100066,Cust 7186,12.24,2023-07-31,2023-08-07,Wendy,7,0,False,3,24.526,7,2023,31,0,31,2329.97,7,2023-07,3,2023,2023-07-31,7
2024-12-24,South,Chair,8,405.96,Store A,Wholesale,Carlos,Credit Card,WINTER15,0,REG100067,Cust 8287,41.27,2024-12-24,2024-12-31,Sophie,7,1,False,4,20.298000000000002,12,2024,24,1,52,3085.296,12,2024-12,4,2024,2024-12-24,7
2024-11-15,North,Phone,1,159.41,Store B,Retail,Bob,Credit Card,FREESHIP,0,REG100068,Cust 3986,35.14,2024-11-15,2024-11-19,Ryan,4,4,False,4,15.941,11,2024,15,4,46,143.469,11,2024-11,4,2024,2024-11-15,4
2024-03-03,East,Tablet,15,328.36,Store D,Retail,Alice,Gift Card,WINTER15,0,REG100070,Cust 1907,15.76,2024-03-03,2024-03-12,Eric,9,6,True,1,49.254,3,2024,3,6,9,4186.59,3,2024-03,1,2024,2024-03-03,9
2023-02-11,Central,Tablet,20,548.01,Store A,Wholesale,Eva,Credit Card,WINTER15,1,REG100071,Cust 4639,5.89,2023-02-11,2023-02-14,Cameron,3,5,True,1,54.801,2,2023,11,5,6,9864.18,2,2023-02,1,2023,2023-02-11,3
2023-10-26,South,Desk,13,484.45,Store B,Wholesale,Carlos,Gift Card,WINTER15,1,REG100072,Cust 4153,6.57,2023-10-26,2023-11-05,Sophie,10,3,False,4,24.2225,10,2023,26,3,43,5982.9574999999995,10,2023-10,4,2023,2023-10-26,10
2023-10-21,South,Monitor,13,195.84,Store A,Wholesale,Alice,Credit Card,NULL,0,REG100073,Cust 7096,33.52,2023-10-21,2023-10-28,Sophie,7,5,True,4,9.792000000000002,10,2023,21,5,42,2418.624,10,2023-10,4,2023,2023-10-21,7
2024-01-14,Central,Tablet,19,29.94,Store D,Retail,Diana,Debit Card,FREESHIP,0,REG100074,Cust 3806,33.59,2024-01-14,2024-01-20,Cameron,6,6,True,1,4.491,1,2024,14,6,2,483.531,1,2024-01,1,2024,2024-01-14,6
2023-07-27,Central,Desk,10,553.91,Store D,Wholesale,Eva,Online,NULL,0,REG100075,Cust 9345,31.3,2023-07-27,2023-07-31,Cameron,4,3,False,3,55.391,7,2023,27,3,30,4985.19,7,2023-07,3,2023,2023-07-27,4
2024-10-23,South,Phone,14,445.52,Store B,Retail,Bob,Online,SAVE10,0,REG100076,Cust 4456,14.41,2024-10-23,2024-10-25,Sophie,2,2,False,4,44.552,10,2024,23,2,43,5613.552,10,2024-10,4,2024,2024-10-23,2
2023-09-26,South,Chair,5,551.58,Store B,Retail,Alice,Online,WINTER15,1,REG100077,Cust 1089,7.87,2023-09-26,2023-10-01,Sophie,5,1,False,3,82.73700000000001,9,2023,26,1,39,2344.215,9,2023-09,3,2023,2023-09-26,5
2023-12-16,East,Phone,13,241.4,Store D,Retail,Carlos,Gift Card,SAVE10,0,REG100078,Cust 7230,49.05,2023-12-16,2023-12-20,Eric,4,5,True,4,0.0,12,2023,16,5,50,3138.2000000000003,12,2023-12,4,2023,2023-12-16,4
2024-01-02,Central,Printer,19,351.93,Store A,Wholesale,Alice,Credit Card,NULL,0,REG100079,Cust 6597,39.98,2024-01-02,2024-01-05,Cameron,3,1,False,1,0.0,1,2024,2,1,1,6686.67,1,2024-01,1,2024,2024-01-02,3
2024-02-16,North,Phone,4,83.75,Store A,Retail,Alice,Debit Card,SAVE10,1,REG100080,Cust 4108,38.82,2024-02-16,2024-02-25,Ryan,9,4,False,1,4.1875,2,2024,16,4,7,318.25,2,2024-02,1,2024,2024-02-16,9
2024-05-03,East,Monitor,5,416.95,Store A,Wholesale,Frank,Online,NULL,1,REG100081,Cust 2883,24.03,2024-05-03,2024-05-12,Eric,9,4,False,2,62.5425,5,2024,3,4,18,1772.0375,5,2024-05,2,2024,2024-05-03,9
2023-05-27,West,Monitor,18,142.43,Store C,Retail,Bob,Credit Card,SAVE10,1,REG100082,Cust 5018,12.38,2023-05-27,2023-06-02,Wendy,6,5,True,2,7.121500000000001,5,2023,27,5,21,2435.553,5,2023-05,2,2023,2023-05-27,6
2023-01-05,East,Desk,12,582.52,Store A,Wholesale,Bob,Credit Card,FREESHIP,0,REG100083,Cust 1231,41.16,2023-01-05,2023-01-11,Eric,6,3,False,1,0.0,1,2023,5,3,1,6990.24,1,2023-01,1,2023,2023-01-05,6
2023-07-21,Central,Tablet,17,431.82,Store B,Retail,Eva,Gift Card,FREESHIP,1,REG100085,Cust 6684,37.75,2023-07-21,2023-07-25,Cameron,4,4,False,3,0.0,7,2023,21,4,29,7340.94,7,2023-07,3,2023,2023-07-21,4
2024-11-16,South,Tablet,20,548.34,Store B,Retail,Bob,Gift Card,WINTER15,0,REG100087,Cust 9159,33.47,2024-11-16,2024-11-22,Sophie,6,5,True,4,54.834,11,2024,16,5,46,9870.12,11,2024-11,4,2024,2024-11-16,6
2023-11-19,North,Laptop,16,525.83,Store C,Wholesale,Frank,Online,NULL,0,REG100088,Cust 4844,36.47,2023-11-19,2023-11-25,Ryan,6,6,True,4,26.291500000000003,11,2023,19,6,46,7992.616,11,2023-11,4,2023,2023-11-19,6
2023-03-29,North,Monitor,19,559.95,Store A,Wholesale,Carlos,Credit Card,WINTER15,0,REG100090,Cust 8160,18.3,2023-03-29,2023-04-03,Ryan,5,2,False,1,55.995000000000005,3,2023,29,2,13,9575.145,3,2023-03,1,2023,2023-03-29,5
2023-10-18,North,Chair,12,494.15,Store B,Wholesale,Diana,Online,SAVE10,1,REG100092,Cust 1127,18.05,2023-10-18,2023-10-20,Ryan,2,2,False,4,74.12249999999999,10,2023,18,2,42,5040.329999999999,10,2023-10,4,2023,2023-10-18,2
2024-04-21,West,Printer,17,309.52,Store B,Wholesale,Eva,Online,FREESHIP,0,REG100095,Cust 2539,6.11,2024-04-21,2024-04-27,Wendy,6,6,True,2,15.475999999999999,4,2024,21,6,16,4998.748,4,2024-04,2,2024,2024-04-21,6
2024-05-26,West,Laptop,20,491.68,Store D,Wholesale,Alice,Online,SAVE10,1,REG100098,Cust 4384,43.46,2024-05-26,2024-05-29,Wendy,3,6,True,2,73.752,5,2024,26,6,21,8358.56,5,2024-05,2,2024,2024-05-26,3
2023-07-22,North,Phone,17,468.45,Store A,Retail,Carlos,Credit Card,FREESHIP,0,REG100099,Cust 7756,17.88,2023-07-22,2023-07-26,Ryan,4,5,True,3,23.4225,7,2023,22,5,29,7565.4675,7,2023-07,3,2023,2023-07-22,4
2024-03-21,North,Laptop,11,401.76,Store D,Retail,Frank,Gift Card,SAVE10,0,REG100100,Cust 6086,48.03,2024-03-21,2024-03-30,Ryan,9,3,False,1,60.263999999999996,3,2024,21,3,12,3756.4559999999997,3,2024-03,1,2024,2024-03-21,9
2023-04-05,West,Printer,3,221.0,Store B,Wholesale,Frank,Cash,FREESHIP,0,REG100101,Cust 3845,32.31,2023-04-05,2023-04-08,Wendy,3,2,False,2,0.0,4,2023,5,2,14,663.0,4,2023-04,2,2023,2023-04-05,3
2024-08-26,East,Monitor,6,188.45,Store C,Wholesale,Alice,Gift Card,NULL,0,REG100102,Cust 9996,6.77,2024-08-26,2024-09-01,Eric,6,0,False,3,9.4225,8,2024,26,0,35,1074.1649999999997,8,2024-08,3,2024,2024-08-26,6
2024-07-07,North,Desk,3,566.2,Store D,Retail,Bob,Gift Card,FREESHIP,1,REG100103,Cust 1711,28.97,2024-07-07,2024-07-17,Ryan,10,6,True,3,0.0,7,2024,7,6,27,1698.6000000000001,7,2024-07,3,2024,2024-07-07,10
2023-09-29,East,Monitor,14,167.09,Store D,Retail,Alice,Gift Card,SAVE10,1,REG100104,Cust 4522,47.05,2023-09-29,2023-10-08,Eric,9,4,False,3,8.3545,9,2023,29,4,39,2222.297,9,2023-09,3,2023,2023-09-29,9
2023-10-04,West,Monitor,16,36.16,Store C,Wholesale,Carlos,Debit Card,FREESHIP,0,REG100105,Cust 4233,26.64,2023-10-04,2023-10-11,Wendy,7,2,False,4,3.6159999999999997,10,2023,4,2,40,520.704,10,2023-10,4,2023,2023-10-04,7
2024-06-29,East,Chair,3,168.05,Store A,Retail,Carlos,Cash,NULL,1,REG100108,Cust 9090,21.08,2024-06-29,2024-07-06,Eric,7,5,True,2,0.0,6,2024,29,5,26,504.15000000000003,6,2024-06,2,2024,2024-06-29,7
2024-03-23,North,Printer,14,37.54,Store B,Retail,Alice,Credit Card,NULL,1,REG100109,Cust 1983,49.6,2024-03-23,2024-04-02,Ryan,10,5,True,1,5.630999999999999,3,2024,23,5,12,446.72599999999994,3,2024-03,1,2024,2024-03-23,10
2024-07-14,South,Tablet,4,151.16,Store B,Wholesale,Alice,Gift Card,SAVE10,1,REG100110,Cust 8834,41.4,2024-07-14,2024-07-21,Sophie,7,6,True,3,0.0,7,2024,14,6,28,604.64,7,2024-07,3,2024,2024-07-14,7
2024-03-15,South,Tablet,17,78.58,Store A,Wholesale,Bob,Gift Card,WINTER15,0,REG100111,Cust 9780,8.02,2024-03-15,2024-03-25,Sophie,10,4,False,1,7.8580000000000005,3,2024,15,4,11,1202.274,3,2024-03,1,2024,2024-03-15,10
2024-02-15,West,Tablet,18,537.02,Store A,Wholesale,Carlos,Debit Card,SAVE10,0,REG100113,Cust 3173,23.94,2024-02-15,2024-02-20,Wendy,5,3,False,1,80.553,2,2024,15,3,7,8216.406,2,2024-02,1,2024,2024-02-15,5
2024-01-25,East,Desk,5,215.6,Store C,Wholesale,Frank,Online,WINTER15,0,REG100114,Cust 8641,28.36,2024-01-25,2024-02-04,Eric,10,3,False,1,0.0,1,2024,25,3,4,1078.0,1,2024-01,1,2024,2024-01-25,10
2024-08-11,West,Printer,2,289.14,Store C,Retail,Diana,Online,SAVE10,0,REG100117,Cust 2015,5.13,2024-08-11,2024-08-13,Wendy,2,6,True,3,14.457,8,2024,11,6,32,549.366,8,2024-08,3,2024,2024-08-11,2
2023-12-01,South,Desk,5,396.93,Store B,Wholesale,Diana,Credit Card,FREESHIP,0,REG100118,Cust 6895,48.63,2023-12-01,2023-12-08,Sophie,7,4,False,4,0.0,12,2023,1,4,48,1984.65,12,2023-12,4,2023,2023-12-01,7
2023-08-06,Central,Laptop,10,508.57,Store D,Retail,Bob,Online,SAVE10,0,REG100119,Cust 1797,9.35,2023-08-06,2023-08-11,Cameron,5,6,True,3,25.4285,8,2023,6,6,31,4831.415,8,2023-08,3,2023,2023-08-06,5
2024-01-24,Central,Laptop,11,259.61,Store C,Wholesale,Carlos,Cash,FREESHIP,0,REG100120,Cust 9969,13.73,2024-01-24,2024-01-31,Cameron,7,2,False,1,25.961000000000002,1,2024,24,2,4,2570.139,1,2024-01,1,2024,2024-01-24,7
2024-03-07,Central,Chair,9,313.29,Store D,Retail,Carlos,Online,FREESHIP,0,REG100121,Cust 1815,14.04,2024-03-07,2024-03-13,Cameron,6,3,False,1,0.0,3,2024,7,3,10,2819.61,3,2024-03,1,2024,2024-03-07,6
2024-01-22,South,Tablet,5,106.57,Store C,Wholesale,Carlos,Debit Card,SAVE10,1,REG100122,Cust 7773,25.24,2024-01-22,2024-01-28,Sophie,6,0,False,1,10.657,1,2024,22,0,4,479.56499999999994,1,2024-01,1,2024,2024-01-22,6
2023-02-23,East,Printer,1,109.0,Store B,Retail,Frank,Cash,WINTER15,1,REG100123,Cust 1499,8.03,2023-02-23,2023-02-27,Eric,4,3,False,1,16.349999999999998,2,2023,23,3,8,92.64999999999999,2,2023-02,1,2023,2023-02-23,4
2023-06-14,North,Tablet,8,323.8,Store B,Retail,Diana,Cash,SAVE10,1,REG100124,Cust 3809,35.23,2023-06-14,2023-06-22,Ryan,8,2,False,2,0.0,6,2023,14,2,24,2590.4,6,2023-06,2,2023,2023-06-14,8
2024-07-30,Central,Printer,16,163.86,Store C,Retail,Diana,Gift Card,FREESHIP,0,REG100126,Cust 7258,37.95,2024-07-30,2024-08-06,Cameron,7,1,False,3,24.579,7,2024,30,1,31,2228.496,7,2024-07,3,2024,2024-07-30,7
2024-07-18,East,Tablet,5,23.41,Store B,Wholesale,Frank,Credit Card,WINTER15,0,REG100127,Cust 1151,26.44,2024-07-18,2024-07-27,Eric,9,3,False,3,0.0,7,2024,18,3,29,117.05,7,2024-07,3,2024,2024-07-18,9
2024-08-26,East,Printer,20,488.9,Store C,Wholesale,Eva,Gift Card,FREESHIP,0,REG100128,Cust 6486,21.77,2024-08-26,2024-09-01,Eric,6,0,False,3,73.335,8,2024,26,0,35,8311.3,8,2024-08,3,2024,2024-08-26,6
2024-07-18,East,Phone,14,442.65,Store B,Retail,Eva,Gift Card,SAVE10,0,REG100131,Cust 2414,28.76,2024-07-18,2024-07-24,Eric,6,3,False,3,0.0,7,2024,18,3,29,6197.099999999999,7,2024-07,3,2024,2024-07-18,6
2023-09-17,West,Laptop,12,469.44,Store B,Wholesale,Bob,Online,FREESHIP,0,REG100132,Cust 9024,33.3,2023-09-17,2023-09-26,Wendy,9,6,True,3,0.0,9,2023,17,6,37,5633.28,9,2023-09,3,2023,2023-09-17,9
2023-03-13,East,Monitor,14,248.77,Store C,Wholesale,Bob,Debit Card,FREESHIP,1,REG100133,Cust 2663,21.76,2023-03-13,2023-03-19,Eric,6,0,False,1,12.438500000000001,3,2023,13,0,11,3308.641,3,2023-03,1,2023,2023-03-13,6
2023-03-29,South,Chair,4,565.29,Store D,Wholesale,Alice,Cash,NULL,0,REG100134,Cust 2293,27.04,2023-03-29,2023-04-03,Sophie,5,2,False,1,28.264499999999998,3,2023,29,2,13,2148.102,3,2023-03,1,2023,2023-03-29,5
2023-07-14,Central,Desk,12,244.8,Store B,Wholesale,Frank,Online,FREESHIP,0,REG100135,Cust 8963,44.75,2023-07-14,2023-07-23,Cameron,9,4,False,3,12.240000000000002,7,2023,14,4,28,2790.7200000000003,7,2023-07,3,2023,2023-07-14,9
2024-03-22,West,Laptop,13,290.93,Store C,Retail,Diana,Credit Card,FREESHIP,0,REG100136,Cust 9238,26.09,2024-03-22,2024-03-31,Wendy,9,4,False,1,14.546500000000002,3,2024,22,4,12,3592.9855,3,2024-03,1,2024,2024-03-22,9
2024-05-14,Central,Laptop,11,229.49,Store C,Retail,Bob,Cash,NULL,0,REG100137,Cust 1390,35.39,2024-05-14,2024-05-17,Cameron,3,1,False,2,22.949,5,2024,14,1,20,2271.9510000000005,5,2024-05,2,2024,2024-05-14,3
2023-05-30,Central,Monitor,2,427.36,Store A,Wholesale,Diana,Online,SAVE10,0,REG100138,Cust 8548,19.42,2023-05-30,2023-06-02,Cameron,3,1,False,2,21.368000000000002,5,2023,30,1,22,811.984,5,2023-05,2,2023,2023-05-30,3
2023-03-19,North,Phone,2,443.51,Store C,Wholesale,Alice,Cash,NULL,0,REG100139,Cust 2919,13.65,2023-03-19,2023-03-22,Ryan,3,6,True,1,22.1755,3,2023,19,6,11,842.669,3,2023-03,1,2023,2023-03-19,3
2023-08-09,Central,Desk,13,280.63,Store B,Wholesale,Alice,Credit Card,SAVE10,0,REG100140,Cust 5847,10.14,2023-08-09,2023-08-14,Cameron,5,2,False,3,42.0945,8,2023,9,2,32,3100.9615,8,2023-08,3,2023,2023-08-09,5
2024-10-13,North,Chair,13,416.66,Store B,Wholesale,Bob,Credit Card,WINTER15,0,REG100141,Cust 5711,21.74,2024-10-13,2024-10-20,Ryan,7,6,True,4,62.499,10,2024,13,6,41,4604.093,10,2024-10,4,2024,2024-10-13,7
2024-04-29,Central,Tablet,4,163.66,Store B,Retail,Bob,Gift Card,WINTER15,1,REG100144,Cust 9618,31.8,2024-04-29,2024-05-01,Cameron,2,0,False,2,0.0,4,2024,29,0,18,654.64,4,2024-04,2,2024,2024-04-29,2
2023-03-18,West,Laptop,19,484.25,Store C,Wholesale,Bob,Debit Card,FREESHIP,1,REG100145,Cust 5203,29.51,2023-03-18,2023-03-20,Wendy,2,5,True,1,72.6375,3,2023,18,5,11,7820.6375,3,2023-03,1,2023,2023-03-18,2
2024-12-21,North,Chair,9,380.4,Store B,Retail,Carlos,Credit Card,NULL,0,REG100146,Cust 1732,31.0,2024-12-21,2024-12-27,Ryan,6,5,True,4,38.04,12,2024,21,5,51,3081.24,12,2024-12,4,2024,2024-12-21,6
2023-04-23,West,Chair,17,332.38,Store A,Retail,Frank,Credit Card,SAVE10,1,REG100147,Cust 4734,33.81,2023-04-23,2023-05-02,Wendy,9,6,True,2,33.238,4,2023,23,6,16,5085.414,4,2023-04,2,2023,2023-04-23,9
2024-03-03,South,Phone,9,382.8,Store D,Wholesale,Eva,Cash,NULL,0,REG100149,Cust 9691,47.94,2024-03-03,2024-03-05,Sophie,2,6,True,1,0.0,3,2024,3,6,9,3445.2000000000003,3,2024-03,1,2024,2024-03-03,2
2024-11-08,South,Tablet,20,159.33,Store A,Wholesale,Eva,Online,FREESHIP,0,REG100154,Cust 4358,26.32,2024-11-08,2024-11-11,Sophie,3,4,False,4,0.0,11,2024,8,4,45,3186.6000000000004,11,2024-11,4,2024,2024-11-08,3
2024-03-17,South,Phone,18,32.23,Store B,Retail,Bob,Credit Card,FREESHIP,0,REG100155,Cust 3588,6.04,2024-03-17,2024-03-21,Sophie,4,6,True,1,1.6115,3,2024,17,6,11,551.1329999999999,3,2024-03,1,2024,2024-03-17,4
2023-08-29,South,Monitor,3,527.77,Store C,Retail,Bob,Cash,FREESHIP,0,REG100156,Cust 4539,48.66,2023-08-29,2023-09-01,Sophie,3,1,False,3,52.777,8,2023,29,1,35,1424.979,8,2023-08,3,2023,2023-08-29,3
2023-06-22,South,Chair,14,291.09,Store A,Retail,Carlos,Cash,NULL,0,REG100157,Cust 7067,39.98,2023-06-22,2023-06-30,Sophie,8,3,False,2,0.0,6,2023,22,3,25,4075.2599999999998,6,2023-06,2,2023,2023-06-22,8
2024-02-24,South,Phone,8,350.12,Store C,Retail,Alice,Gift Card,FREESHIP,1,REG100158,Cust 7720,31.65,2024-02-24,2024-03-01,Sophie,6,5,True,1,0.0,2,2024,24,5,8,2800.96,2,2024-02,1,2024,2024-02-24,6
2024-04-10,North,Phone,10,195.26,Store D,Retail,Alice,Credit Card,WINTER15,0,REG100159,Cust 5668,46.91,2024-04-10,2024-04-15,Ryan,5,2,False,2,9.763,4,2024,10,2,15,1854.9699999999998,4,2024-04,2,2024,2024-04-10,5
2023-05-14,South,Monitor,13,291.1,Store A,Wholesale,Alice,Online,FREESHIP,0,REG100160,Cust 8367,7.66,2023-05-14,2023-05-19,Sophie,5,6,True,2,0.0,5,2023,14,6,19,3784.3,5,2023-05,2,2023,2023-05-14,5
2023-03-11,South,Monitor,6,93.92,Store B,Wholesale,Eva,Credit Card,FREESHIP,0,REG100161,Cust 4438,11.0,2023-03-11,2023-03-18,Sophie,7,5,True,1,14.088,3,2023,11,5,10,478.99199999999996,3,2023-03,1,2023,2023-03-11,7
2024-08-24,Central,Printer,5,15.92,Store D,Retail,Eva,Credit Card,NULL,1,REG100162,Cust 3481,8.66,2024-08-24,2024-08-26,Cameron,2,5,True,3,0.0,8,2024,24,5,34,79.6,8,2024-08,3,2024,2024-08-24,2
2024-02-23,South,Monitor,16,120.22,Store D,Retail,Bob,Cash,SAVE10,0,REG100163,Cust 1489,8.42,2024-02-23,2024-03-01,Sophie,7,4,False,1,18.032999999999998,2,2024,23,4,8,1634.992,2,2024-02,1,2024,2024-02-23,7
2024-01-30,North,Monitor,11,118.8,Store A,Retail,Eva,Online,SAVE10,0,REG100164,Cust 6649,39.32,2024-01-30,2024-02-06,Ryan,7,1,False,1,5.94,1,2024,30,1,5,1241.4599999999998,1,2024-01,1,2024,2024-01-30,7
2024-01-23,East,Tablet,10,92.45,Store C,Wholesale,Frank,Cash,WINTER15,1,REG100165,Cust 6114,42.61,2024-01-23,2024-01-29,Eric,6,1,False,1,9.245000000000001,1,2024,23,1,4,832.0500000000001,1,2024-01,1,2024,2024-01-23,6
2023-01-05,North,Laptop,19,463.51,Store B,Retail,Bob,Cash,FREESHIP,0,REG100166,Cust 9589,49.38,2023-01-05,2023-01-08,Ryan,3,3,False,1,0.0,1,2023,5,3,1,8806.69,1,2023-01,1,2023,2023-01-05,3
2023-12-21,North,Desk,7,284.7,Store D,Wholesale,Bob,Gift Card,NULL,0,REG100167,Cust 8184,5.36,2023-12-21,2023-12-30,Ryan,9,3,False,4,14.235,12,2023,21,3,51,1893.2549999999999,12,2023-12,4,2023,2023-12-21,9
2023-05-25,West,Laptop,20,343.25,Store C,Wholesale,Alice,Debit Card,FREESHIP,0,REG100168,Cust 2490,28.77,2023-05-25,2023-06-02,Wendy,8,3,False,2,17.1625,5,2023,25,3,21,6521.75,5,2023-05,2,2023,2023-05-25,8
2024-01-03,West,Tablet,12,164.31,Store B,Wholesale,Eva,Cash,NULL,1,REG100171,Cust 3446,38.9,2024-01-03,2024-01-07,Wendy,4,2,False,1,16.431,1,2024,3,2,1,1774.548,1,2024-01,1,2024,2024-01-03,4
2023-02-03,South,Tablet,10,325.18,Store C,Wholesale,Alice,Cash,WINTER15,0,REG100172,Cust 4877,47.39,2023-02-03,2023-02-13,Sophie,10,4,False,1,32.518,2,2023,3,4,5,2926.6200000000003,2,2023-02,1,2023,2023-02-03,10
2024-03-01,East,Monitor,17,542.82,Store A,Wholesale,Alice,Debit Card,WINTER15,1,REG100173,Cust 9112,7.13,2024-03-01,2024-03-08,Eric,7,4,False,1,0.0,3,2024,1,4,9,9227.94,3,2024-03,1,2024,2024-03-01,7
2023-05-24,North,Tablet,14,207.48,Store C,Wholesale,Eva,Online,NULL,0,REG100174,Cust 8172,5.7,2023-05-24,2023-06-02,Ryan,9,2,False,2,10.374,5,2023,24,2,21,2759.4839999999995,5,2023-05,2,2023,2023-05-24,9
2023-04-10,North,Chair,11,71.21,Store B,Retail,Diana,Online,NULL,1,REG100176,Cust 3690,44.2,2023-04-10,2023-04-14,Ryan,4,0,False,2,3.5604999999999998,4,2023,10,0,15,744.1444999999999,4,2023-04,2,2023,2023-04-10,4
2024-07-11,East,Laptop,6,555.03,Store C,Retail,Frank,Credit Card,NULL,1,REG100178,Cust 5602,23.69,2024-07-11,2024-07-20,Eric,9,3,False,3,55.503,7,2024,11,3,28,2997.162,7,2024-07,3,2024,2024-07-11,9
2024-08-17,East,Desk,13,421.08,Store B,Wholesale,Bob,Cash,NULL,0,REG100179,Cust 5616,24.51,2024-08-17,2024-08-20,Eric,3,5,True,3,0.0,8,2024,17,5,33,5474.04,8,2024-08,3,2024,2024-08-17,3
2024-11-06,South,Printer,3,503.55,Store C,Wholesale,Bob,Credit Card,WINTER15,0,REG100181,Cust 6315,37.49,2024-11-06,2024-11-13,Sophie,7,2,False,4,50.355000000000004,11,2024,6,2,45,1359.585,11,2024-11,4,2024,2024-11-06,7
2024-07-01,West,Laptop,16,72.92,Store C,Wholesale,Frank,Cash,FREESHIP,0,REG100183,Cust 7182,5.7,2024-07-01,2024-07-06,Wendy,5,0,False,3,3.6460000000000004,7,2024,1,0,27,1108.384,7,2024-07,3,2024,2024-07-01,5
2023-12-09,West,Printer,18,421.93,Store D,Retail,Bob,Gift Card,WINTER15,0,REG100184,Cust 7901,23.42,2023-12-09,2023-12-18,Wendy,9,5,True,4,21.096500000000002,12,2023,9,5,49,7215.003,12,2023-12,4,2023,2023-12-09,9
2023-06-27,North,Desk,15,478.41,Store B,Retail,Carlos,Debit Card,FREESHIP,0,REG100185,Cust 1736,35.63,2023-06-27,2023-06-30,Ryan,3,1,False,2,47.84100000000001,6,2023,27,1,26,6458.535000000001,6,2023-06,2,2023,2023-06-27,3
2023-07-14,South,Chair,9,501.74,Store D,Retail,Bob,Online,SAVE10,1,REG100186,Cust 7795,39.74,2023-07-14,2023-07-17,Sophie,3,4,False,3,0.0,7,2023,14,4,28,4515.66,7,2023-07,3,2023,2023-07-14,3
2023-02-08,South,Tablet,7,247.53,Store C,Wholesale,Alice,Gift Card,FREESHIP,0,REG100187,Cust 2471,13.63,2023-02-08,2023-02-16,Sophie,8,2,False,1,37.1295,2,2023,8,2,6,1472.8035,2,2023-02,1,2023,2023-02-08,8
2024-06-28,West,Tablet,6,176.51,Store C,Wholesale,Carlos,Debit Card,FREESHIP,1,REG100188,Cust 3068,31.02,2024-06-28,2024-07-07,Wendy,9,4,False,2,26.476499999999998,6,2024,28,4,26,900.2009999999999,6,2024-06,2,2024,2024-06-28,9
2024-04-15,West,Laptop,2,143.43,Store D,Wholesale,Bob,Credit Card,NULL,0,REG100189,Cust 3848,36.94,2024-04-15,2024-04-22,Wendy,7,0,False,2,0.0,4,2024,15,0,16,286.86,4,2024-04,2,2024,2024-04-15,7
2023-11-27,East,Monitor,12,538.5,Store C,Wholesale,Alice,Cash,SAVE10,0,REG100190,Cust 7777,18.54,2023-11-27,2023-12-06,Eric,9,0,False,4,26.925,11,2023,27,0,48,6138.9,11,2023-11,4,2023,2023-11-27,9
2023-08-06,South,Monitor,7,498.32,Store B,Wholesale,Alice,Credit Card,WINTER15,1,REG100192,Cust 2326,27.65,2023-08-06,2023-08-10,Sophie,4,6,True,3,49.832,8,2023,6,6,31,3139.4159999999997,8,2023-08,3,2023,2023-08-06,4
2024-12-13,South,Printer,15,57.14,Store B,Wholesale,Carlos,Debit Card,FREESHIP,0,REG100193,Cust 8304,7.02,2024-12-13,2024-12-22,Sophie,9,4,False,4,8.571,12,2024,13,4,50,728.535,12,2024-12,4,2024,2024-12-13,9
2023-11-26,West,Desk,12,107.45,Store C,Retail,Bob,Online,FREESHIP,0,REG100195,Cust 8617,18.17,2023-11-26,2023-12-02,Wendy,6,6,True,4,10.745000000000001,11,2023,26,6,47,1160.46,11,2023-11,4,2023,2023-11-26,6
2023-02-14,East,Chair,8,411.26,Store A,Retail,Frank,Gift Card,WINTER15,0,REG100196,Cust 3530,28.57,2023-02-14,2023-02-18,Eric,4,1,False,1,41.126000000000005,2,2023,14,1,7,2961.072,2,2023-02,1,2023,2023-02-14,4
2023-04-11,West,Printer,3,486.52,Store B,Wholesale,Carlos,Gift Card,NULL,0,REG100198,Cust 5739,16.5,2023-04-11,2023-04-20,Wendy,9,1,False,2,48.652,4,2023,11,1,15,1313.604,4,2023-04,2,2023,2023-04-11,9
2024-07-08,North,Monitor,18,415.04,Store C,Wholesale,Eva,Cash,WINTER15,0,REG100199,Cust 9707,33.58,2024-07-08,2024-07-13,Ryan,5,0,False,3,41.504000000000005,7,2024,8,0,28,6723.648,7,2024-07,3,2024,2024-07-08,5
2023-02-08,Central,Printer,19,165.38,Store B,Wholesale,Alice,Online,NULL,0,REG100200,Cust 9288,25.2,2023-02-08,2023-02-14,Cameron,6,2,False,1,24.807,2,2023,8,2,6,2670.8869999999997,2,2023-02,1,2023,2023-02-08,6
2024-04-09,West,Desk,2,117.47,Store C,Wholesale,Eva,Credit Card,FREESHIP,0,REG100201,Cust 1216,6.58,2024-04-09,2024-04-16,Wendy,7,1,False,2,0.0,4,2024,9,1,15,234.94,4,2024-04,2,2024,2024-04-09,7
2023-08-14,Central,Printer,9,461.79,Store C,Wholesale,Frank,Gift Card,NULL,0,REG100202,Cust 2489,47.81,2023-08-14,2023-08-18,Cameron,4,0,False,3,69.2685,8,2023,14,0,33,3532.6935000000003,8,2023-08,3,2023,2023-08-14,4
2024-09-02,West,Tablet,19,208.72,Store D,Retail,Frank,Credit Card,FREESHIP,0,REG100203,Cust 7171,38.41,2024-09-02,2024-09-06,Wendy,4,0,False,3,10.436,9,2024,2,0,36,3767.3959999999997,9,2024-09,3,2024,2024-09-02,4
2023-04-27,Central,Tablet,8,536.43,Store B,Retail,Carlos,Cash,NULL,1,REG100206,Cust 8171,14.58,2023-04-27,2023-05-07,Cameron,10,3,False,2,0.0,4,2023,27,3,17,4291.44,4,2023-04,2,2023,2023-04-27,10
2024-08-07,East,Phone,1,94.33,Store A,Wholesale,Carlos,Online,NULL,0,REG100207,Cust 2004,49.17,2024-08-07,2024-08-17,Eric,10,2,False,3,0.0,8,2024,7,2,32,94.33,8,2024-08,3,2024,2024-08-07,10
2023-04-15,West,Laptop,16,489.94,Store C,Retail,Frank,Cash,SAVE10,0,REG100208,Cust 4214,9.69,2023-04-15,2023-04-25,Wendy,10,5,True,2,48.994,4,2023,15,5,15,7055.136,4,2023-04,2,2023,2023-04-15,10
2023-08-12,South,Desk,4,551.71,Store A,Retail,Eva,Gift Card,NULL,1,REG100209,Cust 9837,26.32,2023-08-12,2023-08-15,Sophie,3,5,True,3,27.585500000000003,8,2023,12,5,32,2096.498,8,2023-08,3,2023,2023-08-12,3
2023-06-19,West,Printer,17,595.57,Store D,Retail,Bob,Credit Card,WINTER15,0,REG100210,Cust 2082,9.73,2023-06-19,2023-06-28,Wendy,9,0,False,2,89.33550000000001,6,2023,19,0,25,8605.9865,6,2023-06,2,2023,2023-06-19,9
2023-12-29,East,Printer,1,180.12,Store A,Wholesale,Eva,Debit Card,NULL,0,REG100211,Cust 3001,27.07,2023-12-29,2024-01-07,Eric,9,4,False,4,18.012,12,2023,29,4,52,162.108,12,2023-12,4,2023,2023-12-29,9
2023-03-26,East,Desk,12,301.5,Store D,Retail,Bob,Credit Card,FREESHIP,1,REG100212,Cust 6161,43.67,2023-03-26,2023-03-30,Eric,4,6,True,1,45.225,3,2023,26,6,12,3075.2999999999997,3,2023-03,1,2023,2023-03-26,4
2023-09-01,South,Phone,20,273.55,Store D,Retail,Frank,Debit Card,NULL,0,REG100213,Cust 5220,14.76,2023-09-01,2023-09-07,Sophie,6,4,False,3,41.0325,9,2023,1,4,35,4650.349999999999,9,2023-09,3,2023,2023-09-01,6
2024-08-05,West,Tablet,6,187.06,Store B,Wholesale,Frank,Debit Card,FREESHIP,0,REG100214,Cust 3386,11.03,2024-08-05,2024-08-13,Wendy,8,0,False,3,18.706,8,2024,5,0,32,1010.1240000000001,8,2024-08,3,2024,2024-08-05,8
2023-05-16,East,Tablet,4,85.16,Store D,Wholesale,Carlos,Credit Card,NULL,0,REG100216,Cust 3434,38.51,2023-05-16,2023-05-23,Eric,7,1,False,2,8.516,5,2023,16,1,20,306.576,5,2023-05,2,2023,2023-05-16,7
2023-02-14,North,Tablet,12,451.51,Store B,Wholesale,Carlos,Online,WINTER15,0,REG100217,Cust 1501,9.54,2023-02-14,2023-02-22,Ryan,8,1,False,1,67.7265,2,2023,14,1,7,4605.402,2,2023-02,1,2023,2023-02-14,8
2024-06-03,Central,Tablet,1,259.87,Store D,Retail,Eva,Gift Card,FREESHIP,0,REG100218,Cust 9683,19.2,2024-06-03,2024-06-12,Cameron,9,0,False,2,38.9805,6,2024,3,0,23,220.8895,6,2024-06,2,2024,2024-06-03,9
2023-11-08,Central,Tablet,20,268.25,Store D,Retail,Diana,Cash,FREESHIP,0,REG100219,Cust 5416,20.96,2023-11-08,2023-11-15,Cameron,7,2,False,4,13.412500000000001,11,2023,8,2,45,5096.75,11,2023-11,4,2023,2023-11-08,7
2023-01-24,West,Phone,10,266.13,Store B,Wholesale,Diana,Gift Card,WINTER15,0,REG100220,Cust 2153,21.01,2023-01-24,2023-01-26,Wendy,2,1,False,1,0.0,1,2023,24,1,4,2661.3,1,2023-01,1,2023,2023-01-24,2
2024-02-22,West,Monitor,4,36.82,Store C,Wholesale,Frank,Credit Card,WINTER15,1,REG100222,Cust 6372,24.86,2024-02-22,2024-03-01,Wendy,8,3,False,1,1.8410000000000002,2,2024,22,3,8,139.916,2,2024-02,1,2024,2024-02-22,8
2023-05-13,East,Laptop,7,82.77,Store D,Wholesale,Frank,Debit Card,SAVE10,1,REG100225,Cust 5530,15.66,2023-05-13,2023-05-17,Eric,4,5,True,2,12.4155,5,2023,13,5,19,492.4815,5,2023-05,2,2023,2023-05-13,4
2023-03-25,South,Desk,17,339.88,Store A,Retail,Alice,Cash,NULL,0,REG100226,Cust 5398,44.86,2023-03-25,2023-03-28,Sophie,3,5,True,1,0.0,3,2023,25,5,12,5777.96,3,2023-03,1,2023,2023-03-25,3
2024-11-22,South,Printer,19,364.32,Store B,Retail,Frank,Debit Card,NULL,1,REG100227,Cust 3247,39.76,2024-11-22,2024-11-25,Sophie,3,4,False,4,54.647999999999996,11,2024,22,4,47,5883.768,11,2024-11,4,2024,2024-11-22,3
2023-07-07,East,Tablet,3,71.91,Store B,Wholesale,Alice,Gift Card,WINTER15,1,REG100228,Cust 7137,46.25,2023-07-07,2023-07-17,Eric,10,4,False,3,0.0,7,2023,7,4,27,215.73,7,2023-07,3,2023,2023-07-07,10
2024-10-05,East,Tablet,20,576.3,Store D,Wholesale,Eva,Credit Card,NULL,0,REG100229,Cust 4627,25.22,2024-10-05,2024-10-09,Eric,4,5,True,4,28.814999999999998,10,2024,5,5,40,10949.699999999999,10,2024-10,4,2024,2024-10-05,4
2024-03-31,West,Laptop,7,120.6,Store B,Wholesale,Diana,Online,WINTER15,0,REG100230,Cust 4878,43.8,2024-03-31,2024-04-08,Wendy,8,6,True,1,0.0,3,2024,31,6,13,844.1999999999999,3,2024-03,1,2024,2024-03-31,8
2023-08-23,West,Printer,14,471.17,Store A,Wholesale,Carlos,Gift Card,FREESHIP,0,REG100232,Cust 8606,26.38,2023-08-23,2023-08-26,Wendy,3,2,False,3,23.558500000000002,8,2023,23,2,34,6266.561,8,2023-08,3,2023,2023-08-23,3
2024-08-14,South,Phone,20,14.33,Store D,Wholesale,Carlos,Debit Card,NULL,0,REG100233,Cust 9599,6.22,2024-08-14,2024-08-21,Sophie,7,2,False,3,1.433,8,2024,14,2,33,257.94000000000005,8,2024-08,3,2024,2024-08-14,7
2023-11-11,West,Monitor,14,16.33,Store B,Wholesale,Diana,Debit Card,WINTER15,0,REG100235,Cust 4173,22.72,2023-11-11,2023-11-16,Wendy,5,5,True,4,1.633,11,2023,11,5,45,205.75799999999998,11,2023-11,4,2023,2023-11-11,5
2024-04-01,Central,Desk,17,480.62,Store C,Wholesale,Carlos,Online,FREESHIP,0,REG100236,Cust 7607,37.09,2024-04-01,2024-04-09,Cameron,8,0,False,2,72.093,4,2024,1,0,14,6944.959,4,2024-04,2,2024,2024-04-01,8
2024-06-13,South,Chair,5,555.84,Store C,Retail,Diana,Credit Card,NULL,0,REG100237,Cust 4768,29.4,2024-06-13,2024-06-20,Sophie,7,3,False,2,27.792,6,2024,13,3,24,2640.2400000000002,6,2024-06,2,2024,2024-06-13,7
2023-11-28,North,Chair,18,174.03,Store B,Wholesale,Frank,Online,SAVE10,0,REG100238,Cust 5746,32.19,2023-11-28,2023-12-03,Ryan,5,1,False,4,17.403000000000002,11,2023,28,1,48,2819.286,11,2023-11,4,2023,2023-11-28,5
2024-11-11,Central,Desk,11,286.05,Store A,Retail,Bob,Debit Card,NULL,1,REG100239,Cust 3002,8.59,2024-11-11,2024-11-16,Cameron,5,0,False,4,28.605000000000004,11,2024,11,0,46,2831.8950000000004,11,2024-11,4,2024,2024-11-11,5
2024-11-04,North,Desk,16,40.73,Store D,Retail,Alice,Credit Card,NULL,0,REG100240,Cust 3237,24.72,2024-11-04,2024-11-08,Ryan,4,0,False,4,0.0,11,2024,4,0,45,651.68,11,2024-11,4,2024,2024-11-04,4
2023-01-01,Central,Chair,11,468.22,Store D,Retail,Carlos,Debit Card,WINTER15,0,REG100241,Cust 6437,19.92,2023-01-01,2023-01-11,Cameron,10,6,True,1,0.0,1,2023,1,6,52,5150.42,1,2023-01,1,2023,2023-01-01,10
2023-05-02,Central,Printer,13,134.2,Store A,Wholesale,Eva,Credit Card,WINTER15,0,REG100243,Cust 8678,9.6,2023-05-02,2023-05-10,Cameron,8,1,False,2,6.71,5,2023,2,1,18,1657.37,5,2023-05,2,2023,2023-05-02,8
2024-12-27,South,Monitor,14,551.14,Store C,Wholesale,Diana,Online,FREESHIP,1,REG100245,Cust 1960,12.35,2024-12-27,2025-01-05,Sophie,9,4,False,4,55.114000000000004,12,2024,27,4,52,6944.3640000000005,12,2024-12,4,2024,2024-12-27,9
2024-03-24,East,Laptop,6,595.11,Store C,Wholesale,Diana,Cash,SAVE10,1,REG100247,Cust 4944,28.92,2024-03-24,2024-03-31,Eric,7,6,True,1,0.0,3,2024,24,6,12,3570.66,3,2024-03,1,2024,2024-03-24,7
2024-12-26,East,Laptop,6,516.66,Store C,Wholesale,Bob,Online,NULL,1,REG100248,Cust 9618,5.15,2024-12-26,2025-01-03,Eric,8,3,False,4,25.833,12,2024,26,3,52,2944.962,12,2024-12,4,2024,2024-12-26,8
2023-01-11,North,Desk,6,202.57,Store D,Retail,Eva,Gift Card,FREESHIP,0,REG100249,Cust 2279,24.39,2023-01-11,2023-01-14,Ryan,3,2,False,1,10.1285,1,2023,11,2,2,1154.6490000000001,1,2023-01,1,2023,2023-01-11,3
2024-09-26,East,Desk,11,472.74,Store D,Retail,Carlos,Credit Card,NULL,1,REG100251,Cust 7381,16.8,2024-09-26,2024-10-01,Eric,5,3,False,3,70.911,9,2024,26,3,39,4420.119000000001,9,2024-09,3,2024,2024-09-26,5
2024-08-10,East,Phone,20,337.37,Store C,Retail,Diana,Gift Card,NULL,0,REG100252,Cust 2724,43.17,2024-08-10,2024-08-17,Eric,7,5,True,3,33.737,8,2024,10,5,32,6072.66,8,2024-08,3,2024,2024-08-10,7
2023-02-21,East,Tablet,4,477.05,Store B,Wholesale,Carlos,Credit Card,WINTER15,0,REG100254,Cust 9402,45.54,2023-02-21,2023-03-02,Eric,9,1,False,1,0.0,2,2023,21,1,8,1908.2,2,2023-02,1,2023,2023-02-21,9
2024-11-20,East,Laptop,6,562.93,Store C,Retail,Alice,Credit Card,WINTER15,0,REG100255,Cust 6561,43.73,2024-11-20,2024-11-27,Eric,7,2,False,4,0.0,11,2024,20,2,47,3377.58,11,2024-11,4,2024,2024-11-20,7
2023-08-26,East,Chair,20,18.29,Store B,Retail,Diana,Debit Card,FREESHIP,1,REG100256,Cust 3116,35.37,2023-08-26,2023-08-29,Eric,3,5,True,3,0.0,8,2023,26,5,34,365.79999999999995,8,2023-08,3,2023,2023-08-26,3
2024-01-01,South,Monitor,7,208.86,Store B,Retail,Frank,Cash,FREESHIP,0,REG100257,Cust 1015,20.64,2024-01-01,2024-01-08,Sophie,7,0,False,1,0.0,1,2024,1,0,1,1462.02,1,2024-01,1,2024,2024-01-01,7
2024-11-24,South,Printer,12,330.36,Store D,Retail,Diana,Cash,WINTER15,0,REG100258,Cust 1207,48.33,2024-11-24,2024-11-30,Sophie,6,6,True,4,16.518,11,2024,24,6,47,3766.104,11,2024-11,4,2024,2024-11-24,6
2024-08-25,South,Tablet,7,50.26,Store C,Retail,Diana,Cash,NULL,0,REG100259,Cust 2501,17.12,2024-08-25,2024-09-01,Sophie,7,6,True,3,7.539,8,2024,25,6,34,299.04699999999997,8,2024-08,3,2024,2024-08-25,7
2023-06-10,South,Laptop,2,374.59,Store C,Wholesale,Carlos,Online,SAVE10,0,REG100260,Cust 2330,34.64,2023-06-10,2023-06-18,Sophie,8,5,True,2,56.1885,6,2023,10,5,23,636.803,6,2023-06,2,2023,2023-06-10,8
2024-12-18,North,Printer,7,467.6,Store A,Retail,Carlos,Debit Card,NULL,0,REG100261,Cust 7436,15.64,2024-12-18,2024-12-26,Ryan,8,2,False,4,46.760000000000005,12,2024,18,2,51,2945.88,12,2024-12,4,2024,2024-12-18,8
2023-08-28,East,Chair,3,376.24,Store A,Retail,Frank,Debit Card,FREESHIP,1,REG100262,Cust 2762,6.15,2023-08-28,2023-09-01,Eric,4,0,False,3,18.812,8,2023,28,0,35,1072.2839999999999,8,2023-08,3,2023,2023-08-28,4
2023-01-22,West,Phone,13,140.49,Store A,Retail,Eva,Debit Card,SAVE10,0,REG100263,Cust 3599,17.69,2023-01-22,2023-01-31,Wendy,9,6,True,1,0.0,1,2023,22,6,3,1826.3700000000001,1,2023-01,1,2023,2023-01-22,9
2023-02-07,North,Monitor,3,506.33,Store B,Retail,Frank,Debit Card,FREESHIP,0,REG100264,Cust 4127,25.71,2023-02-07,2023-02-14,Ryan,7,1,False,1,75.9495,2,2023,7,1,6,1291.1415,2,2023-02,1,2023,2023-02-07,7
2023-11-22,South,Monitor,8,138.73,Store A,Wholesale,Frank,Online,WINTER15,1,REG100265,Cust 6855,48.51,2023-11-22,2023-11-29,Sophie,7,2,False,4,6.9365,11,2023,22,2,47,1054.348,11,2023-11,4,2023,2023-11-22,7
2023-01-25,West,Desk,6,134.53,Store C,Retail,Carlos,Debit Card,FREESHIP,1,REG100266,Cust 7017,33.5,2023-01-25,2023-01-29,Wendy,4,2,False,1,20.1795,1,2023,25,2,4,686.1030000000001,1,2023-01,1,2023,2023-01-25,4
2023-02-02,North,Printer,10,538.47,Store D,Retail,Bob,Gift Card,WINTER15,1,REG100268,Cust 9822,17.25,2023-02-02,2023-02-12,Ryan,10,3,False,1,53.84700000000001,2,2023,2,3,5,4846.2300000000005,2,2023-02,1,2023,2023-02-02,10
2023-05-24,North,Tablet,15,505.44,Store A,Wholesale,Alice,Online,SAVE10,0,REG100269,Cust 7425,37.5,2023-05-24,2023-06-01,Ryan,8,2,False,2,50.544000000000004,5,2023,24,2,21,6823.4400000000005,5,2023-05,2,2023,2023-05-24,8
2024-05-30,South,Printer,4,312.09,Store C,Wholesale,Diana,Debit Card,SAVE10,1,REG100270,Cust 6468,17.99,2024-05-30,2024-06-06,Sophie,7,3,False,2,46.8135,5,2024,30,3,22,1061.106,5,2024-05,2,2024,2024-05-30,7
2024-01-23,West,Desk,15,579.58,Store C,Retail,Eva,Credit Card,NULL,0,REG100271,Cust 8897,31.22,2024-01-23,2024-01-31,Wendy,8,1,False,1,86.937,1,2024,23,1,4,7389.645,1,2024-01,1,2024,2024-01-23,8
2023-02-06,North,Chair,10,217.43,Store A,Retail,Bob,Credit Card,FREESHIP,0,REG100272,Cust 9816,33.14,2023-02-06,2023-02-15,Ryan,9,0,False,1,32.6145,2,2023,6,0,6,1848.1550000000002,2,2023-02,1,2023,2023-02-06,9
2024-07-15,West,Phone,15,476.15,Store B,Wholesale,Carlos,Online,SAVE10,0,REG100273,Cust 8227,24.48,2024-07-15,2024-07-19,Wendy,4,0,False,3,23.8075,7,2024,15,0,29,6785.1375,7,2024-07,3,2024,2024-07-15,4
2023-07-29,Central,Phone,17,6.88,Store A,Retail,Frank,Gift Card,NULL,0,REG100275,Cust 5834,42.37,2023-07-29,2023-08-08,Cameron,10,5,True,3,0.6880000000000001,7,2023,29,5,30,105.264,7,2023-07,3,2023,2023-07-29,10
2023-07-26,North,Printer,6,355.26,Store D,Retail,Bob,Online,WINTER15,0,REG100276,Cust 7330,30.49,2023-07-26,2023-07-29,Ryan,3,2,False,3,35.526,7,2023,26,2,30,1918.404,7,2023-07,3,2023,2023-07-26,3
2024-04-10,West,Tablet,8,294.76,Store C,Retail,Diana,Online,SAVE10,0,REG100277,Cust 5273,36.04,2024-04-10,2024-04-13,Wendy,3,2,False,2,29.476,4,2024,10,2,15,2122.272,4,2024-04,2,2024,2024-04-10,3
2023-09-14,North,Printer,10,230.87,Store A,Retail,Bob,Debit Card,SAVE10,0,REG100281,Cust 5234,28.33,2023-09-14,2023-09-19,Ryan,5,3,False,3,34.6305,9,2023,14,3,37,1962.3949999999998,9,2023-09,3,2023,2023-09-14,5
2024-04-17,West,Tablet,7,353.9,Store C,Wholesale,Alice,Debit Card,SAVE10,1,REG100282,Cust 3051,15.74,2024-04-17,2024-04-27,Wendy,10,2,False,2,53.084999999999994,4,2024,17,2,16,2105.705,4,2024-04,2,2024,2024-04-17,10
2024-11-14,Central,Tablet,12,561.07,Store A,Retail,Alice,Gift Card,NULL,0,REG100283,Cust 5456,35.02,2024-11-14,2024-11-18,Cameron,4,3,False,4,0.0,11,2024,14,3,46,6732.84,11,2024-11,4,2024,2024-11-14,4
2024-07-25,North,Chair,15,247.21,Store D,Wholesale,Bob,Gift Card,NULL,0,REG100284,Cust 6029,45.42,2024-07-25,2024-07-27,Ryan,2,3,False,3,24.721000000000004,7,2024,25,3,30,3337.335,7,2024-07,3,2024,2024-07-25,2
2024-08-05,East,Phone,19,271.22,Store A,Wholesale,Alice,Credit Card,WINTER15,0,REG100285,Cust 4002,35.33,2024-08-05,2024-08-15,Eric,10,0,False,3,27.122000000000003,8,2024,5,0,32,4637.862,8,2024-08,3,2024,2024-08-05,10
2024-09-20,South,Phone,6,170.1,Store A,Retail,Eva,Gift Card,FREESHIP,0,REG100288,Cust 6455,38.61,2024-09-20,2024-09-23,Sophie,3,4,False,3,0.0,9,2024,20,4,38,1020.5999999999999,9,2024-09,3,2024,2024-09-20,3
2023-09-08,West,Laptop,19,212.83,Store D,Wholesale,Carlos,Online,WINTER15,0,REG100289,Cust 4117,42.88,2023-09-08,2023-09-15,Wendy,7,4,False,3,31.924500000000002,9,2023,8,4,36,3437.2045000000003,9,2023-09,3,2023,2023-09-08,7
2024-06-20,North,Phone,3,456.92,Store C,Retail,Frank,Gift Card,FREESHIP,0,REG100291,Cust 5185,17.57,2024-06-20,2024-06-27,Ryan,7,3,False,2,45.69200000000001,6,2024,20,3,25,1233.684,6,2024-06,2,2024,2024-06-20,7
2023-01-11,East,Tablet,12,521.53,Store D,Retail,Eva,Credit Card,SAVE10,1,REG100292,Cust 8704,49.59,2023-01-11,2023-01-20,Eric,9,2,False,1,0.0,1,2023,11,2,2,6258.36,1,2023-01,1,2023,2023-01-11,9
2023-07-04,North,Desk,17,468.19,Store D,Retail,Diana,Cash,NULL,0,REG100293,Cust 3528,13.84,2023-07-04,2023-07-07,Ryan,3,1,False,3,23.4095,7,2023,4,1,27,7561.268499999999,7,2023-07,3,2023,2023-07-04,3
2023-11-09,East,Printer,3,142.27,Store D,Retail,Bob,Online,SAVE10,0,REG100297,Cust 2122,32.8,2023-11-09,2023-11-15,Eric,6,3,False,4,7.113500000000001,11,2023,9,3,45,405.46950000000004,11,2023-11,4,2023,2023-11-09,6
2023-11-30,Central,Printer,15,354.09,Store B,Retail,Carlos,Online,NULL,1,REG100298,Cust 4467,25.3,2023-11-30,2023-12-08,Cameron,8,3,False,4,17.7045,11,2023,30,3,48,5045.782499999999,11,2023-11,4,2023,2023-11-30,8
2024-08-15,South,Tablet,20,358.57,Store B,Wholesale,Alice,Debit Card,FREESHIP,1,REG100299,Cust 6146,21.11,2024-08-15,2024-08-20,Sophie,5,3,False,3,0.0,8,2024,15,3,33,7171.4,8,2024-08,3,2024,2024-08-15,5
2023-03-21,West,Tablet,16,33.18,Store C,Retail,Eva,Online,SAVE10,0,REG100300,Cust 4001,22.94,2023-03-21,2023-03-26,Wendy,5,1,False,1,1.659,3,2023,21,1,12,504.33599999999996,3,2023-03,1,2023,2023-03-21,5
2023-10-26,West,Monitor,2,124.4,Store B,Retail,Eva,Online,NULL,0,REG100301,Cust 3365,37.05,2023-10-26,2023-10-31,Wendy,5,3,False,4,0.0,10,2023,26,3,43,248.8,10,2023-10,4,2023,2023-10-26,5
2023-11-03,West,Phone,12,17.76,Store D,Retail,Carlos,Online,FREESHIP,0,REG100302,Cust 2194,12.18,2023-11-03,2023-11-11,Wendy,8,4,False,4,1.7760000000000002,11,2023,3,4,44,191.80800000000002,11,2023-11,4,2023,2023-11-03,8
2024-01-25,West,Laptop,13,453.48,Store A,Wholesale,Alice,Gift Card,SAVE10,0,REG100304,Cust 8451,46.28,2024-01-25,2024-02-03,Wendy,9,3,False,1,22.674000000000003,1,2024,25,3,4,5600.477999999999,1,2024-01,1,2024,2024-01-25,9
2024-11-02,Central,Chair,16,89.76,Store A,Wholesale,Alice,Debit Card,WINTER15,1,REG100306,Cust 2529,44.69,2024-11-02,2024-11-09,Cameron,7,5,True,4,0.0,11,2024,2,5,44,1436.16,11,2024-11,4,2024,2024-11-02,7
2024-06-30,Central,Chair,11,535.37,Store D,Wholesale,Frank,Cash,NULL,0,REG100307,Cust 7057,35.96,2024-06-30,2024-07-09,Cameron,9,6,True,2,0.0,6,2024,30,6,26,5889.07,6,2024-06,2,2024,2024-06-30,9
2023-01-11,South,Tablet,9,15.58,Store D,Retail,Frank,Gift Card,FREESHIP,1,REG100308,Cust 9069,27.81,2023-01-11,2023-01-19,Sophie,8,2,False,1,1.558,1,2023,11,2,2,126.19800000000001,1,2023-01,1,2023,2023-01-11,8
2024-03-21,North,Monitor,16,593.0,Store D,Retail,Eva,Gift Card,SAVE10,0,REG100310,Cust 2712,18.77,2024-03-21,2024-03-24,Ryan,3,3,False,1,59.300000000000004,3,2024,21,3,12,8539.2,3,2024-03,1,2024,2024-03-21,3
2023-08-31,South,Desk,6,567.36,Store C,Wholesale,Alice,Gift Card,WINTER15,0,REG100311,Cust 7052,45.98,2023-08-31,2023-09-08,Sophie,8,3,False,3,28.368000000000002,8,2023,31,3,35,3233.9519999999998,8,2023-08,3,2023,2023-08-31,8
2024-10-07,South,Phone,17,523.04,Store A,Retail,Eva,Debit Card,FREESHIP,0,REG100312,Cust 9397,37.38,2024-10-07,2024-10-17,Sophie,10,0,False,4,26.152,10,2024,7,0,41,8447.096,10,2024-10,4,2024,2024-10-07,10
2023-04-12,North,Laptop,17,376.4,Store C,Wholesale,Alice,Debit Card,FREESHIP,0,REG100313,Cust 4614,33.38,2023-04-12,2023-04-15,Ryan,3,2,False,2,0.0,4,2023,12,2,15,6398.799999999999,4,2023-04,2,2023,2023-04-12,3
2023-11-06,South,Printer,5,95.19,Store A,Retail,Frank,Credit Card,WINTER15,0,REG100314,Cust 1573,48.55,2023-11-06,2023-11-16,Sophie,10,0,False,4,14.2785,11,2023,6,0,45,404.5575,11,2023-11,4,2023,2023-11-06,10
2023-04-28,West,Desk,2,210.71,Store D,Wholesale,Diana,Credit Card,SAVE10,0,REG100315,Cust 5660,7.78,2023-04-28,2023-05-08,Wendy,10,4,False,2,31.6065,4,2023,28,4,17,358.207,4,2023-04,2,2023,2023-04-28,10
2023-12-18,West,Printer,7,393.39,Store B,Retail,Alice,Cash,SAVE10,0,REG100316,Cust 3952,34.35,2023-12-18,2023-12-21,Wendy,3,0,False,4,39.339,12,2023,18,0,51,2478.357,12,2023-12,4,2023,2023-12-18,3
2024-10-10,South,Phone,13,114.03,Store A,Retail,Bob,Cash,NULL,0,REG100317,Cust 5407,43.81,2024-10-10,2024-10-16,Sophie,6,3,False,4,0.0,10,2024,10,3,41,1482.39,10,2024-10,4,2024,2024-10-10,6
2023-02-05,North,Tablet,18,336.48,Store B,Retail,Frank,Online,WINTER15,0,REG100318,Cust 9595,18.59,2023-02-05,2023-02-07,Ryan,2,6,True,1,0.0,2,2023,5,6,5,6056.64,2,2023-02,1,2023,2023-02-05,2
2024-08-04,Central,Monitor,9,24.44,Store C,Wholesale,Eva,Gift Card,SAVE10,1,REG100319,Cust 3245,22.06,2024-08-04,2024-08-14,Cameron,10,6,True,3,3.666,8,2024,4,6,31,186.966,8,2024-08,3,2024,2024-08-04,10
2024-10-23,Central,Tablet,12,352.2,Store A,Retail,Eva,Credit Card,WINTER15,0,REG100320,Cust 7180,18.39,2024-10-23,2024-11-01,Cameron,9,2,False,4,17.61,10,2024,23,2,43,4015.0799999999995,10,2024-10,4,2024,2024-10-23,9
2024-02-13,West,Monitor,7,353.99,Store C,Wholesale,Carlos,Gift Card,FREESHIP,0,REG100321,Cust 5973,5.93,2024-02-13,2024-02-20,Wendy,7,1,False,1,17.6995,2,2024,13,1,7,2354.0335,2,2024-02,1,2024,2024-02-13,7
2024-06-03,South,Tablet,15,10.22,Store C,Retail,Alice,Gift Card,FREESHIP,0,REG100322,Cust 4310,36.27,2024-06-03,2024-06-07,Sophie,4,0,False,2,0.0,6,2024,3,0,23,153.3,6,2024-06,2,2024,2024-06-03,4
2023-04-14,South,Printer,17,464.16,Store A,Retail,Carlos,Debit Card,FREESHIP,1,REG100323,Cust 6243,46.83,2023-04-14,2023-04-18,Sophie,4,4,False,2,69.624,4,2023,14,4,15,6707.112,4,2023-04,2,2023,2023-04-14,4
2024-10-19,Central,Laptop,16,436.31,Store C,Retail,Diana,Online,NULL,0,REG100324,Cust 2448,47.61,2024-10-19,2024-10-23,Cameron,4,5,True,4,21.8155,10,2024,19,5,42,6631.911999999999,10,2024-10,4,2024,2024-10-19,4
2023-12-18,South,Laptop,9,219.93,Store B,Wholesale,Bob,Gift Card,FREESHIP,0,REG100325,Cust 9386,44.78,2023-12-18,2023-12-22,Sophie,4,0,False,4,10.996500000000001,12,2023,18,0,51,1880.4015,12,2023-12,4,2023,2023-12-18,4
2023-08-31,North,Laptop,5,311.22,Store A,Wholesale,Diana,Cash,FREESHIP,0,REG100326,Cust 2227,36.98,2023-08-31,2023-09-06,Ryan,6,3,False,3,46.683,8,2023,31,3,35,1322.6850000000002,8,2023-08,3,2023,2023-08-31,6
2023-09-19,South,Laptop,4,547.56,Store D,Retail,Frank,Gift Card,NULL,0,REG100327,Cust 3803,25.88,2023-09-19,2023-09-26,Sophie,7,1,False,3,82.13399999999999,9,2023,19,1,38,1861.7039999999997,9,2023-09,3,2023,2023-09-19,7
2023-02-27,Central,Laptop,9,52.69,Store D,Retail,Diana,Online,SAVE10,0,REG100328,Cust 1236,14.59,2023-02-27,2023-03-04,Cameron,5,0,False,1,7.903499999999999,2,2023,27,0,9,403.07849999999996,2,2023-02,1,2023,2023-02-27,5
2024-01-28,South,Tablet,9,434.74,Store D,Wholesale,Bob,Online,SAVE10,0,REG100329,Cust 2669,20.11,2024-01-28,2024-01-31,Sophie,3,6,True,1,43.474000000000004,1,2024,28,6,4,3521.394,1,2024-01,1,2024,2024-01-28,3
2024-09-13,East,Monitor,2,375.48,Store D,Retail,Diana,Credit Card,FREESHIP,0,REG100331,Cust 9694,26.39,2024-09-13,2024-09-15,Eric,2,4,False,3,18.774,9,2024,13,4,37,713.412,9,2024-09,3,2024,2024-09-13,2
2023-05-25,East,Printer,13,211.06,Store B,Retail,Bob,Gift Card,NULL,1,REG100332,Cust 4993,19.58,2023-05-25,2023-05-29,Eric,4,3,False,2,21.106,5,2023,25,3,21,2469.402,5,2023-05,2,2023,2023-05-25,4
2024-09-26,South,Tablet,7,88.87,Store C,Retail,Alice,Online,SAVE10,0,REG100333,Cust 1271,8.36,2024-09-26,2024-10-01,Sophie,5,3,False,3,0.0,9,2024,26,3,39,622.09,9,2024-09,3,2024,2024-09-26,5
2023-02-13,South,Phone,5,254.24,Store B,Wholesale,Bob,Online,NULL,0,REG100334,Cust 3042,9.97,2023-02-13,2023-02-18,Sophie,5,0,False,1,12.712000000000002,2,2023,13,0,7,1207.64,2,2023-02,1,2023,2023-02-13,5
2024-06-20,Central,Chair,5,432.35,Store C,Wholesale,Bob,Gift Card,NULL,1,REG100335,Cust 6424,41.48,2024-06-20,2024-06-27,Cameron,7,3,False,2,43.23500000000001,6,2024,20,3,25,1945.575,6,2024-06,2,2024,2024-06-20,7
2024-03-22,West,Laptop,19,590.0,Store D,Retail,Alice,Online,FREESHIP,0,REG100336,Cust 1422,5.91,2024-03-22,2024-03-25,Wendy,3,4,False,1,29.5,3,2024,22,4,12,10649.5,3,2024-03,1,2024,2024-03-22,3
2024-02-08,West,Monitor,11,151.25,Store B,Wholesale,Frank,Credit Card,NULL,1,REG100337,Cust 5857,22.65,2024-02-08,2024-02-11,Wendy,3,3,False,1,15.125,2,2024,8,3,6,1497.375,2,2024-02,1,2024,2024-02-08,3
2024-06-01,East,Desk,3,204.79,Store B,Retail,Frank,Online,FREESHIP,1,REG100338,Cust 6953,7.72,2024-06-01,2024-06-04,Eric,3,5,True,2,20.479,6,2024,1,5,22,552.933,6,2024-06,2,2024,2024-06-01,3
2024-05-26,North,Laptop,16,586.52,Store C,Wholesale,Diana,Credit Card,WINTER15,1,REG100339,Cust 2916,17.06,2024-05-26,2024-06-01,Ryan,6,6,True,2,0.0,5,2024,26,6,21,9384.32,5,2024-05,2,2024,2024-05-26,6
2024-06-25,East,Printer,16,104.83,Store A,Wholesale,Carlos,Gift Card,FREESHIP,0,REG100340,Cust 6855,33.99,2024-06-25,2024-06-30,Eric,5,1,False,2,0.0,6,2024,25,1,26,1677.28,6,2024-06,2,2024,2024-06-25,5
2024-01-29,Central,Printer,16,598.48,Store A,Retail,Frank,Cash,NULL,0,REG100341,Cust 8464,47.86,2024-01-29,2024-02-07,Cameron,9,0,False,1,59.848000000000006,1,2024,29,0,5,8618.112000000001,1,2024-01,1,2024,2024-01-29,9
2024-12-07,South,Chair,8,367.89,Store B,Retail,Alice,Cash,FREESHIP,0,REG100342,Cust 9700,18.1,2024-12-07,2024-12-09,Sophie,2,5,True,4,18.3945,12,2024,7,5,49,2795.964,12,2024-12,4,2024,2024-12-07,2
2023-11-21,West,Chair,10,333.35,Store A,Retail,Alice,Debit Card,FREESHIP,0,REG100343,Cust 7765,39.35,2023-11-21,2023-11-26,Wendy,5,1,False,4,50.002500000000005,11,2023,21,1,47,2833.475,11,2023-11,4,2023,2023-11-21,5
2024-12-16,North,Chair,8,378.88,Store A,Wholesale,Frank,Debit Card,WINTER15,1,REG100344,Cust 8246,5.22,2024-12-16,2024-12-24,Ryan,8,0,False,4,37.888,12,2024,16,0,51,2727.936,12,2024-12,4,2024,2024-12-16,8
2023-08-05,Central,Monitor,12,169.2,Store C,Retail,Diana,Gift Card,SAVE10,0,REG100345,Cust 6500,28.65,2023-08-05,2023-08-15,Cameron,10,5,True,3,8.459999999999999,8,2023,5,5,31,1928.8799999999999,8,2023-08,3,2023,2023-08-05,10
2023-08-30,Central,Chair,7,103.03,Store D,Retail,Bob,Online,FREESHIP,1,REG100346,Cust 1150,5.29,2023-08-30,2023-09-06,Cameron,7,2,False,3,10.303,8,2023,30,2,35,649.089,8,2023-08,3,2023,2023-08-30,7
2024-12-13,North,Phone,15,27.21,Store C,Wholesale,Alice,Online,WINTER15,0,REG100348,Cust 1957,43.69,2024-12-13,2024-12-22,Ryan,9,4,False,4,0.0,12,2024,13,4,50,408.15000000000003,12,2024-12,4,2024,2024-12-13,9
2023-09-07,Central,Phone,14,52.09,Store A,Retail,Bob,Gift Card,NULL,1,REG100349,Cust 3467,48.02,2023-09-07,2023-09-14,Cameron,7,3,False,3,0.0,9,2023,7,3,36,729.26,9,2023-09,3,2023,2023-09-07,7
2023-12-12,North,Monitor,7,570.01,Store C,Wholesale,Carlos,Credit Card,WINTER15,0,REG100350,Cust 5212,42.33,2023-12-12,2023-12-21,Ryan,9,1,False,4,0.0,12,2023,12,1,50,3990.0699999999997,12,2023-12,4,2023,2023-12-12,9
2024-04-25,East,Monitor,19,526.23,Store B,Retail,Bob,Credit Card,WINTER15,0,REG100351,Cust 3509,32.77,2024-04-25,2024-05-05,Eric,10,3,False,2,0.0,4,2024,25,3,17,9998.37,4,2024-04,2,2024,2024-04-25,10
2023-09-16,South,Monitor,18,448.27,Store C,Wholesale,Diana,Credit Card,SAVE10,0,REG100353,Cust 9919,47.56,2023-09-16,2023-09-20,Sophie,4,5,True,3,22.4135,9,2023,16,5,37,7665.4169999999995,9,2023-09,3,2023,2023-09-16,4
2024-10-23,West,Desk,17,583.88,Store D,Retail,Alice,Credit Card,WINTER15,0,REG100354,Cust 7129,37.53,2024-10-23,2024-10-26,Wendy,3,2,False,4,58.388000000000005,10,2024,23,2,43,8933.364,10,2024-10,4,2024,2024-10-23,3
2023-05-03,North,Desk,2,97.5,Store D,Retail,Alice,Cash,NULL,1,REG100355,Cust 9841,46.37,2023-05-03,2023-05-06,Ryan,3,2,False,2,9.75,5,2023,3,2,18,175.5,5,2023-05,2,2023,2023-05-03,3
2023-08-25,West,Chair,13,513.18,Store B,Retail,Eva,Credit Card,FREESHIP,0,REG100357,Cust 4142,10.57,2023-08-25,2023-08-27,Wendy,2,4,False,3,0.0,8,2023,25,4,34,6671.339999999999,8,2023-08,3,2023,2023-08-25,2
2023-07-13,North,Monitor,19,475.64,Store C,Retail,Frank,Cash,WINTER15,1,REG100358,Cust 9584,11.17,2023-07-13,2023-07-17,Ryan,4,3,False,3,47.564,7,2023,13,3,28,8133.444,7,2023-07,3,2023,2023-07-13,4
2024-10-22,North,Monitor,18,396.25,Store D,Retail,Frank,Credit Card,FREESHIP,0,REG100362,Cust 7015,20.39,2024-10-22,2024-10-27,Ryan,5,1,False,4,39.625,10,2024,22,1,43,6419.25,10,2024-10,4,2024,2024-10-22,5
2023-06-20,South,Laptop,9,282.8,Store D,Wholesale,Eva,Online,NULL,0,REG100363,Cust 4394,49.79,2023-06-20,2023-06-25,Sophie,5,1,False,2,14.14,6,2023,20,1,25,2417.94,6,2023-06,2,2023,2023-06-20,5
2023-10-28,West,Tablet,15,127.67,Store D,Retail,Alice,Debit Card,NULL,0,REG100365,Cust 4029,48.77,2023-10-28,2023-10-30,Wendy,2,5,True,4,12.767000000000001,10,2023,28,5,43,1723.545,10,2023-10,4,2023,2023-10-28,2
2023-08-06,West,Tablet,4,555.86,Store C,Retail,Bob,Cash,FREESHIP,0,REG100367,Cust 6361,28.92,2023-08-06,2023-08-08,Wendy,2,6,True,3,27.793000000000003,8,2023,6,6,31,2112.268,8,2023-08,3,2023,2023-08-06,2
2024-09-11,Central,Monitor,15,202.72,Store D,Retail,Eva,Debit Card,WINTER15,1,REG100368,Cust 5267,41.61,2024-09-11,2024-09-19,Cameron,8,2,False,3,10.136000000000001,9,2024,11,2,37,2888.76,9,2024-09,3,2024,2024-09-11,8
2024-08-12,Central,Chair,3,149.25,Store D,Wholesale,Carlos,Debit Card,NULL,1,REG100370,Cust 9443,13.17,2024-08-12,2024-08-14,Cameron,2,0,False,3,0.0,8,2024,12,0,33,447.75,8,2024-08,3,2024,2024-08-12,2
2023-03-30,North,Monitor,19,156.44,Store C,Wholesale,Alice,Online,WINTER15,0,REG100371,Cust 2252,19.44,2023-03-30,2023-04-04,Ryan,5,3,False,1,15.644,3,2023,30,3,13,2675.1240000000003,3,2023-03,1,2023,2023-03-30,5
2023-02-01,Central,Phone,7,241.76,Store D,Wholesale,Carlos,Online,SAVE10,0,REG100372,Cust 1031,48.13,2023-02-01,2023-02-09,Cameron,8,2,False,1,0.0,2,2023,1,2,5,1692.32,2,2023-02,1,2023,2023-02-01,8
2024-04-25,East,Tablet,1,173.56,Store D,Retail,Eva,Debit Card,FREESHIP,0,REG100375,Cust 9313,39.1,2024-04-25,2024-04-28,Eric,3,3,False,2,17.356,4,2024,25,3,17,156.204,4,2024-04,2,2024,2024-04-25,3
2024-09-22,South,Monitor,7,349.55,Store A,Retail,Carlos,Credit Card,FREESHIP,0,REG100376,Cust 4405,23.7,2024-09-22,2024-09-27,Sophie,5,6,True,3,17.477500000000003,9,2024,22,6,38,2324.5074999999997,9,2024-09,3,2024,2024-09-22,5
2023-08-05,Central,Tablet,9,245.14,Store B,Wholesale,Alice,Online,SAVE10,1,REG100377,Cust 6453,44.6,2023-08-05,2023-08-14,Cameron,9,5,True,3,0.0,8,2023,5,5,31,2206.2599999999998,8,2023-08,3,2023,2023-08-05,9
2024-06-07,South,Desk,1,423.08,Store B,Wholesale,Bob,Gift Card,WINTER15,0,REG100378,Cust 4772,31.75,2024-06-07,2024-06-11,Sophie,4,4,False,2,21.154,6,2024,7,4,23,401.926,6,2024-06,2,2024,2024-06-07,4
2024-07-18,South,Chair,10,252.63,Store B,Retail,Eva,Cash,FREESHIP,0,REG100380,Cust 1865,8.92,2024-07-18,2024-07-25,Sophie,7,3,False,3,37.8945,7,2024,18,3,29,2147.355,7,2024-07,3,2024,2024-07-18,7
2024-07-14,West,Tablet,3,87.02,Store B,Wholesale,Frank,Cash,WINTER15,0,REG100381,Cust 9552,11.13,2024-07-14,2024-07-16,Wendy,2,6,True,3,8.702,7,2024,14,6,28,234.954,7,2024-07,3,2024,2024-07-14,2
2023-04-14,Central,Tablet,11,6.72,Store D,Wholesale,Bob,Cash,SAVE10,0,REG100382,Cust 4273,34.27,2023-04-14,2023-04-19,Cameron,5,4,False,2,0.336,4,2023,14,4,15,70.224,4,2023-04,2,2023,2023-04-14,5
2023-06-01,South,Printer,2,279.38,Store D,Retail,Carlos,Online,FREESHIP,0,REG100383,Cust 8712,22.95,2023-06-01,2023-06-06,Sophie,5,3,False,2,27.938000000000002,6,2023,1,3,22,502.884,6,2023-06,2,2023,2023-06-01,5
2024-07-15,East,Printer,10,325.97,Store D,Retail,Bob,Cash,FREESHIP,1,REG100386,Cust 4770,49.95,2024-07-15,2024-07-22,Eric,7,0,False,3,0.0,7,2024,15,0,29,3259.7000000000003,7,2024-07,3,2024,2024-07-15,7
2024-08-30,South,Laptop,17,469.32,Store B,Retail,Carlos,Gift Card,WINTER15,1,REG100387,Cust 2007,5.86,2024-08-30,2024-09-01,Sophie,2,4,False,3,0.0,8,2024,30,4,35,7978.44,8,2024-08,3,2024,2024-08-30,2
2024-04-01,North,Printer,18,155.04,Store B,Wholesale,Frank,Cash,WINTER15,0,REG100390,Cust 4189,39.99,2024-04-01,2024-04-04,Ryan,3,0,False,2,23.255999999999997,4,2024,1,0,14,2372.1119999999996,4,2024-04,2,2024,2024-04-01,3
2023-07-03,Central,Monitor,13,55.09,Store A,Wholesale,Diana,Cash,FREESHIP,1,REG100392,Cust 5015,47.78,2023-07-03,2023-07-06,Cameron,3,0,False,3,8.2635,7,2023,3,0,27,608.7445,7,2023-07,3,2023,2023-07-03,3
2023-04-25,Central,Laptop,13,206.11,Store B,Retail,Bob,Gift Card,SAVE10,1,REG100393,Cust 9904,22.59,2023-04-25,2023-05-01,Cameron,6,1,False,2,30.9165,4,2023,25,1,17,2277.5155,4,2023-04,2,2023,2023-04-25,6
2023-11-05,North,Monitor,6,449.57,Store D,Wholesale,Frank,Gift Card,WINTER15,0,REG100395,Cust 6511,23.09,2023-11-05,2023-11-12,Ryan,7,6,True,4,0.0,11,2023,5,6,44,2697.42,11,2023-11,4,2023,2023-11-05,7
2023-01-13,East,Laptop,9,223.01,Store C,Retail,Diana,Cash,NULL,1,REG100396,Cust 2412,11.9,2023-01-13,2023-01-19,Eric,6,4,False,1,0.0,1,2023,13,4,2,2007.09,1,2023-01,1,2023,2023-01-13,6
2023-05-20,South,Monitor,13,90.86,Store A,Wholesale,Carlos,Gift Card,SAVE10,0,REG100398,Cust 6033,16.74,2023-05-20,2023-05-25,Sophie,5,5,True,2,0.0,5,2023,20,5,20,1181.18,5,2023-05,2,2023,2023-05-20,5
2023-02-23,West,Tablet,12,245.6,Store D,Retail,Bob,Cash,FREESHIP,1,REG100400,Cust 4515,43.92,2023-02-23,2023-02-27,Wendy,4,3,False,1,0.0,2,2023,23,3,8,2947.2,2,2023-02,1,2023,2023-02-23,4
2024-11-09,East,Printer,15,380.03,Store A,Retail,Bob,Online,NULL,0,REG100401,Cust 7532,25.72,2024-11-09,2024-11-12,Eric,3,5,True,4,0.0,11,2024,9,5,45,5700.45,11,2024-11,4,2024,2024-11-09,3
2024-07-25,South,Tablet,3,417.58,Store D,Retail,Frank,Gift Card,SAVE10,0,REG100402,Cust 8756,43.42,2024-07-25,2024-07-31,Sophie,6,3,False,3,20.879,7,2024,25,3,30,1190.103,7,2024-07,3,2024,2024-07-25,6
2023-08-19,West,Laptop,15,432.17,Store D,Wholesale,Frank,Debit Card,WINTER15,0,REG100403,Cust 7620,44.88,2023-08-19,2023-08-23,Wendy,4,5,True,3,64.8255,8,2023,19,5,33,5510.1675,8,2023-08,3,2023,2023-08-19,4
2023-11-13,South,Monitor,13,531.77,Store C,Retail,Bob,Online,SAVE10,0,REG100404,Cust 7368,37.91,2023-11-13,2023-11-15,Sophie,2,0,False,4,53.177,11,2023,13,0,46,6221.709000000001,11,2023-11,4,2023,2023-11-13,2
2024-09-10,West,Tablet,13,442.99,Store A,Wholesale,Alice,Gift Card,SAVE10,0,REG100405,Cust 1319,37.12,2024-09-10,2024-09-18,Wendy,8,1,False,3,22.149500000000003,9,2024,10,1,37,5470.9265,9,2024-09,3,2024,2024-09-10,8
2024-08-30,Central,Chair,13,567.5,Store A,Retail,Eva,Credit Card,NULL,0,REG100406,Cust 9597,28.41,2024-08-30,2024-09-02,Cameron,3,4,False,3,0.0,8,2024,30,4,35,7377.5,8,2024-08,3,2024,2024-08-30,3
2024-11-10,East,Tablet,15,469.52,Store C,Wholesale,Alice,Credit Card,FREESHIP,0,REG100407,Cust 7369,35.6,2024-11-10,2024-11-17,Eric,7,6,True,4,0.0,11,2024,10,6,45,7042.799999999999,11,2024-11,4,2024,2024-11-10,7
2023-04-13,East,Printer,1,396.09,Store D,Wholesale,Frank,Credit Card,WINTER15,0,REG100408,Cust 8592,39.38,2023-04-13,2023-04-19,Eric,6,3,False,2,59.41349999999999,4,2023,13,3,15,336.6765,4,2023-04,2,2023,2023-04-13,6
2023-11-20,East,Laptop,12,195.73,Store C,Wholesale,Alice,Cash,SAVE10,0,REG100409,Cust 2337,37.09,2023-11-20,2023-11-27,Eric,7,0,False,4,9.7865,11,2023,20,0,47,2231.3219999999997,11,2023-11,4,2023,2023-11-20,7
2023-03-04,Central,Monitor,11,558.5,Store B,Retail,Carlos,Cash,WINTER15,0,REG100411,Cust 5895,48.15,2023-03-04,2023-03-09,Cameron,5,5,True,1,83.77499999999999,3,2023,4,5,9,5221.974999999999,3,2023-03,1,2023,2023-03-04,5
2024-11-16,North,Laptop,4,175.34,Store C,Retail,Eva,Cash,FREESHIP,0,REG100412,Cust 9097,40.86,2024-11-16,2024-11-19,Ryan,3,5,True,4,26.301,11,2024,16,5,46,596.156,11,2024-11,4,2024,2024-11-16,3
2024-05-25,South,Laptop,19,478.73,Store A,Retail,Frank,Debit Card,WINTER15,1,REG100413,Cust 5938,46.46,2024-05-25,2024-06-02,Sophie,8,5,True,2,0.0,5,2024,25,5,21,9095.87,5,2024-05,2,2024,2024-05-25,8
2023-04-12,East,Desk,5,365.38,Store D,Wholesale,Alice,Debit Card,SAVE10,1,REG100414,Cust 6928,5.66,2023-04-12,2023-04-15,Eric,3,2,False,2,54.806999999999995,4,2023,12,2,15,1552.865,4,2023-04,2,2023,2023-04-12,3
2023-03-07,South,Desk,10,397.33,Store B,Retail,Alice,Credit Card,NULL,0,REG100415,Cust 6223,10.2,2023-03-07,2023-03-13,Sophie,6,1,False,1,59.59949999999999,3,2023,7,1,10,3377.305,3,2023-03,1,2023,2023-03-07,6
2024-01-05,Central,Chair,17,241.01,Store A,Retail,Bob,Debit Card,WINTER15,0,REG100416,Cust 7614,24.69,2024-01-05,2024-01-11,Cameron,6,4,False,1,24.101,1,2024,5,4,1,3687.453,1,2024-01,1,2024,2024-01-05,6
2024-10-31,West,Desk,17,82.2,Store C,Wholesale,Alice,Cash,WINTER15,0,REG100417,Cust 3231,32.5,2024-10-31,2024-11-10,Wendy,10,3,False,4,0.0,10,2024,31,3,44,1397.4,10,2024-10,4,2024,2024-10-31,10
2024-05-08,West,Monitor,16,170.77,Store C,Retail,Frank,Online,SAVE10,1,REG100418,Cust 9123,45.93,2024-05-08,2024-05-14,Wendy,6,2,False,2,17.077,5,2024,8,2,19,2459.088,5,2024-05,2,2024,2024-05-08,6
2024-03-05,Central,Monitor,1,8.2,Store C,Wholesale,Frank,Debit Card,NULL,0,REG100419,Cust 7054,30.35,2024-03-05,2024-03-15,Cameron,10,1,False,1,1.2299999999999998,3,2024,5,1,10,6.969999999999999,3,2024-03,1,2024,2024-03-05,10
2023-07-18,North,Laptop,12,425.78,Store A,Retail,Bob,Online,NULL,1,REG100420,Cust 4240,25.48,2023-07-18,2023-07-22,Ryan,4,1,False,3,42.578,7,2023,18,1,29,4598.424,7,2023-07,3,2023,2023-07-18,4
2023-08-05,South,Printer,20,121.14,Store C,Retail,Bob,Credit Card,FREESHIP,0,REG100421,Cust 1237,21.47,2023-08-05,2023-08-14,Sophie,9,5,True,3,12.114,8,2023,5,5,31,2180.5200000000004,8,2023-08,3,2023,2023-08-05,9
2023-09-18,West,Tablet,19,448.13,Store D,Wholesale,Alice,Debit Card,FREESHIP,0,REG100422,Cust 5513,28.29,2023-09-18,2023-09-20,Wendy,2,0,False,3,0.0,9,2023,18,0,38,8514.47,9,2023-09,3,2023,2023-09-18,2
2023-03-27,South,Laptop,8,7.81,Store D,Wholesale,Frank,Online,SAVE10,0,REG100423,Cust 1835,25.03,2023-03-27,2023-03-29,Sophie,2,0,False,1,0.781,3,2023,27,0,13,56.232,3,2023-03,1,2023,2023-03-27,2
2023-03-08,East,Chair,19,191.44,Store C,Wholesale,Carlos,Cash,WINTER15,1,REG100424,Cust 8492,35.54,2023-03-08,2023-03-17,Eric,9,2,False,1,28.715999999999998,3,2023,8,2,10,3091.756,3,2023-03,1,2023,2023-03-08,9
2024-05-02,West,Desk,5,245.2,Store B,Retail,Eva,Online,NULL,0,REG100425,Cust 2451,46.37,2024-05-02,2024-05-06,Wendy,4,3,False,2,36.779999999999994,5,2024,2,3,18,1042.1,5,2024-05,2,2024,2024-05-02,4
2023-09-16,North,Desk,17,163.37,Store B,Wholesale,Eva,Gift Card,SAVE10,0,REG100426,Cust 4509,5.36,2023-09-16,2023-09-26,Ryan,10,5,True,3,24.5055,9,2023,16,5,37,2360.6965,9,2023-09,3,2023,2023-09-16,10
2023-06-13,South,Tablet,14,583.96,Store C,Retail,Diana,Debit Card,WINTER15,0,REG100427,Cust 6643,23.03,2023-06-13,2023-06-22,Sophie,9,1,False,2,0.0,6,2023,13,1,24,8175.4400000000005,6,2023-06,2,2023,2023-06-13,9
2023-11-05,North,Desk,16,181.08,Store C,Retail,Carlos,Online,WINTER15,0,REG100428,Cust 2559,39.84,2023-11-05,2023-11-08,Ryan,3,6,True,4,18.108,11,2023,5,6,44,2607.552,11,2023-11,4,2023,2023-11-05,3
2024-11-23,South,Tablet,8,414.94,Store A,Wholesale,Alice,Debit Card,SAVE10,0,REG100429,Cust 4423,46.58,2024-11-23,2024-11-26,Sophie,3,5,True,4,0.0,11,2024,23,5,47,3319.52,11,2024-11,4,2024,2024-11-23,3
2024-02-09,Central,Phone,16,442.22,Store B,Retail,Alice,Cash,FREESHIP,0,REG100430,Cust 9139,27.36,2024-02-09,2024-02-18,Cameron,9,4,False,1,0.0,2,2024,9,4,6,7075.52,2,2024-02,1,2024,2024-02-09,9
2023-11-16,Central,Printer,14,595.39,Store A,Wholesale,Bob,Credit Card,SAVE10,0,REG100431,Cust 6668,9.51,2023-11-16,2023-11-22,Cameron,6,3,False,4,59.539,11,2023,16,3,46,7501.914,11,2023-11,4,2023,2023-11-16,6
2023-11-29,Central,Laptop,17,538.08,Store A,Retail,Eva,Debit Card,FREESHIP,0,REG100435,Cust 3127,19.61,2023-11-29,2023-12-01,Cameron,2,2,False,4,26.904000000000003,11,2023,29,2,48,8689.992,11,2023-11,4,2023,2023-11-29,2
2023-02-24,South,Chair,16,187.84,Store A,Retail,Alice,Credit Card,SAVE10,0,REG100436,Cust 4130,18.65,2023-02-24,2023-02-26,Sophie,2,4,False,1,0.0,2,2023,24,4,8,3005.44,2,2023-02,1,2023,2023-02-24,2
2023-11-04,South,Laptop,18,426.3,Store A,Wholesale,Carlos,Credit Card,NULL,1,REG100437,Cust 6956,29.81,2023-11-04,2023-11-10,Sophie,6,5,True,4,63.945,11,2023,4,5,44,6522.39,11,2023-11,4,2023,2023-11-04,6
2024-06-15,East,Desk,1,498.35,Store B,Retail,Alice,Online,FREESHIP,0,REG100438,Cust 8155,34.7,2024-06-15,2024-06-22,Eric,7,5,True,2,49.83500000000001,6,2024,15,5,24,448.51500000000004,6,2024-06,2,2024,2024-06-15,7
2024-10-02,North,Tablet,19,385.72,Store A,Retail,Carlos,Cash,SAVE10,1,REG100439,Cust 8852,12.46,2024-10-02,2024-10-06,Ryan,4,2,False,4,19.286,10,2024,2,2,40,6962.246,10,2024-10,4,2024,2024-10-02,4
2023-06-03,West,Tablet,3,54.37,Store B,Wholesale,Frank,Credit Card,WINTER15,0,REG100440,Cust 2850,48.71,2023-06-03,2023-06-13,Wendy,10,5,True,2,5.437,6,2023,3,5,22,146.79899999999998,6,2023-06,2,2023,2023-06-03,10
2023-09-10,East,Phone,6,471.74,Store C,Retail,Carlos,Online,NULL,0,REG100441,Cust 9572,36.79,2023-09-10,2023-09-18,Eric,8,6,True,3,70.761,9,2023,10,6,36,2405.874,9,2023-09,3,2023,2023-09-10,8
2023-09-24,North,Tablet,13,115.86,Store A,Wholesale,Diana,Cash,NULL,1,REG100443,Cust 4154,28.52,2023-09-24,2023-10-03,Ryan,9,6,True,3,11.586,9,2023,24,6,38,1355.5620000000001,9,2023-09,3,2023,2023-09-24,9
2023-06-17,East,Chair,4,584.8,Store B,Retail,Eva,Online,FREESHIP,0,REG100445,Cust 8157,16.44,2023-06-17,2023-06-25,Eric,8,5,True,2,58.48,6,2023,17,5,24,2105.2799999999997,6,2023-06,2,2023,2023-06-17,8
2024-01-28,West,Printer,20,424.7,Store B,Wholesale,Bob,Online,FREESHIP,0,REG100446,Cust 4861,42.03,2024-01-28,2024-02-05,Wendy,8,6,True,1,63.705,1,2024,28,6,4,7219.9,1,2024-01,1,2024,2024-01-28,8
2023-03-14,Central,Chair,16,179.22,Store D,Retail,Alice,Online,WINTER15,0,REG100447,Cust 7493,45.99,2023-03-14,2023-03-17,Cameron,3,1,False,1,17.922,3,2023,14,1,11,2580.768,3,2023-03,1,2023,2023-03-14,3
2023-10-23,East,Tablet,5,334.37,Store B,Retail,Carlos,Credit Card,NULL,0,REG100450,Cust 3247,32.13,2023-10-23,2023-10-28,Eric,5,0,False,4,16.718500000000002,10,2023,23,0,43,1588.2575,10,2023-10,4,2023,2023-10-23,5
2024-02-26,West,Monitor,11,389.84,Store D,Wholesale,Alice,Gift Card,SAVE10,1,REG100452,Cust 4164,10.24,2024-02-26,2024-02-29,Wendy,3,0,False,1,0.0,2,2024,26,0,9,4288.24,2,2024-02,1,2024,2024-02-26,3
2024-10-30,East,Chair,11,445.75,Store A,Wholesale,Frank,Online,SAVE10,0,REG100453,Cust 9592,18.07,2024-10-30,2024-11-07,Eric,8,2,False,4,44.575,10,2024,30,2,44,4412.925,10,2024-10,4,2024,2024-10-30,8
2024-08-19,South,Laptop,18,96.84,Store A,Wholesale,Frank,Cash,SAVE10,1,REG100454,Cust 7450,8.1,2024-08-19,2024-08-23,Sophie,4,0,False,3,14.526,8,2024,19,0,34,1481.652,8,2024-08,3,2024,2024-08-19,4
2023-07-30,Central,Chair,1,528.31,Store C,Wholesale,Alice,Online,FREESHIP,0,REG100455,Cust 4186,24.55,2023-07-30,2023-08-09,Cameron,10,6,True,3,52.830999999999996,7,2023,30,6,30,475.479,7,2023-07,3,2023,2023-07-30,10
2024-08-13,North,Monitor,16,64.03,Store A,Wholesale,Carlos,Gift Card,WINTER15,1,REG100456,Cust 3305,16.71,2024-08-13,2024-08-23,Ryan,10,1,False,3,0.0,8,2024,13,1,33,1024.48,8,2024-08,3,2024,2024-08-13,10
2023-11-04,North,Printer,13,179.37,Store A,Retail,Eva,Online,FREESHIP,0,REG100457,Cust 9768,35.28,2023-11-04,2023-11-12,Ryan,8,5,True,4,8.9685,11,2023,4,5,44,2215.2194999999997,11,2023-11,4,2023,2023-11-04,8
2023-06-23,North,Printer,5,360.34,Store C,Wholesale,Carlos,Gift Card,NULL,0,REG100459,Cust 2546,33.76,2023-06-23,2023-06-28,Ryan,5,4,False,2,0.0,6,2023,23,4,25,1801.6999999999998,6,2023-06,2,2023,2023-06-23,5
2024-09-21,South,Laptop,20,296.8,Store A,Retail,Frank,Gift Card,NULL,0,REG100460,Cust 2672,19.57,2024-09-21,2024-09-28,Sophie,7,5,True,3,29.680000000000003,9,2024,21,5,38,5342.400000000001,9,2024-09,3,2024,2024-09-21,7
2024-01-01,South,Desk,3,599.42,Store A,Wholesale,Bob,Online,SAVE10,0,REG100461,Cust 3394,48.02,2024-01-01,2024-01-03,Sophie,2,0,False,1,59.942,1,2024,1,0,1,1618.4339999999997,1,2024-01,1,2024,2024-01-01,2
2024-03-14,North,Desk,13,588.8,Store D,Wholesale,Frank,Cash,SAVE10,0,REG100463,Cust 6994,45.03,2024-03-14,2024-03-21,Ryan,7,3,False,1,88.32,3,2024,14,3,11,6506.24,3,2024-03,1,2024,2024-03-14,7
2024-05-04,West,Monitor,13,198.44,Store D,Wholesale,Carlos,Cash,SAVE10,1,REG100464,Cust 9879,31.51,2024-05-04,2024-05-09,Wendy,5,5,True,2,0.0,5,2024,4,5,18,2579.72,5,2024-05,2,2024,2024-05-04,5
2024-11-13,Central,Phone,4,475.49,Store B,Wholesale,Frank,Cash,WINTER15,0,REG100466,Cust 3712,11.6,2024-11-13,2024-11-17,Cameron,4,2,False,4,71.3235,11,2024,13,2,46,1616.666,11,2024-11,4,2024,2024-11-13,4
2023-10-31,West,Printer,6,202.97,Store C,Retail,Eva,Gift Card,WINTER15,0,REG100467,Cust 3829,43.55,2023-10-31,2023-11-10,Wendy,10,1,False,4,20.297,10,2023,31,1,44,1096.038,10,2023-10,4,2023,2023-10-31,10
2023-12-19,Central,Tablet,18,135.23,Store C,Wholesale,Diana,Online,WINTER15,1,REG100468,Cust 1623,46.1,2023-12-19,2023-12-24,Cameron,5,1,False,4,0.0,12,2023,19,1,51,2434.14,12,2023-12,4,2023,2023-12-19,5
2023-11-27,South,Tablet,20,356.4,Store C,Wholesale,Diana,Cash,FREESHIP,1,REG100469,Cust 3532,26.7,2023-11-27,2023-12-03,Sophie,6,0,False,4,17.82,11,2023,27,0,48,6771.599999999999,11,2023-11,4,2023,2023-11-27,6
2023-08-15,East,Laptop,3,294.72,Store C,Wholesale,Alice,Cash,SAVE10,0,REG100470,Cust 4712,45.33,2023-08-15,2023-08-18,Eric,3,1,False,3,14.736000000000002,8,2023,15,1,33,839.952,8,2023-08,3,2023,2023-08-15,3
2023-01-16,West,Phone,20,553.85,Store A,Retail,Frank,Cash,WINTER15,0,REG100471,Cust 6211,33.21,2023-01-16,2023-01-24,Wendy,8,0,False,1,0.0,1,2023,16,0,3,11077.0,1,2023-01,1,2023,2023-01-16,8
2023-11-28,West,Phone,2,532.51,Store B,Wholesale,Carlos,Credit Card,WINTER15,1,REG100473,Cust 6208,49.67,2023-11-28,2023-12-01,Wendy,3,1,False,4,0.0,11,2023,28,1,48,1065.02,11,2023-11,4,2023,2023-11-28,3
2023-12-04,West,Printer,1,268.19,Store B,Wholesale,Carlos,Gift Card,WINTER15,0,REG100474,Cust 5942,9.48,2023-12-04,2023-12-13,Wendy,9,0,False,4,26.819000000000003,12,2023,4,0,49,241.371,12,2023-12,4,2023,2023-12-04,9
2024-06-21,South,Printer,17,432.65,Store A,Retail,Frank,Cash,FREESHIP,0,REG100475,Cust 1745,18.85,2024-06-21,2024-06-29,Sophie,8,4,False,2,64.8975,6,2024,21,4,25,6251.7925,6,2024-06,2,2024,2024-06-21,8
2023-08-17,Central,Desk,16,454.54,Store B,Retail,Bob,Online,FREESHIP,0,REG100477,Cust 9907,20.55,2023-08-17,2023-08-19,Cameron,2,3,False,3,45.45400000000001,8,2023,17,3,33,6545.376,8,2023-08,3,2023,2023-08-17,2
2023-08-30,Central,Monitor,11,414.58,Store D,Wholesale,Diana,Cash,WINTER15,0,REG100478,Cust 5750,25.33,2023-08-30,2023-09-05,Cameron,6,2,False,3,20.729,8,2023,30,2,35,4332.361,8,2023-08,3,2023,2023-08-30,6
2023-06-29,North,Chair,10,126.46,Store A,Retail,Eva,Online,WINTER15,0,REG100480,Cust 7995,26.96,2023-06-29,2023-07-09,Ryan,10,3,False,2,12.646,6,2023,29,3,26,1138.1399999999999,6,2023-06,2,2023,2023-06-29,10
2023-08-13,North,Monitor,7,125.02,Store D,Wholesale,Carlos,Credit Card,FREESHIP,0,REG100481,Cust 5572,12.45,2023-08-13,2023-08-20,Ryan,7,6,True,3,0.0,8,2023,13,6,32,875.14,8,2023-08,3,2023,2023-08-13,7
2024-04-29,West,Tablet,20,367.24,Store A,Wholesale,Carlos,Gift Card,FREESHIP,0,REG100482,Cust 1721,45.67,2024-04-29,2024-05-07,Wendy,8,0,False,2,18.362000000000002,4,2024,29,0,18,6977.5599999999995,4,2024-04,2,2024,2024-04-29,8
2023-07-15,West,Monitor,8,432.12,Store B,Retail,Diana,Credit Card,WINTER15,0,REG100483,Cust 2641,42.1,2023-07-15,2023-07-25,Wendy,10,5,True,3,0.0,7,2023,15,5,28,3456.96,7,2023-07,3,2023,2023-07-15,10
2023-07-19,West,Monitor,20,526.55,Store A,Wholesale,Alice,Debit Card,FREESHIP,1,REG100486,Cust 1210,25.64,2023-07-19,2023-07-26,Wendy,7,2,False,3,0.0,7,2023,19,2,29,10531.0,7,2023-07,3,2023,2023-07-19,7
2024-09-29,West,Phone,11,339.78,Store A,Retail,Diana,Debit Card,WINTER15,1,REG100487,Cust 7710,11.56,2024-09-29,2024-10-06,Wendy,7,6,True,3,16.989,9,2024,29,6,39,3550.7009999999996,9,2024-09,3,2024,2024-09-29,7
2024-10-17,East,Laptop,10,91.75,Store D,Wholesale,Frank,Cash,WINTER15,0,REG100488,Cust 1428,37.27,2024-10-17,2024-10-21,Eric,4,3,False,4,13.7625,10,2024,17,3,42,779.875,10,2024-10,4,2024,2024-10-17,4
2024-01-19,West,Desk,6,148.23,Store B,Retail,Eva,Credit Card,FREESHIP,0,REG100490,Cust 2234,19.58,2024-01-19,2024-01-29,Wendy,10,4,False,1,14.823,1,2024,19,4,3,800.4419999999999,1,2024-01,1,2024,2024-01-19,10
2023-12-03,East,Chair,11,495.03,Store D,Wholesale,Frank,Cash,WINTER15,0,REG100491,Cust 9602,27.37,2023-12-03,2023-12-05,Eric,2,6,True,4,74.2545,12,2023,3,6,48,4628.5305,12,2023-12,4,2023,2023-12-03,2
2024-06-19,Central,Chair,6,247.2,Store A,Wholesale,Diana,Credit Card,FREESHIP,0,REG100492,Cust 2546,18.75,2024-06-19,2024-06-27,Cameron,8,2,False,2,12.36,6,2024,19,2,25,1409.0399999999997,6,2024-06,2,2024,2024-06-19,8
2024-10-16,West,Tablet,19,207.45,Store C,Retail,Bob,Debit Card,SAVE10,0,REG100493,Cust 5032,11.5,2024-10-16,2024-10-21,Wendy,5,2,False,4,10.3725,10,2024,16,2,42,3744.4724999999994,10,2024-10,4,2024,2024-10-16,5
2023-10-02,Central,Laptop,9,146.72,Store A,Wholesale,Diana,Credit Card,NULL,0,REG100495,Cust 6944,10.45,2023-10-02,2023-10-10,Cameron,8,0,False,4,14.672,10,2023,2,0,40,1188.432,10,2023-10,4,2023,2023-10-02,8
2023-11-05,East,Desk,12,159.85,Store D,Retail,Alice,Cash,WINTER15,0,REG100496,Cust 4136,32.61,2023-11-05,2023-11-07,Eric,2,6,True,4,15.985,11,2023,5,6,44,1726.3799999999999,11,2023-11,4,2023,2023-11-05,2
2023-06-18,South,Printer,13,181.68,Store C,Wholesale,Diana,Gift Card,SAVE10,0,REG100497,Cust 7460,14.69,2023-06-18,2023-06-23,Sophie,5,6,True,2,9.084000000000001,6,2023,18,6,24,2243.748,6,2023-06,2,2023,2023-06-18,5
2024-07-15,Central,Phone,16,34.16,Store A,Retail,Bob,Cash,SAVE10,0,REG100498,Cust 3960,36.33,2024-07-15,2024-07-21,Cameron,6,0,False,3,5.124,7,2024,15,0,29,464.57599999999996,7,2024-07,3,2024,2024-07-15,6
2024-06-14,Central,Laptop,2,287.43,Store C,Wholesale,Diana,Cash,WINTER15,0,REG100499,Cust 5530,25.34,2024-06-14,2024-06-23,Cameron,9,4,False,2,28.743000000000002,6,2024,14,4,24,517.374,6,2024-06,2,2024,2024-06-14,9
2024-04-05,East,Monitor,15,405.95,Store D,Wholesale,Eva,Gift Card,NULL,0,REG100500,Cust 3160,32.04,2024-04-05,2024-04-10,Eric,5,4,False,2,60.8925,4,2024,5,4,14,5175.8625,4,2024-04,2,2024,2024-04-05,5
2023-02-27,North,Laptop,1,430.61,Store B,Retail,Alice,Gift Card,WINTER15,0,REG100501,Cust 9641,14.53,2023-02-27,2023-03-07,Ryan,8,0,False,1,0.0,2,2023,27,0,9,430.61,2,2023-02,1,2023,2023-02-27,8
2023-07-31,West,Laptop,5,508.05,Store D,Retail,Frank,Credit Card,WINTER15,1,REG100502,Cust 9742,35.63,2023-07-31,2023-08-09,Wendy,9,0,False,3,0.0,7,2023,31,0,31,2540.25,7,2023-07,3,2023,2023-07-31,9
2023-03-03,West,Laptop,13,522.97,Store C,Retail,Carlos,Debit Card,FREESHIP,0,REG100503,Cust 1144,33.9,2023-03-03,2023-03-10,Wendy,7,4,False,1,78.4455,3,2023,3,4,9,5778.8185,3,2023-03,1,2023,2023-03-03,7
2023-04-26,South,Laptop,17,260.25,Store D,Wholesale,Frank,Credit Card,SAVE10,0,REG100504,Cust 2936,23.26,2023-04-26,2023-04-28,Sophie,2,2,False,2,26.025000000000002,4,2023,26,2,17,3981.8250000000003,4,2023-04,2,2023,2023-04-26,2
2024-10-19,East,Phone,6,549.21,Store B,Retail,Eva,Credit Card,WINTER15,1,REG100505,Cust 3035,12.29,2024-10-19,2024-10-27,Eric,8,5,True,4,54.92100000000001,10,2024,19,5,42,2965.7340000000004,10,2024-10,4,2024,2024-10-19,8
2024-06-30,Central,Printer,17,472.33,Store C,Retail,Carlos,Debit Card,WINTER15,0,REG100506,Cust 1717,22.63,2024-06-30,2024-07-04,Cameron,4,6,True,2,70.84949999999999,6,2024,30,6,26,6825.1685,6,2024-06,2,2024,2024-06-30,4
2024-10-11,West,Laptop,9,596.83,Store A,Retail,Eva,Cash,WINTER15,0,REG100507,Cust 4456,6.43,2024-10-11,2024-10-19,Wendy,8,4,False,4,0.0,10,2024,11,4,41,5371.47,10,2024-10,4,2024,2024-10-11,8
2024-12-22,East,Laptop,18,500.44,Store D,Wholesale,Bob,Credit Card,NULL,0,REG100509,Cust 9352,8.87,2024-12-22,2024-12-30,Eric,8,6,True,4,50.044000000000004,12,2024,22,6,51,8107.128000000001,12,2024-12,4,2024,2024-12-22,8
2024-04-22,West,Tablet,5,382.17,Store C,Wholesale,Diana,Credit Card,FREESHIP,0,REG100510,Cust 6746,17.72,2024-04-22,2024-04-25,Wendy,3,0,False,2,0.0,4,2024,22,0,17,1910.8500000000001,4,2024-04,2,2024,2024-04-22,3
2024-11-13,North,Laptop,5,270.13,Store C,Retail,Eva,Credit Card,NULL,0,REG100512,Cust 8470,15.74,2024-11-13,2024-11-19,Ryan,6,2,False,4,40.5195,11,2024,13,2,46,1148.0525,11,2024-11,4,2024,2024-11-13,6
2023-03-16,East,Tablet,2,480.15,Store D,Retail,Diana,Online,NULL,0,REG100513,Cust 1044,42.07,2023-03-16,2023-03-21,Eric,5,3,False,1,72.0225,3,2023,16,3,11,816.255,3,2023-03,1,2023,2023-03-16,5
2023-05-06,North,Laptop,18,414.77,Store C,Wholesale,Eva,Credit Card,NULL,1,REG100514,Cust 4010,28.55,2023-05-06,2023-05-15,Ryan,9,5,True,2,41.477000000000004,5,2023,6,5,18,6719.273999999999,5,2023-05,2,2023,2023-05-06,9
2024-11-15,East,Monitor,10,98.24,Store C,Wholesale,Frank,Credit Card,FREESHIP,1,REG100515,Cust 1385,21.01,2024-11-15,2024-11-17,Eric,2,4,False,4,0.0,11,2024,15,4,46,982.4,11,2024-11,4,2024,2024-11-15,2
2024-06-28,Central,Laptop,6,227.6,Store D,Retail,Carlos,Debit Card,FREESHIP,0,REG100516,Cust 1904,38.22,2024-06-28,2024-07-05,Cameron,7,4,False,2,11.38,6,2024,28,4,26,1297.32,6,2024-06,2,2024,2024-06-28,7
2023-02-26,Central,Tablet,5,489.13,Store C,Retail,Diana,Gift Card,FREESHIP,0,REG100518,Cust 9239,44.73,2023-02-26,2023-03-04,Cameron,6,6,True,1,48.913000000000004,2,2023,26,6,8,2201.085,2,2023-02,1,2023,2023-02-26,6
2024-04-30,South,Laptop,4,414.36,Store A,Retail,Bob,Debit Card,FREESHIP,0,REG100519,Cust 5678,8.02,2024-04-30,2024-05-07,Sophie,7,1,False,2,0.0,4,2024,30,1,18,1657.44,4,2024-04,2,2024,2024-04-30,7
2024-06-02,North,Chair,20,427.3,Store C,Wholesale,Frank,Gift Card,FREESHIP,1,REG100522,Cust 9924,25.19,2024-06-02,2024-06-08,Ryan,6,6,True,2,21.365000000000002,6,2024,2,6,22,8118.7,6,2024-06,2,2024,2024-06-02,6
2024-09-01,South,Laptop,16,588.92,Store D,Wholesale,Alice,Cash,FREESHIP,0,REG100523,Cust 3887,7.89,2024-09-01,2024-09-05,Sophie,4,6,True,3,88.338,9,2024,1,6,35,8009.311999999999,9,2024-09,3,2024,2024-09-01,4
2024-11-28,South,Phone,13,141.26,Store B,Retail,Frank,Online,NULL,0,REG100526,Cust 2227,23.68,2024-11-28,2024-12-05,Sophie,7,3,False,4,0.0,11,2024,28,3,48,1836.3799999999999,11,2024-11,4,2024,2024-11-28,7
2023-07-05,North,Chair,3,250.65,Store D,Retail,Eva,Credit Card,SAVE10,0,REG100527,Cust 1726,44.46,2023-07-05,2023-07-07,Ryan,2,2,False,3,37.5975,7,2023,5,2,27,639.1575,7,2023-07,3,2023,2023-07-05,2
2024-10-24,West,Monitor,19,301.17,Store D,Retail,Alice,Debit Card,WINTER15,0,REG100528,Cust 9874,5.71,2024-10-24,2024-11-03,Wendy,10,3,False,4,15.058500000000002,10,2024,24,3,43,5436.1185000000005,10,2024-10,4,2024,2024-10-24,10
2024-06-05,East,Laptop,1,561.6,Store A,Wholesale,Alice,Debit Card,SAVE10,0,REG100530,Cust 2414,38.02,2024-06-05,2024-06-10,Eric,5,2,False,2,84.24,6,2024,5,2,23,477.36,6,2024-06,2,2024,2024-06-05,5
2024-11-04,Central,Tablet,17,310.03,Store D,Retail,Carlos,Online,FREESHIP,0,REG100532,Cust 3170,8.06,2024-11-04,2024-11-12,Cameron,8,0,False,4,15.5015,11,2024,4,0,45,5006.984499999999,11,2024-11,4,2024,2024-11-04,8
2024-01-01,West,Printer,13,204.67,Store A,Retail,Alice,Online,NULL,0,REG100533,Cust 5438,6.76,2024-01-01,2024-01-05,Wendy,4,0,False,1,30.700499999999998,1,2024,1,0,1,2261.6035,1,2024-01,1,2024,2024-01-01,4
2024-04-09,Central,Printer,3,250.11,Store D,Wholesale,Alice,Gift Card,FREESHIP,0,REG100534,Cust 2670,36.35,2024-04-09,2024-04-17,Cameron,8,1,False,2,0.0,4,2024,9,1,15,750.33,4,2024-04,2,2024,2024-04-09,8
2024-09-22,East,Chair,18,575.1,Store D,Wholesale,Bob,Online,FREESHIP,0,REG100536,Cust 9748,35.32,2024-09-22,2024-09-29,Eric,7,6,True,3,0.0,9,2024,22,6,38,10351.800000000001,9,2024-09,3,2024,2024-09-22,7
2023-01-20,East,Monitor,8,325.52,Store C,Retail,Frank,Debit Card,WINTER15,0,REG100537,Cust 1220,45.59,2023-01-20,2023-01-25,Eric,5,4,False,1,32.552,1,2023,20,4,3,2343.744,1,2023-01,1,2023,2023-01-20,5
2024-01-12,North,Monitor,14,157.14,Store A,Wholesale,Diana,Gift Card,SAVE10,0,REG100538,Cust 5645,36.04,2024-01-12,2024-01-22,Ryan,10,4,False,1,23.570999999999998,1,2024,12,4,2,1869.966,1,2024-01,1,2024,2024-01-12,10
2024-04-08,Central,Laptop,10,100.26,Store D,Wholesale,Carlos,Gift Card,SAVE10,0,REG100539,Cust 6577,36.71,2024-04-08,2024-04-15,Cameron,7,0,False,2,5.013000000000001,4,2024,8,0,15,952.47,4,2024-04,2,2024,2024-04-08,7
2023-04-27,Central,Laptop,9,554.48,Store C,Wholesale,Carlos,Online,NULL,0,REG100540,Cust 9506,48.26,2023-04-27,2023-05-01,Cameron,4,3,False,2,0.0,4,2023,27,3,17,4990.32,4,2023-04,2,2023,2023-04-27,4
2024-07-17,North,Phone,4,375.96,Store C,Retail,Carlos,Debit Card,NULL,0,REG100541,Cust 9302,44.99,2024-07-17,2024-07-25,Ryan,8,2,False,3,56.394,7,2024,17,2,29,1278.264,7,2024-07,3,2024,2024-07-17,8
2024-02-17,Central,Monitor,14,485.21,Store A,Retail,Frank,Online,FREESHIP,0,REG100542,Cust 3030,41.72,2024-02-17,2024-02-23,Cameron,6,5,True,1,0.0,2,2024,17,5,7,6792.94,2,2024-02,1,2024,2024-02-17,6
2024-01-25,South,Monitor,9,372.44,Store A,Wholesale,Diana,Gift Card,FREESHIP,0,REG100543,Cust 5896,41.87,2024-01-25,2024-02-02,Sophie,8,3,False,1,18.622,1,2024,25,3,4,3184.362,1,2024-01,1,2024,2024-01-25,8
2024-03-24,Central,Laptop,7,140.53,Store D,Retail,Frank,Debit Card,NULL,1,REG100544,Cust 3763,24.53,2024-03-24,2024-04-02,Cameron,9,6,True,1,0.0,3,2024,24,6,12,983.71,3,2024-03,1,2024,2024-03-24,9
2023-06-25,North,Desk,15,365.61,Store D,Retail,Bob,Cash,FREESHIP,0,REG100545,Cust 9510,35.84,2023-06-25,2023-06-27,Ryan,2,6,True,2,54.8415,6,2023,25,6,25,4661.5275,6,2023-06,2,2023,2023-06-25,2
2023-04-17,South,Laptop,20,353.97,Store B,Wholesale,Frank,Cash,WINTER15,1,REG100546,Cust 7637,22.05,2023-04-17,2023-04-20,Sophie,3,0,False,2,53.0955,4,2023,17,0,16,6017.490000000001,4,2023-04,2,2023,2023-04-17,3
2023-06-28,East,Chair,14,293.31,Store D,Wholesale,Alice,Gift Card,NULL,0,REG100547,Cust 8382,21.61,2023-06-28,2023-06-30,Eric,2,2,False,2,0.0,6,2023,28,2,26,4106.34,6,2023-06,2,2023,2023-06-28,2
2024-04-06,Central,Chair,10,397.39,Store D,Retail,Alice,Gift Card,NULL,0,REG100548,Cust 4015,25.27,2024-04-06,2024-04-16,Cameron,10,5,True,2,59.60849999999999,4,2024,6,5,14,3377.8149999999996,4,2024-04,2,2024,2024-04-06,10
2023-01-08,South,Desk,6,581.67,Store A,Wholesale,Frank,Debit Card,NULL,0,REG100550,Cust 7584,39.4,2023-01-08,2023-01-11,Sophie,3,6,True,1,0.0,1,2023,8,6,1,3490.0199999999995,1,2023-01,1,2023,2023-01-08,3
2023-12-21,South,Phone,19,30.41,Store D,Retail,Frank,Debit Card,FREESHIP,0,REG100551,Cust 6809,48.33,2023-12-21,2023-12-31,Sophie,10,3,False,4,1.5205000000000002,12,2023,21,3,51,548.9005,12,2023-12,4,2023,2023-12-21,10
2024-07-13,North,Monitor,15,368.79,Store C,Wholesale,Bob,Gift Card,WINTER15,0,REG100552,Cust 7540,16.9,2024-07-13,2024-07-15,Ryan,2,5,True,3,36.879000000000005,7,2024,13,5,28,4978.665000000001,7,2024-07,3,2024,2024-07-13,2
2024-03-23,West,Monitor,4,56.06,Store D,Retail,Carlos,Cash,SAVE10,0,REG100553,Cust 6888,10.77,2024-03-23,2024-04-01,Wendy,9,5,True,1,8.409,3,2024,23,5,12,190.604,3,2024-03,1,2024,2024-03-23,9
2024-03-19,West,Chair,7,15.65,Store D,Wholesale,Carlos,Debit Card,NULL,0,REG100554,Cust 3304,13.28,2024-03-19,2024-03-25,Wendy,6,1,False,1,0.0,3,2024,19,1,12,109.55,3,2024-03,1,2024,2024-03-19,6
2023-05-28,South,Printer,17,554.25,Store A,Wholesale,Diana,Debit Card,NULL,0,REG100557,Cust 5588,8.66,2023-05-28,2023-06-01,Sophie,4,6,True,2,55.425000000000004,5,2023,28,6,21,8480.025,5,2023-05,2,2023,2023-05-28,4
2023-10-28,East,Printer,3,410.23,Store A,Wholesale,Diana,Credit Card,FREESHIP,0,REG100558,Cust 1518,6.04,2023-10-28,2023-11-03,Eric,6,5,True,4,61.5345,10,2023,28,5,43,1046.0865000000001,10,2023-10,4,2023,2023-10-28,6
2023-11-25,West,Monitor,5,99.23,Store B,Retail,Eva,Debit Card,NULL,0,REG100559,Cust 2819,37.66,2023-11-25,2023-12-02,Wendy,7,5,True,4,0.0,11,2023,25,5,47,496.15000000000003,11,2023-11,4,2023,2023-11-25,7
2024-11-17,South,Monitor,9,503.18,Store B,Wholesale,Diana,Gift Card,SAVE10,1,REG100560,Cust 1947,46.02,2024-11-17,2024-11-24,Sophie,7,6,True,4,0.0,11,2024,17,6,46,4528.62,11,2024-11,4,2024,2024-11-17,7
2024-01-24,Central,Monitor,17,155.31,Store C,Retail,Bob,Credit Card,WINTER15,0,REG100561,Cust 7332,27.1,2024-01-24,2024-01-29,Cameron,5,2,False,1,23.296499999999998,1,2024,24,2,4,2244.2295,1,2024-01,1,2024,2024-01-24,5
2023-06-19,North,Chair,7,303.79,Store D,Wholesale,Frank,Credit Card,SAVE10,0,REG100562,Cust 7314,38.85,2023-06-19,2023-06-29,Ryan,10,0,False,2,45.5685,6,2023,19,0,25,1807.5505,6,2023-06,2,2023,2023-06-19,10
2024-01-24,East,Phone,4,179.92,Store D,Retail,Diana,Online,WINTER15,0,REG100564,Cust 2964,35.26,2024-01-24,2024-02-01,Eric,8,2,False,1,17.992,1,2024,24,2,4,647.712,1,2024-01,1,2024,2024-01-24,8
2023-02-22,North,Desk,4,85.96,Store A,Retail,Frank,Credit Card,NULL,0,REG100567,Cust 1494,32.12,2023-02-22,2023-03-03,Ryan,9,2,False,1,8.596,2,2023,22,2,8,309.45599999999996,2,2023-02,1,2023,2023-02-22,9
2024-09-26,East,Desk,11,144.29,Store B,Retail,Bob,Credit Card,WINTER15,0,REG100569,Cust 7054,11.91,2024-09-26,2024-09-30,Eric,4,3,False,3,7.2145,9,2024,26,3,39,1507.8304999999998,9,2024-09,3,2024,2024-09-26,4
2023-07-01,East,Chair,9,228.3,Store B,Retail,Eva,Debit Card,FREESHIP,0,REG100571,Cust 5698,8.75,2023-07-01,2023-07-09,Eric,8,5,True,3,11.415000000000001,7,2023,1,5,26,1951.9650000000001,7,2023-07,3,2023,2023-07-01,8
2023-04-29,West,Desk,7,235.94,Store D,Wholesale,Alice,Gift Card,FREESHIP,0,REG100572,Cust 3259,8.44,2023-04-29,2023-05-04,Wendy,5,5,True,2,23.594,4,2023,29,5,17,1486.422,4,2023-04,2,2023,2023-04-29,5
2023-04-30,East,Printer,17,369.52,Store C,Wholesale,Carlos,Gift Card,NULL,0,REG100573,Cust 9295,17.12,2023-04-30,2023-05-06,Eric,6,6,True,2,0.0,4,2023,30,6,17,6281.84,4,2023-04,2,2023,2023-04-30,6
2024-03-14,West,Phone,8,142.09,Store A,Wholesale,Eva,Credit Card,WINTER15,0,REG100574,Cust 7035,38.97,2024-03-14,2024-03-20,Wendy,6,3,False,1,0.0,3,2024,14,3,11,1136.72,3,2024-03,1,2024,2024-03-14,6
2023-06-27,Central,Chair,3,497.61,Store B,Wholesale,Alice,Cash,FREESHIP,1,REG100575,Cust 9049,13.97,2023-06-27,2023-07-02,Cameron,5,1,False,2,74.6415,6,2023,27,1,26,1268.9054999999998,6,2023-06,2,2023,2023-06-27,5
2024-04-10,North,Laptop,19,9.48,Store A,Wholesale,Carlos,Online,NULL,0,REG100576,Cust 6173,22.33,2024-04-10,2024-04-12,Ryan,2,2,False,2,0.0,4,2024,10,2,15,180.12,4,2024-04,2,2024,2024-04-10,2
2023-08-30,Central,Printer,8,55.27,Store A,Wholesale,Bob,Cash,WINTER15,0,REG100577,Cust 3447,16.84,2023-08-30,2023-09-01,Cameron,2,2,False,3,8.2905,8,2023,30,2,35,375.836,8,2023-08,3,2023,2023-08-30,2
2023-10-23,West,Laptop,17,25.95,Store B,Wholesale,Bob,Gift Card,NULL,0,REG100578,Cust 2218,27.68,2023-10-23,2023-10-30,Wendy,7,0,False,4,1.2975,10,2023,23,0,43,419.0925,10,2023-10,4,2023,2023-10-23,7
2023-03-23,North,Desk,18,209.65,Store A,Wholesale,Carlos,Debit Card,NULL,0,REG100579,Cust 8882,42.04,2023-03-23,2023-03-30,Ryan,7,3,False,1,20.965000000000003,3,2023,23,3,12,3396.3300000000004,3,2023-03,1,2023,2023-03-23,7
2024-09-21,Central,Laptop,13,75.77,Store B,Wholesale,Frank,Debit Card,SAVE10,0,REG100580,Cust 6709,41.94,2024-09-21,2024-09-30,Cameron,9,5,True,3,11.365499999999999,9,2024,21,5,38,837.2585,9,2024-09,3,2024,2024-09-21,9
2024-12-26,West,Tablet,5,307.84,Store B,Wholesale,Bob,Online,SAVE10,0,REG100581,Cust 8727,13.61,2024-12-26,2025-01-03,Wendy,8,3,False,4,30.784,12,2024,26,3,52,1385.28,12,2024-12,4,2024,2024-12-26,8
2023-02-26,East,Phone,13,6.5,Store A,Wholesale,Diana,Cash,NULL,0,REG100582,Cust 8359,20.02,2023-02-26,2023-03-03,Eric,5,6,True,1,0.0,2,2023,26,6,8,84.5,2,2023-02,1,2023,2023-02-26,5
2024-12-10,North,Monitor,8,70.79,Store B,Wholesale,Diana,Online,NULL,0,REG100583,Cust 1514,46.35,2024-12-10,2024-12-14,Ryan,4,1,False,4,0.0,12,2024,10,1,50,566.32,12,2024-12,4,2024,2024-12-10,4
2024-01-16,South,Tablet,5,440.93,Store B,Wholesale,Carlos,Gift Card,NULL,0,REG100586,Cust 3123,23.84,2024-01-16,2024-01-20,Sophie,4,1,False,1,44.093,1,2024,16,1,3,1984.1850000000002,1,2024-01,1,2024,2024-01-16,4
2024-04-19,West,Tablet,10,278.45,Store D,Wholesale,Eva,Credit Card,SAVE10,0,REG100587,Cust 7414,11.13,2024-04-19,2024-04-25,Wendy,6,4,False,2,0.0,4,2024,19,4,16,2784.5,4,2024-04,2,2024,2024-04-19,6
2023-12-08,North,Monitor,14,382.19,Store B,Wholesale,Frank,Cash,FREESHIP,1,REG100588,Cust 5051,49.12,2023-12-08,2023-12-11,Ryan,3,4,False,4,19.1095,12,2023,8,4,49,5083.1269999999995,12,2023-12,4,2023,2023-12-08,3
2023-03-15,North,Monitor,14,232.49,Store D,Wholesale,Diana,Online,SAVE10,1,REG100589,Cust 5975,5.32,2023-03-15,2023-03-19,Ryan,4,2,False,1,11.624500000000001,3,2023,15,2,11,3092.117,3,2023-03,1,2023,2023-03-15,4
2024-12-17,Central,Tablet,1,486.19,Store B,Retail,Frank,Online,SAVE10,0,REG100592,Cust 7238,41.73,2024-12-17,2024-12-20,Cameron,3,1,False,4,24.3095,12,2024,17,1,51,461.8805,12,2024-12,4,2024,2024-12-17,3
2024-05-03,South,Laptop,6,266.67,Store B,Wholesale,Eva,Debit Card,NULL,0,REG100593,Cust 2219,48.49,2024-05-03,2024-05-11,Sophie,8,4,False,2,13.3335,5,2024,3,4,18,1520.019,5,2024-05,2,2024,2024-05-03,8
2023-12-26,South,Printer,3,300.8,Store B,Wholesale,Carlos,Cash,NULL,1,REG100594,Cust 4297,15.98,2023-12-26,2024-01-01,Sophie,6,1,False,4,30.080000000000002,12,2023,26,1,52,812.1600000000001,12,2023-12,4,2023,2023-12-26,6
2024-05-13,Central,Printer,11,79.63,Store B,Wholesale,Frank,Online,NULL,0,REG100595,Cust 6665,43.84,2024-05-13,2024-05-19,Cameron,6,0,False,2,3.9815,5,2024,13,0,20,832.1334999999999,5,2024-05,2,2024,2024-05-13,6
2023-10-07,South,Laptop,6,505.7,Store C,Retail,Alice,Cash,NULL,0,REG100596,Cust 4252,40.38,2023-10-07,2023-10-16,Sophie,9,5,True,4,0.0,10,2023,7,5,40,3034.2,10,2023-10,4,2023,2023-10-07,9
2023-07-11,West,Printer,5,569.62,Store C,Wholesale,Diana,Debit Card,FREESHIP,0,REG100597,Cust 6104,48.8,2023-07-11,2023-07-13,Wendy,2,1,False,3,0.0,7,2023,11,1,28,2848.1,7,2023-07,3,2023,2023-07-11,2
2023-02-04,South,Chair,2,296.91,Store A,Wholesale,Carlos,Debit Card,WINTER15,0,REG100599,Cust 3573,44.35,2023-02-04,2023-02-07,Sophie,3,5,True,1,14.845500000000001,2,2023,4,5,5,564.129,2,2023-02,1,2023,2023-02-04,3
2023-09-02,South,Printer,2,6.19,Store B,Retail,Frank,Credit Card,FREESHIP,1,REG100600,Cust 5280,47.24,2023-09-02,2023-09-12,Sophie,10,5,True,3,0.6190000000000001,9,2023,2,5,35,11.142000000000001,9,2023-09,3,2023,2023-09-02,10
2024-12-13,Central,Monitor,18,207.35,Store D,Wholesale,Alice,Debit Card,FREESHIP,0,REG100601,Cust 2365,11.17,2024-12-13,2024-12-15,Cameron,2,4,False,4,31.1025,12,2024,13,4,50,3172.4549999999995,12,2024-12,4,2024,2024-12-13,2
2023-10-13,Central,Tablet,5,75.27,Store A,Wholesale,Carlos,Cash,NULL,0,REG100602,Cust 7130,31.61,2023-10-13,2023-10-22,Cameron,9,4,False,4,0.0,10,2023,13,4,41,376.34999999999997,10,2023-10,4,2023,2023-10-13,9
2024-10-03,South,Monitor,3,136.15,Store A,Retail,Diana,Gift Card,SAVE10,0,REG100603,Cust 6539,48.38,2024-10-03,2024-10-07,Sophie,4,3,False,4,13.615000000000002,10,2024,3,3,40,367.6050000000001,10,2024-10,4,2024,2024-10-03,4
2024-04-28,Central,Desk,5,544.66,Store B,Retail,Diana,Online,SAVE10,0,REG100604,Cust 1656,8.39,2024-04-28,2024-05-04,Cameron,6,6,True,2,54.466,4,2024,28,6,17,2450.97,4,2024-04,2,2024,2024-04-28,6
2024-02-07,Central,Desk,8,561.9,Store A,Retail,Bob,Online,FREESHIP,1,REG100605,Cust 1932,15.97,2024-02-07,2024-02-14,Cameron,7,2,False,1,84.285,2,2024,7,2,6,3820.9199999999996,2,2024-02,1,2024,2024-02-07,7
2023-02-08,South,Chair,20,313.47,Store C,Retail,Alice,Online,FREESHIP,0,REG100606,Cust 7367,18.17,2023-02-08,2023-02-11,Sophie,3,2,False,1,47.020500000000006,2,2023,8,2,6,5328.990000000001,2,2023-02,1,2023,2023-02-08,3
2023-06-17,South,Phone,1,418.45,Store C,Retail,Diana,Cash,WINTER15,0,REG100607,Cust 1116,35.58,2023-06-17,2023-06-19,Sophie,2,5,True,2,62.7675,6,2023,17,5,24,355.6825,6,2023-06,2,2023,2023-06-17,2
2024-07-29,West,Monitor,8,420.75,Store B,Wholesale,Bob,Online,SAVE10,1,REG100608,Cust 4464,44.61,2024-07-29,2024-08-01,Wendy,3,0,False,3,42.075,7,2024,29,0,31,3029.4,7,2024-07,3,2024,2024-07-29,3
2024-01-29,West,Printer,16,514.36,Store D,Wholesale,Alice,Online,SAVE10,0,REG100609,Cust 2543,40.75,2024-01-29,2024-02-01,Wendy,3,0,False,1,0.0,1,2024,29,0,5,8229.76,1,2024-01,1,2024,2024-01-29,3
2024-01-18,East,Phone,2,297.2,Store B,Retail,Frank,Gift Card,FREESHIP,0,REG100610,Cust 7948,8.71,2024-01-18,2024-01-23,Eric,5,3,False,1,29.72,1,2024,18,3,3,534.96,1,2024-01,1,2024,2024-01-18,5
2024-08-12,North,Chair,10,278.0,Store C,Retail,Bob,Credit Card,NULL,0,REG100611,Cust 3199,24.25,2024-08-12,2024-08-22,Ryan,10,0,False,3,0.0,8,2024,12,0,33,2780.0,8,2024-08,3,2024,2024-08-12,10
2023-02-26,Central,Desk,16,75.62,Store D,Retail,Diana,Cash,WINTER15,0,REG100613,Cust 3863,27.39,2023-02-26,2023-03-02,Cameron,4,6,True,1,7.562000000000001,2,2023,26,6,8,1088.928,2,2023-02,1,2023,2023-02-26,4
2023-01-07,East,Desk,13,561.62,Store C,Wholesale,Frank,Gift Card,FREESHIP,0,REG100614,Cust 8391,12.91,2023-01-07,2023-01-11,Eric,4,5,True,1,28.081000000000003,1,2023,7,5,1,6936.007,1,2023-01,1,2023,2023-01-07,4
2023-10-24,South,Desk,5,359.61,Store A,Retail,Bob,Online,FREESHIP,0,REG100615,Cust 6711,41.31,2023-10-24,2023-11-03,Sophie,10,1,False,4,0.0,10,2023,24,1,43,1798.0500000000002,10,2023-10,4,2023,2023-10-24,10
2024-01-02,North,Tablet,15,115.48,Store A,Retail,Frank,Credit Card,NULL,0,REG100616,Cust 8653,6.04,2024-01-02,2024-01-12,Ryan,10,1,False,1,17.322,1,2024,2,1,1,1472.37,1,2024-01,1,2024,2024-01-02,10
2024-09-17,South,Laptop,12,596.26,Store D,Wholesale,Eva,Gift Card,WINTER15,0,REG100617,Cust 7937,28.27,2024-09-17,2024-09-25,Sophie,8,1,False,3,89.439,9,2024,17,1,38,6081.852,9,2024-09,3,2024,2024-09-17,8
2024-05-05,Central,Tablet,19,401.68,Store C,Wholesale,Alice,Debit Card,WINTER15,1,REG100618,Cust 5972,37.77,2024-05-05,2024-05-11,Cameron,6,6,True,2,20.084000000000003,5,2024,5,6,18,7250.324,5,2024-05,2,2024,2024-05-05,6
2024-05-14,West,Phone,6,370.08,Store D,Retail,Alice,Online,SAVE10,0,REG100620,Cust 5382,7.39,2024-05-14,2024-05-22,Wendy,8,1,False,2,55.51199999999999,5,2024,14,1,20,1887.408,5,2024-05,2,2024,2024-05-14,8
2024-02-29,North,Chair,15,119.86,Store A,Wholesale,Bob,Debit Card,NULL,1,REG100621,Cust 4323,30.78,2024-02-29,2024-03-05,Ryan,5,3,False,1,17.979,2,2024,29,3,9,1528.2150000000001,2,2024-02,1,2024,2024-02-29,5
2024-12-02,East,Desk,9,363.39,Store B,Wholesale,Diana,Gift Card,NULL,0,REG100623,Cust 3845,41.64,2024-12-02,2024-12-04,Eric,2,0,False,4,18.1695,12,2024,2,0,49,3106.9844999999996,12,2024-12,4,2024,2024-12-02,2
2024-07-30,West,Printer,12,533.77,Store D,Wholesale,Alice,Cash,SAVE10,0,REG100624,Cust 5912,48.71,2024-07-30,2024-08-04,Wendy,5,1,False,3,80.0655,7,2024,30,1,31,5444.454,7,2024-07,3,2024,2024-07-30,5
2023-06-25,South,Desk,12,192.03,Store B,Wholesale,Carlos,Credit Card,NULL,0,REG100625,Cust 4446,41.08,2023-06-25,2023-07-03,Sophie,8,6,True,2,19.203000000000003,6,2023,25,6,25,2073.924,6,2023-06,2,2023,2023-06-25,8
2024-07-10,South,Chair,20,504.22,Store D,Wholesale,Frank,Online,WINTER15,0,REG100626,Cust 6107,14.61,2024-07-10,2024-07-19,Sophie,9,2,False,3,0.0,7,2024,10,2,28,10084.400000000001,7,2024-07,3,2024,2024-07-10,9
2023-01-06,East,Laptop,7,193.66,Store A,Wholesale,Diana,Credit Card,FREESHIP,0,REG100627,Cust 3330,39.01,2023-01-06,2023-01-15,Eric,9,4,False,1,19.366,1,2023,6,4,1,1220.058,1,2023-01,1,2023,2023-01-06,9
2024-02-24,South,Chair,3,270.83,Store B,Wholesale,Carlos,Online,SAVE10,1,REG100628,Cust 3604,17.2,2024-02-24,2024-02-29,Sophie,5,5,True,1,27.083,2,2024,24,5,8,731.241,2,2024-02,1,2024,2024-02-24,5
2023-12-11,Central,Tablet,18,62.08,Store B,Retail,Diana,Credit Card,SAVE10,1,REG100629,Cust 7412,8.67,2023-12-11,2023-12-20,Cameron,9,0,False,4,0.0,12,2023,11,0,50,1117.44,12,2023-12,4,2023,2023-12-11,9
2023-09-22,South,Phone,7,480.08,Store B,Wholesale,Diana,Online,NULL,1,REG100632,Cust 2123,44.37,2023-09-22,2023-09-27,Sophie,5,4,False,3,48.008,9,2023,22,4,38,3024.504,9,2023-09,3,2023,2023-09-22,5
2023-12-23,West,Tablet,18,60.66,Store A,Retail,Bob,Online,FREESHIP,1,REG100633,Cust 8684,10.08,2023-12-23,2023-12-28,Wendy,5,5,True,4,0.0,12,2023,23,5,51,1091.8799999999999,12,2023-12,4,2023,2023-12-23,5
2023-12-13,Central,Tablet,11,133.08,Store A,Wholesale,Frank,Credit Card,WINTER15,0,REG100637,Cust 7855,44.61,2023-12-13,2023-12-22,Cameron,9,2,False,4,19.962,12,2023,13,2,50,1244.298,12,2023-12,4,2023,2023-12-13,9
2024-02-07,East,Chair,13,448.68,Store B,Wholesale,Diana,Credit Card,FREESHIP,1,REG100638,Cust 4101,16.82,2024-02-07,2024-02-11,Eric,4,2,False,1,44.868,2,2024,7,2,6,5249.5560000000005,2,2024-02,1,2024,2024-02-07,4
2024-04-24,North,Tablet,19,36.23,Store B,Wholesale,Diana,Debit Card,WINTER15,0,REG100639,Cust 7964,33.94,2024-04-24,2024-04-27,Ryan,3,2,False,2,0.0,4,2024,24,2,17,688.3699999999999,4,2024-04,2,2024,2024-04-24,3
2023-09-11,West,Chair,14,113.77,Store C,Retail,Eva,Cash,FREESHIP,0,REG100640,Cust 5857,25.35,2023-09-11,2023-09-16,Wendy,5,0,False,3,0.0,9,2023,11,0,37,1592.78,9,2023-09,3,2023,2023-09-11,5
2024-12-23,South,Chair,10,418.93,Store C,Wholesale,Bob,Credit Card,FREESHIP,0,REG100643,Cust 8111,45.63,2024-12-23,2024-12-28,Sophie,5,0,False,4,41.893,12,2024,23,0,52,3770.3700000000003,12,2024-12,4,2024,2024-12-23,5
2023-08-27,East,Monitor,12,303.09,Store B,Wholesale,Alice,Gift Card,WINTER15,1,REG100644,Cust 4715,5.48,2023-08-27,2023-09-03,Eric,7,6,True,3,0.0,8,2023,27,6,34,3637.08,8,2023-08,3,2023,2023-08-27,7
2023-01-09,East,Monitor,10,209.95,Store A,Wholesale,Eva,Cash,WINTER15,0,REG100645,Cust 8720,10.99,2023-01-09,2023-01-13,Eric,4,0,False,1,20.995,1,2023,9,0,2,1889.55,1,2023-01,1,2023,2023-01-09,4
2023-09-06,South,Phone,7,18.36,Store D,Retail,Alice,Online,NULL,0,REG100647,Cust 6946,48.92,2023-09-06,2023-09-11,Sophie,5,2,False,3,1.836,9,2023,6,2,36,115.66799999999999,9,2023-09,3,2023,2023-09-06,5
2023-01-21,East,Monitor,9,475.38,Store A,Wholesale,Carlos,Debit Card,SAVE10,0,REG100648,Cust 9888,39.98,2023-01-21,2023-01-27,Eric,6,5,True,1,47.538000000000004,1,2023,21,5,3,3850.578,1,2023-01,1,2023,2023-01-21,6
2024-04-26,Central,Chair,12,591.92,Store D,Retail,Eva,Debit Card,SAVE10,0,REG100649,Cust 4009,25.2,2024-04-26,2024-05-06,Cameron,10,4,False,2,0.0,4,2024,26,4,17,7103.039999999999,4,2024-04,2,2024,2024-04-26,10
2023-06-27,North,Phone,7,93.23,Store B,Retail,Alice,Credit Card,FREESHIP,1,REG100650,Cust 9489,6.47,2023-06-27,2023-06-30,Ryan,3,1,False,2,4.6615,6,2023,27,1,26,619.9795,6,2023-06,2,2023,2023-06-27,3
2023-01-01,East,Tablet,15,298.71,Store C,Retail,Bob,Debit Card,SAVE10,0,REG100651,Cust 2446,11.38,2023-01-01,2023-01-08,Eric,7,6,True,1,0.0,1,2023,1,6,52,4480.65,1,2023-01,1,2023,2023-01-01,7
2023-12-30,West,Tablet,15,52.37,Store A,Retail,Diana,Online,SAVE10,0,REG100652,Cust 4150,8.93,2023-12-30,2024-01-02,Wendy,3,5,True,4,7.855499999999999,12,2023,30,5,52,667.7175,12,2023-12,4,2023,2023-12-30,3
2023-01-22,Central,Phone,6,104.19,Store C,Retail,Diana,Online,NULL,0,REG100653,Cust 3569,8.62,2023-01-22,2023-01-24,Cameron,2,6,True,1,10.419,1,2023,22,6,3,562.626,1,2023-01,1,2023,2023-01-22,2
2024-07-27,South,Laptop,8,493.09,Store A,Retail,Diana,Credit Card,FREESHIP,0,REG100654,Cust 1023,11.49,2024-07-27,2024-08-05,Sophie,9,5,True,3,24.6545,7,2024,27,5,30,3747.4839999999995,7,2024-07,3,2024,2024-07-27,9
2024-01-15,South,Chair,6,291.58,Store B,Wholesale,Frank,Credit Card,FREESHIP,0,REG100655,Cust 3748,30.25,2024-01-15,2024-01-17,Sophie,2,0,False,1,0.0,1,2024,15,0,3,1749.48,1,2024-01,1,2024,2024-01-15,2
2024-01-04,West,Tablet,1,103.13,Store B,Wholesale,Bob,Online,FREESHIP,0,REG100656,Cust 4798,42.38,2024-01-04,2024-01-14,Wendy,10,3,False,1,0.0,1,2024,4,3,1,103.13,1,2024-01,1,2024,2024-01-04,10
2023-02-09,East,Monitor,1,541.9,Store A,Retail,Eva,Cash,WINTER15,0,REG100657,Cust 8305,40.35,2023-02-09,2023-02-19,Eric,10,3,False,1,27.095,2,2023,9,3,6,514.805,2,2023-02,1,2023,2023-02-09,10
2024-06-20,North,Phone,11,303.09,Store D,Wholesale,Diana,Online,SAVE10,0,REG100658,Cust 3864,21.88,2024-06-20,2024-06-24,Ryan,4,3,False,2,30.308999999999997,6,2024,20,3,25,3000.591,6,2024-06,2,2024,2024-06-20,4
2023-02-21,Central,Desk,11,61.81,Store C,Retail,Bob,Gift Card,WINTER15,0,REG100659,Cust 3459,47.95,2023-02-21,2023-03-03,Cameron,10,1,False,1,3.0905000000000005,2,2023,21,1,8,645.9145000000001,2,2023-02,1,2023,2023-02-21,10
2023-08-16,Central,Desk,8,355.15,Store B,Retail,Carlos,Online,NULL,1,REG100660,Cust 1187,38.59,2023-08-16,2023-08-24,Cameron,8,2,False,3,35.515,8,2023,16,2,33,2557.08,8,2023-08,3,2023,2023-08-16,8
2023-11-03,West,Monitor,11,119.84,Store D,Wholesale,Eva,Online,SAVE10,0,REG100661,Cust 7509,16.64,2023-11-03,2023-11-11,Wendy,8,4,False,4,11.984000000000002,11,2023,3,4,44,1186.416,11,2023-11,4,2023,2023-11-03,8
2024-04-26,South,Laptop,16,318.32,Store C,Wholesale,Diana,Credit Card,FREESHIP,0,REG100662,Cust 1869,40.78,2024-04-26,2024-05-01,Sophie,5,4,False,2,15.916,4,2024,26,4,17,4838.464,4,2024-04,2,2024,2024-04-26,5
2024-10-08,South,Desk,9,446.49,Store D,Wholesale,Carlos,Cash,FREESHIP,0,REG100663,Cust 5943,5.77,2024-10-08,2024-10-17,Sophie,9,1,False,4,66.9735,10,2024,8,1,41,3415.6485,10,2024-10,4,2024,2024-10-08,9
2023-01-09,South,Desk,16,258.82,Store D,Retail,Diana,Online,SAVE10,0,REG100664,Cust 8364,46.93,2023-01-09,2023-01-17,Sophie,8,0,False,1,25.882,1,2023,9,0,2,3727.008,1,2023-01,1,2023,2023-01-09,8
2023-12-25,North,Printer,9,272.68,Store D,Wholesale,Eva,Online,SAVE10,0,REG100665,Cust 8401,16.43,2023-12-25,2024-01-02,Ryan,8,0,False,4,13.634,12,2023,25,0,52,2331.4139999999998,12,2023-12,4,2023,2023-12-25,8
2024-05-11,Central,Monitor,12,438.77,Store C,Retail,Eva,Debit Card,SAVE10,0,REG100666,Cust 4047,9.31,2024-05-11,2024-05-20,Cameron,9,5,True,2,0.0,5,2024,11,5,19,5265.24,5,2024-05,2,2024,2024-05-11,9
2023-11-23,West,Tablet,18,267.63,Store B,Retail,Carlos,Gift Card,SAVE10,0,REG100667,Cust 6019,44.48,2023-11-23,2023-11-26,Wendy,3,3,False,4,0.0,11,2023,23,3,47,4817.34,11,2023-11,4,2023,2023-11-23,3
2023-12-10,Central,Printer,6,115.94,Store A,Wholesale,Carlos,Credit Card,SAVE10,0,REG100668,Cust 8750,23.91,2023-12-10,2023-12-12,Cameron,2,6,True,4,5.797000000000001,12,2023,10,6,49,660.858,12,2023-12,4,2023,2023-12-10,2
2024-02-03,North,Printer,19,275.78,Store C,Retail,Frank,Cash,SAVE10,0,REG100669,Cust 5782,47.0,2024-02-03,2024-02-05,Ryan,2,5,True,1,0.0,2,2024,3,5,5,5239.82,2,2024-02,1,2024,2024-02-03,2
2024-11-24,Central,Chair,12,255.93,Store B,Retail,Eva,Cash,WINTER15,0,REG100670,Cust 4090,23.74,2024-11-24,2024-12-04,Cameron,10,6,True,4,0.0,11,2024,24,6,47,3071.16,11,2024-11,4,2024,2024-11-24,10
2024-03-06,West,Phone,1,381.21,Store D,Wholesale,Bob,Online,NULL,0,REG100671,Cust 4730,9.95,2024-03-06,2024-03-11,Wendy,5,2,False,1,57.18149999999999,3,2024,6,2,10,324.02849999999995,3,2024-03,1,2024,2024-03-06,5
2024-06-04,Central,Laptop,7,225.86,Store B,Wholesale,Carlos,Debit Card,NULL,0,REG100673,Cust 8933,24.48,2024-06-04,2024-06-09,Cameron,5,1,False,2,0.0,6,2024,4,1,23,1581.02,6,2024-06,2,2024,2024-06-04,5
2023-08-06,Central,Desk,8,548.02,Store D,Retail,Eva,Online,NULL,0,REG100674,Cust 9280,33.4,2023-08-06,2023-08-13,Cameron,7,6,True,3,27.401,8,2023,6,6,31,4164.951999999999,8,2023-08,3,2023,2023-08-06,7
2023-06-30,West,Printer,18,485.3,Store D,Wholesale,Bob,Debit Card,FREESHIP,1,REG100675,Cust 8696,47.77,2023-06-30,2023-07-05,Wendy,5,4,False,2,24.265,6,2023,30,4,26,8298.63,6,2023-06,2,2023,2023-06-30,5
2023-02-15,West,Printer,19,414.31,Store A,Retail,Eva,Credit Card,SAVE10,0,REG100676,Cust 1944,17.43,2023-02-15,2023-02-19,Wendy,4,2,False,1,41.431000000000004,2,2023,15,2,7,7084.701,2,2023-02,1,2023,2023-02-15,4
2024-01-23,North,Printer,8,50.72,Store A,Wholesale,Carlos,Debit Card,NULL,0,REG100677,Cust 7780,12.35,2024-01-23,2024-01-30,Ryan,7,1,False,1,2.536,1,2024,23,1,4,385.472,1,2024-01,1,2024,2024-01-23,7
2024-10-31,North,Tablet,17,83.26,Store A,Wholesale,Eva,Cash,SAVE10,0,REG100678,Cust 8055,42.68,2024-10-31,2024-11-06,Ryan,6,3,False,4,12.489,10,2024,31,3,44,1203.107,10,2024-10,4,2024,2024-10-31,6
2023-12-19,Central,Desk,20,51.85,Store C,Wholesale,Carlos,Cash,NULL,0,REG100679,Cust 4707,33.16,2023-12-19,2023-12-21,Cameron,2,1,False,4,7.7775,12,2023,19,1,51,881.4499999999999,12,2023-12,4,2023,2023-12-19,2
2023-07-04,South,Tablet,12,122.51,Store B,Wholesale,Diana,Gift Card,WINTER15,0,REG100680,Cust 8088,43.47,2023-07-04,2023-07-06,Sophie,2,1,False,3,6.125500000000001,7,2023,4,1,27,1396.614,7,2023-07,3,2023,2023-07-04,2
2024-05-16,East,Laptop,11,222.13,Store D,Wholesale,Eva,Cash,WINTER15,1,REG100681,Cust 7806,9.88,2024-05-16,2024-05-18,Eric,2,3,False,2,33.3195,5,2024,16,3,20,2076.9154999999996,5,2024-05,2,2024,2024-05-16,2
2023-09-16,North,Monitor,8,204.84,Store C,Retail,Bob,Cash,NULL,0,REG100682,Cust 7033,43.4,2023-09-16,2023-09-21,Ryan,5,5,True,3,0.0,9,2023,16,5,37,1638.72,9,2023-09,3,2023,2023-09-16,5
2024-11-22,East,Chair,3,536.97,Store C,Wholesale,Carlos,Debit Card,NULL,0,REG100683,Cust 8372,13.86,2024-11-22,2024-12-01,Eric,9,4,False,4,0.0,11,2024,22,4,47,1610.91,11,2024-11,4,2024,2024-11-22,9
2024-04-13,West,Chair,15,553.01,Store A,Retail,Carlos,Credit Card,SAVE10,1,REG100684,Cust 1935,23.3,2024-04-13,2024-04-21,Wendy,8,5,True,2,55.301,4,2024,13,5,15,7465.635,4,2024-04,2,2024,2024-04-13,8
2024-06-30,South,Chair,20,284.82,Store D,Retail,Alice,Credit Card,WINTER15,1,REG100685,Cust 8417,27.0,2024-06-30,2024-07-06,Sophie,6,6,True,2,28.482,6,2024,30,6,26,5126.76,6,2024-06,2,2024,2024-06-30,6
2024-08-29,North,Desk,18,523.87,Store C,Retail,Diana,Gift Card,WINTER15,0,REG100686,Cust 3370,42.63,2024-08-29,2024-09-02,Ryan,4,3,False,3,78.5805,8,2024,29,3,35,8015.210999999999,8,2024-08,3,2024,2024-08-29,4
2023-12-26,Central,Desk,3,232.13,Store B,Retail,Diana,Cash,NULL,1,REG100687,Cust 3664,46.65,2023-12-26,2023-12-31,Cameron,5,1,False,4,23.213,12,2023,26,1,52,626.751,12,2023-12,4,2023,2023-12-26,5
2023-05-17,South,Chair,1,396.35,Store B,Retail,Frank,Debit Card,SAVE10,1,REG100689,Cust 3037,19.89,2023-05-17,2023-05-25,Sophie,8,2,False,2,59.4525,5,2023,17,2,20,336.89750000000004,5,2023-05,2,2023,2023-05-17,8
2024-01-27,Central,Desk,17,108.48,Store A,Wholesale,Carlos,Online,NULL,1,REG100690,Cust 9828,48.9,2024-01-27,2024-02-05,Cameron,9,5,True,1,10.848,1,2024,27,5,4,1659.7440000000001,1,2024-01,1,2024,2024-01-27,9
2024-02-22,West,Tablet,6,345.9,Store B,Retail,Frank,Credit Card,WINTER15,0,REG100693,Cust 1344,30.58,2024-02-22,2024-03-03,Wendy,10,3,False,1,51.885,2,2024,22,3,8,1764.0899999999997,2,2024-02,1,2024,2024-02-22,10
2024-01-09,Central,Printer,11,404.88,Store A,Wholesale,Alice,Gift Card,SAVE10,0,REG100695,Cust 3721,18.92,2024-01-09,2024-01-16,Cameron,7,1,False,1,20.244,1,2024,9,1,2,4230.996,1,2024-01,1,2024,2024-01-09,7
2023-04-17,Central,Desk,5,547.53,Store A,Retail,Eva,Debit Card,NULL,0,REG100697,Cust 3958,24.68,2023-04-17,2023-04-21,Cameron,4,0,False,2,54.753,4,2023,17,0,16,2463.8849999999998,4,2023-04,2,2023,2023-04-17,4
2024-06-16,South,Desk,12,348.88,Store C,Wholesale,Alice,Credit Card,SAVE10,0,REG100698,Cust 6914,31.28,2024-06-16,2024-06-21,Sophie,5,6,True,2,0.0,6,2024,16,6,24,4186.5599999999995,6,2024-06,2,2024,2024-06-16,5
2024-11-01,South,Phone,15,486.03,Store C,Wholesale,Alice,Debit Card,WINTER15,0,REG100699,Cust 3287,14.9,2024-11-01,2024-11-04,Sophie,3,4,False,4,0.0,11,2024,1,4,44,7290.45,11,2024-11,4,2024,2024-11-01,3
2024-11-24,South,Monitor,12,173.79,Store D,Retail,Eva,Credit Card,NULL,0,REG100701,Cust 3098,21.23,2024-11-24,2024-12-04,Sophie,10,6,True,4,26.068499999999997,11,2024,24,6,47,1772.658,11,2024-11,4,2024,2024-11-24,10
2024-04-23,Central,Monitor,13,439.75,Store A,Wholesale,Frank,Online,NULL,1,REG100702,Cust 7942,12.23,2024-04-23,2024-05-02,Cameron,9,1,False,2,0.0,4,2024,23,1,17,5716.75,4,2024-04,2,2024,2024-04-23,9
2024-06-24,East,Laptop,9,265.43,Store D,Wholesale,Eva,Credit Card,FREESHIP,0,REG100703,Cust 4307,40.18,2024-06-24,2024-06-27,Eric,3,0,False,2,13.271500000000001,6,2024,24,0,26,2269.4264999999996,6,2024-06,2,2024,2024-06-24,3
2023-03-12,West,Tablet,6,88.7,Store B,Wholesale,Carlos,Gift Card,NULL,0,REG100705,Cust 5322,16.98,2023-03-12,2023-03-14,Wendy,2,6,True,1,0.0,3,2023,12,6,10,532.2,3,2023-03,1,2023,2023-03-12,2
2024-11-11,Central,Desk,2,239.69,Store C,Retail,Diana,Credit Card,WINTER15,0,REG100706,Cust 9873,28.96,2024-11-11,2024-11-19,Cameron,8,0,False,4,0.0,11,2024,11,0,46,479.38,11,2024-11,4,2024,2024-11-11,8
2024-10-17,Central,Tablet,8,39.79,Store C,Retail,Bob,Credit Card,SAVE10,0,REG100707,Cust 3652,46.16,2024-10-17,2024-10-26,Cameron,9,3,False,4,3.979,10,2024,17,3,42,286.488,10,2024-10,4,2024,2024-10-17,9
2023-05-10,East,Printer,18,206.8,Store A,Retail,Frank,Debit Card,FREESHIP,1,REG100708,Cust 5569,39.25,2023-05-10,2023-05-13,Eric,3,2,False,2,10.340000000000002,5,2023,10,2,19,3536.2799999999997,5,2023-05,2,2023,2023-05-10,3
2023-07-29,East,Laptop,18,175.81,Store C,Retail,Eva,Gift Card,WINTER15,1,REG100709,Cust 5369,26.97,2023-07-29,2023-08-07,Eric,9,5,True,3,0.0,7,2023,29,5,30,3164.58,7,2023-07,3,2023,2023-07-29,9
2023-08-26,Central,Phone,14,547.36,Store C,Retail,Diana,Online,FREESHIP,0,REG100710,Cust 9044,25.24,2023-08-26,2023-08-29,Cameron,3,5,True,3,82.104,8,2023,26,5,34,6513.584,8,2023-08,3,2023,2023-08-26,3
2023-12-28,East,Laptop,19,374.8,Store A,Retail,Carlos,Online,WINTER15,0,REG100711,Cust 1887,41.67,2023-12-28,2024-01-03,Eric,6,3,False,4,18.740000000000002,12,2023,28,3,52,6765.139999999999,12,2023-12,4,2023,2023-12-28,6
2023-09-09,Central,Desk,1,223.56,Store B,Wholesale,Bob,Credit Card,WINTER15,0,REG100713,Cust 1722,37.84,2023-09-09,2023-09-14,Cameron,5,5,True,3,33.534,9,2023,9,5,36,190.026,9,2023-09,3,2023,2023-09-09,5
2023-05-28,North,Tablet,2,294.27,Store C,Retail,Diana,Gift Card,NULL,0,REG100714,Cust 9029,9.05,2023-05-28,2023-06-01,Ryan,4,6,True,2,29.427,5,2023,28,6,21,529.686,5,2023-05,2,2023,2023-05-28,4
2023-09-30,East,Laptop,14,243.96,Store D,Wholesale,Diana,Online,NULL,1,REG100716,Cust 2484,13.24,2023-09-30,2023-10-04,Eric,4,5,True,3,12.198,9,2023,30,5,39,3244.668,9,2023-09,3,2023,2023-09-30,4
2024-10-08,South,Laptop,6,48.48,Store D,Retail,Diana,Online,NULL,0,REG100717,Cust 4763,6.11,2024-10-08,2024-10-13,Sophie,5,1,False,4,4.848,10,2024,8,1,41,261.79200000000003,10,2024-10,4,2024,2024-10-08,5
2023-04-14,East,Laptop,20,87.47,Store B,Retail,Carlos,Online,WINTER15,0,REG100718,Cust 5016,48.48,2023-04-14,2023-04-23,Eric,9,4,False,2,0.0,4,2023,14,4,15,1749.4,4,2023-04,2,2023,2023-04-14,9
2023-03-05,South,Monitor,17,465.6,Store C,Retail,Bob,Debit Card,SAVE10,0,REG100719,Cust 5528,7.76,2023-03-05,2023-03-10,Sophie,5,6,True,1,46.56,3,2023,5,6,9,7123.680000000001,3,2023-03,1,2023,2023-03-05,5
2024-07-17,North,Desk,17,279.38,Store B,Wholesale,Frank,Credit Card,WINTER15,0,REG100720,Cust 6922,30.3,2024-07-17,2024-07-20,Ryan,3,2,False,3,13.969000000000001,7,2024,17,2,29,4511.987,7,2024-07,3,2024,2024-07-17,3
2024-05-20,North,Tablet,16,427.68,Store A,Retail,Carlos,Debit Card,NULL,0,REG100721,Cust 4807,18.72,2024-05-20,2024-05-29,Ryan,9,0,False,2,42.768,5,2024,20,0,21,6158.592000000001,5,2024-05,2,2024,2024-05-20,9
2023-01-15,North,Desk,15,185.0,Store B,Wholesale,Alice,Cash,FREESHIP,0,REG100723,Cust 2871,29.31,2023-01-15,2023-01-17,Ryan,2,6,True,1,0.0,1,2023,15,6,2,2775.0,1,2023-01,1,2023,2023-01-15,2
2024-01-09,Central,Monitor,19,380.82,Store D,Wholesale,Diana,Credit Card,SAVE10,0,REG100724,Cust 6229,48.73,2024-01-09,2024-01-12,Cameron,3,1,False,1,38.082,1,2024,9,1,2,6512.022,1,2024-01,1,2024,2024-01-09,3
2023-07-12,South,Chair,4,444.87,Store B,Retail,Carlos,Online,FREESHIP,0,REG100725,Cust 4560,47.14,2023-07-12,2023-07-21,Sophie,9,2,False,3,66.73049999999999,7,2023,12,2,28,1512.558,7,2023-07,3,2023,2023-07-12,9
2024-12-29,North,Printer,5,34.58,Store A,Retail,Frank,Gift Card,WINTER15,0,REG100727,Cust 6333,27.1,2024-12-29,2025-01-02,Ryan,4,6,True,4,3.458,12,2024,29,6,52,155.60999999999999,12,2024-12,4,2024,2024-12-29,4
2023-05-23,West,Tablet,9,438.22,Store D,Retail,Bob,Cash,NULL,0,REG100728,Cust 4678,22.73,2023-05-23,2023-05-29,Wendy,6,1,False,2,21.911,5,2023,23,1,21,3746.7810000000004,5,2023-05,2,2023,2023-05-23,6
2024-04-03,Central,Desk,5,84.91,Store A,Retail,Carlos,Cash,FREESHIP,1,REG100729,Cust 6657,29.06,2024-04-03,2024-04-09,Cameron,6,2,False,2,8.491,4,2024,3,2,14,382.09499999999997,4,2024-04,2,2024,2024-04-03,6
2024-01-17,East,Laptop,7,322.11,Store C,Wholesale,Diana,Debit Card,SAVE10,0,REG100730,Cust 1267,19.91,2024-01-17,2024-01-27,Eric,10,2,False,1,32.211000000000006,1,2024,17,2,3,2029.2930000000001,1,2024-01,1,2024,2024-01-17,10
2024-10-12,Central,Laptop,2,48.02,Store C,Retail,Carlos,Debit Card,FREESHIP,1,REG100733,Cust 4803,25.81,2024-10-12,2024-10-15,Cameron,3,5,True,4,2.4010000000000002,10,2024,12,5,41,91.238,10,2024-10,4,2024,2024-10-12,3
2024-07-27,Central,Chair,1,534.28,Store D,Wholesale,Eva,Online,FREESHIP,0,REG100734,Cust 8633,31.3,2024-07-27,2024-08-01,Cameron,5,5,True,3,53.428,7,2024,27,5,30,480.852,7,2024-07,3,2024,2024-07-27,5
2024-07-25,South,Chair,12,61.85,Store D,Wholesale,Alice,Credit Card,NULL,1,REG100736,Cust 8992,24.34,2024-07-25,2024-07-31,Sophie,6,3,False,3,3.0925000000000002,7,2024,25,3,30,705.09,7,2024-07,3,2024,2024-07-25,6
2024-05-22,West,Tablet,6,268.34,Store A,Wholesale,Diana,Debit Card,WINTER15,1,REG100737,Cust 1889,35.69,2024-05-22,2024-05-25,Wendy,3,2,False,2,26.834,5,2024,22,2,21,1449.036,5,2024-05,2,2024,2024-05-22,3
2024-08-10,Central,Desk,4,529.03,Store B,Wholesale,Carlos,Online,SAVE10,0,REG100738,Cust 5411,25.96,2024-08-10,2024-08-20,Cameron,10,5,True,3,26.4515,8,2024,10,5,32,2010.3139999999999,8,2024-08,3,2024,2024-08-10,10
2023-04-27,West,Tablet,2,107.32,Store B,Retail,Alice,Credit Card,NULL,0,REG100739,Cust 3411,47.33,2023-04-27,2023-04-29,Wendy,2,3,False,2,5.366,4,2023,27,3,17,203.908,4,2023-04,2,2023,2023-04-27,2
2023-06-21,South,Tablet,1,500.96,Store C,Wholesale,Frank,Online,WINTER15,0,REG100740,Cust 7449,42.1,2023-06-21,2023-06-25,Sophie,4,2,False,2,25.048000000000002,6,2023,21,2,25,475.912,6,2023-06,2,2023,2023-06-21,4
2024-10-11,West,Printer,17,549.78,Store B,Wholesale,Alice,Credit Card,NULL,1,REG100741,Cust 4788,44.42,2024-10-11,2024-10-14,Wendy,3,4,False,4,27.489,10,2024,11,4,41,8878.947,10,2024-10,4,2024,2024-10-11,3
2024-06-18,South,Chair,17,504.08,Store A,Wholesale,Diana,Online,SAVE10,0,REG100743,Cust 8018,26.47,2024-06-18,2024-06-26,Sophie,8,1,False,2,50.408,6,2024,18,1,25,7712.424000000001,6,2024-06,2,2024,2024-06-18,8
2024-10-29,South,Laptop,2,267.36,Store B,Wholesale,Frank,Online,NULL,0,REG100745,Cust 7020,21.36,2024-10-29,2024-11-07,Sophie,9,1,False,4,13.368000000000002,10,2024,29,1,44,507.984,10,2024-10,4,2024,2024-10-29,9
2023-01-31,Central,Tablet,13,132.97,Store B,Wholesale,Frank,Debit Card,WINTER15,0,REG100747,Cust 4592,42.87,2023-01-31,2023-02-05,Cameron,5,1,False,1,6.6485,1,2023,31,1,5,1642.1794999999997,1,2023-01,1,2023,2023-01-31,5
2024-03-15,West,Chair,14,476.28,Store A,Wholesale,Eva,Credit Card,FREESHIP,0,REG100748,Cust 5482,22.11,2024-03-15,2024-03-20,Wendy,5,4,False,1,47.628,3,2024,15,4,11,6001.128000000001,3,2024-03,1,2024,2024-03-15,5
2023-06-23,North,Tablet,16,294.88,Store B,Retail,Frank,Cash,NULL,1,REG100749,Cust 1947,17.19,2023-06-23,2023-06-27,Ryan,4,4,False,2,14.744,6,2023,23,4,25,4482.1759999999995,6,2023-06,2,2023,2023-06-23,4
2024-06-14,North,Monitor,19,596.03,Store C,Retail,Eva,Debit Card,NULL,0,REG100750,Cust 2801,31.95,2024-06-14,2024-06-23,Ryan,9,4,False,2,89.4045,6,2024,14,4,24,9625.8845,6,2024-06,2,2024,2024-06-14,9
2023-11-30,West,Desk,6,182.4,Store B,Wholesale,Alice,Online,FREESHIP,1,REG100751,Cust 8206,49.49,2023-11-30,2023-12-09,Wendy,9,3,False,4,0.0,11,2023,30,3,48,1094.4,11,2023-11,4,2023,2023-11-30,9
2024-04-21,North,Laptop,10,400.95,Store C,Retail,Carlos,Online,NULL,0,REG100752,Cust 5277,17.46,2024-04-21,2024-04-30,Ryan,9,6,True,2,20.0475,4,2024,21,6,16,3809.0249999999996,4,2024-04,2,2024,2024-04-21,9
2023-08-06,East,Desk,7,373.66,Store B,Retail,Alice,Gift Card,SAVE10,0,REG100753,Cust 8900,46.33,2023-08-06,2023-08-12,Eric,6,6,True,3,18.683000000000003,8,2023,6,6,31,2484.8390000000004,8,2023-08,3,2023,2023-08-06,6
2024-06-21,West,Desk,7,355.66,Store C,Retail,Carlos,Gift Card,FREESHIP,1,REG100754,Cust 9387,28.77,2024-06-21,2024-06-27,Wendy,6,4,False,2,53.349000000000004,6,2024,21,4,25,2116.177,6,2024-06,2,2024,2024-06-21,6
2024-04-20,West,Tablet,10,370.99,Store B,Retail,Frank,Online,SAVE10,1,REG100756,Cust 4868,11.16,2024-04-20,2024-04-25,Wendy,5,5,True,2,55.6485,4,2024,20,5,16,3153.415,4,2024-04,2,2024,2024-04-20,5
2024-12-20,East,Laptop,2,548.72,Store A,Wholesale,Frank,Credit Card,FREESHIP,1,REG100757,Cust 5239,26.35,2024-12-20,2024-12-29,Eric,9,4,False,4,54.87200000000001,12,2024,20,4,51,987.696,12,2024-12,4,2024,2024-12-20,9
2023-08-22,North,Printer,8,343.53,Store A,Wholesale,Frank,Cash,NULL,0,REG100758,Cust 4703,16.1,2023-08-22,2023-09-01,Ryan,10,1,False,3,0.0,8,2023,22,1,34,2748.24,8,2023-08,3,2023,2023-08-22,10
2023-03-04,North,Tablet,13,494.78,Store A,Wholesale,Diana,Cash,FREESHIP,0,REG100759,Cust 7224,5.85,2023-03-04,2023-03-13,Ryan,9,5,True,1,74.217,3,2023,4,5,9,5467.3189999999995,3,2023-03,1,2023,2023-03-04,9
2024-06-24,North,Laptop,9,36.62,Store B,Wholesale,Eva,Debit Card,FREESHIP,1,REG100760,Cust 4751,29.9,2024-06-24,2024-07-01,Ryan,7,0,False,2,3.662,6,2024,24,0,26,296.622,6,2024-06,2,2024,2024-06-24,7
2024-12-09,East,Tablet,14,216.2,Store C,Wholesale,Diana,Online,WINTER15,0,REG100761,Cust 1201,14.39,2024-12-09,2024-12-13,Eric,4,0,False,4,0.0,12,2024,9,0,50,3026.7999999999997,12,2024-12,4,2024,2024-12-09,4
2024-07-04,West,Laptop,11,128.99,Store A,Retail,Diana,Debit Card,SAVE10,0,REG100762,Cust 9584,38.58,2024-07-04,2024-07-07,Wendy,3,3,False,3,6.4495000000000005,7,2024,4,3,27,1347.9455,7,2024-07,3,2024,2024-07-04,3
2024-01-22,East,Printer,11,277.95,Store A,Retail,Frank,Gift Card,WINTER15,0,REG100764,Cust 2835,44.04,2024-01-22,2024-01-29,Eric,7,0,False,1,13.8975,1,2024,22,0,4,2904.5775,1,2024-01,1,2024,2024-01-22,7
2024-05-23,East,Desk,4,20.96,Store D,Wholesale,Bob,Online,FREESHIP,1,REG100767,Cust 5926,33.67,2024-05-23,2024-05-31,Eric,8,3,False,2,1.048,5,2024,23,3,21,79.648,5,2024-05,2,2024,2024-05-23,8
2023-09-17,North,Desk,18,132.29,Store A,Wholesale,Diana,Credit Card,NULL,1,REG100768,Cust 4478,24.3,2023-09-17,2023-09-20,Ryan,3,6,True,3,6.6145,9,2023,17,6,37,2262.1589999999997,9,2023-09,3,2023,2023-09-17,3
2023-06-13,East,Phone,19,199.65,Store A,Retail,Carlos,Cash,SAVE10,1,REG100769,Cust 4711,35.12,2023-06-13,2023-06-18,Eric,5,1,False,2,19.965000000000003,6,2023,13,1,24,3414.015,6,2023-06,2,2023,2023-06-13,5
2023-10-11,East,Tablet,1,315.93,Store C,Retail,Alice,Credit Card,SAVE10,0,REG100771,Cust 2830,43.2,2023-10-11,2023-10-14,Eric,3,2,False,4,47.3895,10,2023,11,2,41,268.5405,10,2023-10,4,2023,2023-10-11,3
2023-08-07,West,Printer,5,596.97,Store A,Retail,Eva,Cash,SAVE10,0,REG100772,Cust 3767,14.43,2023-08-07,2023-08-14,Wendy,7,0,False,3,0.0,8,2023,7,0,32,2984.8500000000004,8,2023-08,3,2023,2023-08-07,7
2023-12-03,North,Laptop,17,376.98,Store A,Retail,Carlos,Debit Card,NULL,1,REG100773,Cust 1561,38.48,2023-12-03,2023-12-05,Ryan,2,6,True,4,18.849,12,2023,3,6,48,6088.227,12,2023-12,4,2023,2023-12-03,2
2024-08-01,Central,Printer,6,208.64,Store D,Retail,Frank,Credit Card,FREESHIP,0,REG100774,Cust 8569,49.93,2024-08-01,2024-08-04,Cameron,3,3,False,3,20.864,8,2024,1,3,31,1126.656,8,2024-08,3,2024,2024-08-01,3
2023-03-20,East,Chair,7,307.82,Store B,Wholesale,Eva,Debit Card,WINTER15,1,REG100775,Cust 1254,14.0,2023-03-20,2023-03-27,Eric,7,0,False,1,0.0,3,2023,20,0,12,2154.74,3,2023-03,1,2023,2023-03-20,7
2024-05-19,East,Desk,17,238.17,Store D,Wholesale,Frank,Cash,FREESHIP,0,REG100778,Cust 7725,21.64,2024-05-19,2024-05-29,Eric,10,6,True,2,35.7255,5,2024,19,6,20,3441.5564999999997,5,2024-05,2,2024,2024-05-19,10
2023-03-04,North,Printer,10,450.71,Store B,Retail,Bob,Gift Card,SAVE10,0,REG100779,Cust 9210,21.31,2023-03-04,2023-03-12,Ryan,8,5,True,1,45.071,3,2023,4,5,9,4056.3899999999994,3,2023-03,1,2023,2023-03-04,8
2023-01-22,Central,Monitor,2,413.36,Store D,Retail,Alice,Online,SAVE10,1,REG100780,Cust 9085,41.69,2023-01-22,2023-01-24,Cameron,2,6,True,1,41.336000000000006,1,2023,22,6,3,744.048,1,2023-01,1,2023,2023-01-22,2
2023-03-20,South,Phone,20,536.71,Store B,Retail,Carlos,Debit Card,SAVE10,0,REG100781,Cust 4937,41.42,2023-03-20,2023-03-25,Sophie,5,0,False,1,80.5065,3,2023,20,0,12,9124.07,3,2023-03,1,2023,2023-03-20,5
2024-06-05,West,Phone,5,206.42,Store D,Retail,Alice,Debit Card,WINTER15,0,REG100782,Cust 3606,35.51,2024-06-05,2024-06-13,Wendy,8,2,False,2,10.321,6,2024,5,2,23,980.4949999999999,6,2024-06,2,2024,2024-06-05,8
2024-07-09,East,Printer,4,256.83,Store A,Wholesale,Carlos,Cash,NULL,1,REG100783,Cust 5865,44.72,2024-07-09,2024-07-17,Eric,8,1,False,3,38.524499999999996,7,2024,9,1,28,873.2219999999999,7,2024-07,3,2024,2024-07-09,8
2024-03-05,South,Printer,7,77.69,Store D,Wholesale,Carlos,Credit Card,SAVE10,0,REG100788,Cust 3937,41.89,2024-03-05,2024-03-12,Sophie,7,1,False,1,0.0,3,2024,5,1,10,543.8299999999999,3,2024-03,1,2024,2024-03-05,7
2024-03-09,East,Phone,20,312.43,Store C,Retail,Carlos,Credit Card,SAVE10,0,REG100789,Cust 5262,28.11,2024-03-09,2024-03-11,Eric,2,5,True,1,0.0,3,2024,9,5,10,6248.6,3,2024-03,1,2024,2024-03-09,2
2024-11-16,West,Tablet,17,266.83,Store D,Retail,Frank,Credit Card,WINTER15,0,REG100791,Cust 8826,32.52,2024-11-16,2024-11-23,Wendy,7,5,True,4,13.3415,11,2024,16,5,46,4309.304499999999,11,2024-11,4,2024,2024-11-16,7
2024-08-01,South,Printer,20,248.11,Store D,Wholesale,Carlos,Online,SAVE10,0,REG100792,Cust 1119,22.96,2024-08-01,2024-08-06,Sophie,5,3,False,3,12.405500000000002,8,2024,1,3,31,4714.09,8,2024-08,3,2024,2024-08-01,5
2024-04-20,West,Chair,5,316.76,Store B,Retail,Alice,Gift Card,FREESHIP,1,REG100793,Cust 2685,12.7,2024-04-20,2024-04-30,Wendy,10,5,True,2,15.838000000000001,4,2024,20,5,16,1504.61,4,2024-04,2,2024,2024-04-20,10
2024-04-20,South,Laptop,2,169.62,Store C,Retail,Alice,Debit Card,NULL,0,REG100794,Cust 5939,45.41,2024-04-20,2024-04-25,Sophie,5,5,True,2,16.962,4,2024,20,5,16,305.31600000000003,4,2024-04,2,2024,2024-04-20,5
2023-09-22,North,Laptop,19,35.38,Store A,Retail,Diana,Online,SAVE10,0,REG100795,Cust 1791,7.06,2023-09-22,2023-09-28,Ryan,6,4,False,3,5.307,9,2023,22,4,38,571.3870000000001,9,2023-09,3,2023,2023-09-22,6
2023-11-28,Central,Laptop,8,157.93,Store B,Retail,Diana,Online,SAVE10,0,REG100798,Cust 9619,6.31,2023-11-28,2023-12-05,Cameron,7,1,False,4,23.6895,11,2023,28,1,48,1073.924,11,2023-11,4,2023,2023-11-28,7
2024-04-08,North,Desk,6,126.86,Store C,Wholesale,Eva,Debit Card,FREESHIP,0,REG100799,Cust 1637,35.49,2024-04-08,2024-04-17,Ryan,9,0,False,2,6.343,4,2024,8,0,15,723.102,4,2024-04,2,2024,2024-04-08,9
2023-02-24,South,Tablet,3,37.63,Store A,Wholesale,Carlos,Debit Card,FREESHIP,0,REG100801,Cust 5737,43.7,2023-02-24,2023-03-03,Sophie,7,4,False,1,3.7630000000000003,2,2023,24,4,8,101.60100000000001,2,2023-02,1,2023,2023-02-24,7
2023-10-19,East,Chair,13,393.1,Store B,Wholesale,Alice,Online,NULL,0,REG100802,Cust 5301,12.64,2023-10-19,2023-10-26,Eric,7,3,False,4,39.31,10,2023,19,3,42,4599.27,10,2023-10,4,2023,2023-10-19,7
2024-06-17,North,Chair,10,83.86,Store A,Wholesale,Alice,Credit Card,NULL,0,REG100803,Cust 2524,41.11,2024-06-17,2024-06-21,Ryan,4,0,False,2,12.578999999999999,6,2024,17,0,25,712.81,6,2024-06,2,2024,2024-06-17,4
2023-06-21,Central,Desk,10,110.07,Store B,Wholesale,Frank,Credit Card,NULL,0,REG100804,Cust 8480,18.47,2023-06-21,2023-06-29,Cameron,8,2,False,2,0.0,6,2023,21,2,25,1100.6999999999998,6,2023-06,2,2023,2023-06-21,8
2024-08-30,East,Phone,6,288.98,Store C,Wholesale,Diana,Gift Card,NULL,0,REG100805,Cust 2595,38.63,2024-08-30,2024-09-02,Eric,3,4,False,3,43.347,8,2024,30,4,35,1473.798,8,2024-08,3,2024,2024-08-30,3
2023-02-23,West,Printer,16,509.08,Store C,Wholesale,Carlos,Online,FREESHIP,0,REG100807,Cust 4240,37.53,2023-02-23,2023-03-02,Wendy,7,3,False,1,0.0,2,2023,23,3,8,8145.28,2,2023-02,1,2023,2023-02-23,7
2023-06-08,South,Phone,9,115.24,Store B,Wholesale,Alice,Credit Card,FREESHIP,0,REG100809,Cust 5133,8.28,2023-06-08,2023-06-14,Sophie,6,3,False,2,0.0,6,2023,8,3,23,1037.1599999999999,6,2023-06,2,2023,2023-06-08,6
2023-03-16,North,Monitor,14,565.45,Store D,Wholesale,Eva,Online,WINTER15,0,REG100810,Cust 1731,24.4,2023-03-16,2023-03-25,Ryan,9,3,False,1,56.54500000000001,3,2023,16,3,11,7124.670000000001,3,2023-03,1,2023,2023-03-16,9
2024-10-23,North,Phone,11,121.54,Store D,Wholesale,Carlos,Credit Card,SAVE10,0,REG100811,Cust 3739,16.62,2024-10-23,2024-10-28,Ryan,5,2,False,4,0.0,10,2024,23,2,43,1336.94,10,2024-10,4,2024,2024-10-23,5
2023-05-06,East,Desk,14,175.66,Store B,Wholesale,Bob,Cash,SAVE10,0,REG100813,Cust 6830,26.12,2023-05-06,2023-05-14,Eric,8,5,True,2,8.783,5,2023,6,5,18,2336.278,5,2023-05,2,2023,2023-05-06,8
2024-08-15,South,Tablet,3,437.97,Store C,Wholesale,Eva,Cash,SAVE10,1,REG100814,Cust 5351,23.29,2024-08-15,2024-08-22,Sophie,7,3,False,3,21.898500000000002,8,2024,15,3,33,1248.2145,8,2024-08,3,2024,2024-08-15,7
2023-08-23,South,Printer,12,411.59,Store B,Wholesale,Diana,Cash,FREESHIP,0,REG100815,Cust 5845,19.17,2023-08-23,2023-08-31,Sophie,8,2,False,3,61.738499999999995,8,2023,23,2,34,4198.218,8,2023-08,3,2023,2023-08-23,8
2024-06-11,Central,Desk,5,538.52,Store B,Wholesale,Alice,Gift Card,NULL,0,REG100817,Cust 4095,45.81,2024-06-11,2024-06-17,Cameron,6,1,False,2,26.926000000000002,6,2024,11,1,24,2557.97,6,2024-06,2,2024,2024-06-11,6
2024-04-29,South,Phone,11,255.95,Store C,Wholesale,Alice,Online,NULL,0,REG100818,Cust 7833,21.99,2024-04-29,2024-05-04,Sophie,5,0,False,2,25.595,4,2024,29,0,18,2533.9049999999997,4,2024-04,2,2024,2024-04-29,5
2023-03-27,South,Desk,7,290.22,Store A,Retail,Alice,Cash,WINTER15,0,REG100819,Cust 5826,33.15,2023-03-27,2023-04-04,Sophie,8,0,False,1,29.022000000000006,3,2023,27,0,13,1828.3860000000002,3,2023-03,1,2023,2023-03-27,8
2024-10-23,North,Chair,20,198.95,Store B,Retail,Diana,Credit Card,NULL,1,REG100820,Cust 9410,5.16,2024-10-23,2024-10-25,Ryan,2,2,False,4,19.895,10,2024,23,2,43,3581.1,10,2024-10,4,2024,2024-10-23,2
2023-06-21,North,Printer,11,577.1,Store C,Retail,Frank,Cash,SAVE10,0,REG100821,Cust 9397,13.16,2023-06-21,2023-06-28,Ryan,7,2,False,2,86.565,6,2023,21,2,25,5395.885,6,2023-06,2,2023,2023-06-21,7
2023-05-12,Central,Printer,10,50.1,Store A,Wholesale,Bob,Cash,FREESHIP,1,REG100822,Cust 6665,23.43,2023-05-12,2023-05-19,Cameron,7,4,False,2,5.010000000000001,5,2023,12,4,19,450.90000000000003,5,2023-05,2,2023,2023-05-12,7
2024-10-20,Central,Printer,19,554.5,Store B,Retail,Carlos,Online,NULL,1,REG100823,Cust 2590,47.16,2024-10-20,2024-10-24,Cameron,4,6,True,4,83.175,10,2024,20,6,42,8955.175,10,2024-10,4,2024,2024-10-20,4
2024-04-04,North,Laptop,14,117.31,Store A,Wholesale,Diana,Online,WINTER15,0,REG100824,Cust 4599,41.24,2024-04-04,2024-04-07,Ryan,3,3,False,2,0.0,4,2024,4,3,14,1642.3400000000001,4,2024-04,2,2024,2024-04-04,3
2023-07-24,South,Phone,20,386.86,Store A,Wholesale,Carlos,Online,WINTER15,0,REG100826,Cust 6177,41.56,2023-07-24,2023-07-29,Sophie,5,0,False,3,19.343000000000004,7,2023,24,0,30,7350.34,7,2023-07,3,2023,2023-07-24,5
2023-09-09,North,Chair,12,81.33,Store D,Wholesale,Carlos,Cash,SAVE10,1,REG100827,Cust 6229,30.73,2023-09-09,2023-09-13,Ryan,4,5,True,3,0.0,9,2023,9,5,36,975.96,9,2023-09,3,2023,2023-09-09,4
2024-04-20,East,Printer,5,550.65,Store A,Retail,Bob,Gift Card,NULL,0,REG100828,Cust 2899,16.82,2024-04-20,2024-04-27,Eric,7,5,True,2,82.5975,4,2024,20,5,16,2340.2625,4,2024-04,2,2024,2024-04-20,7
2023-06-18,West,Tablet,19,25.22,Store C,Wholesale,Bob,Credit Card,NULL,0,REG100830,Cust 7063,31.31,2023-06-18,2023-06-22,Wendy,4,6,True,2,0.0,6,2023,18,6,24,479.17999999999995,6,2023-06,2,2023,2023-06-18,4
2024-11-01,North,Phone,2,437.04,Store C,Wholesale,Frank,Credit Card,SAVE10,1,REG100831,Cust 7487,37.37,2024-11-01,2024-11-08,Ryan,7,4,False,4,0.0,11,2024,1,4,44,874.08,11,2024-11,4,2024,2024-11-01,7
2024-08-12,West,Desk,5,448.86,Store C,Wholesale,Frank,Credit Card,SAVE10,1,REG100832,Cust 5481,21.22,2024-08-12,2024-08-21,Wendy,9,0,False,3,67.329,8,2024,12,0,33,1907.6550000000002,8,2024-08,3,2024,2024-08-12,9
2024-07-20,Central,Laptop,8,224.18,Store B,Retail,Bob,Debit Card,NULL,0,REG100834,Cust 5099,36.9,2024-07-20,2024-07-26,Cameron,6,5,True,3,33.627,7,2024,20,5,29,1524.424,7,2024-07,3,2024,2024-07-20,6
2023-02-17,West,Desk,6,327.69,Store D,Wholesale,Diana,Cash,NULL,0,REG100835,Cust 6615,22.34,2023-02-17,2023-02-21,Wendy,4,4,False,1,16.3845,2,2023,17,4,7,1867.8329999999999,2,2023-02,1,2023,2023-02-17,4
2024-07-02,East,Phone,8,432.27,Store D,Retail,Eva,Cash,FREESHIP,1,REG100836,Cust 6924,20.64,2024-07-02,2024-07-04,Eric,2,1,False,3,21.613500000000002,7,2024,2,1,27,3285.2519999999995,7,2024-07,3,2024,2024-07-02,2
2024-11-21,West,Phone,5,69.29,Store C,Wholesale,Carlos,Credit Card,NULL,0,REG100839,Cust 1974,20.83,2024-11-21,2024-11-29,Wendy,8,3,False,4,0.0,11,2024,21,3,47,346.45000000000005,11,2024-11,4,2024,2024-11-21,8
2024-01-10,South,Printer,15,306.91,Store A,Retail,Carlos,Cash,FREESHIP,1,REG100840,Cust 9452,19.38,2024-01-10,2024-01-14,Sophie,4,2,False,1,0.0,1,2024,10,2,2,4603.650000000001,1,2024-01,1,2024,2024-01-10,4
2023-10-21,North,Desk,4,390.3,Store A,Retail,Diana,Debit Card,NULL,0,REG100841,Cust 4558,43.56,2023-10-21,2023-10-26,Ryan,5,5,True,4,58.545,10,2023,21,5,42,1327.02,10,2023-10,4,2023,2023-10-21,5
2024-11-09,West,Monitor,7,83.32,Store D,Wholesale,Carlos,Cash,FREESHIP,0,REG100843,Cust 7788,23.4,2024-11-09,2024-11-17,Wendy,8,5,True,4,4.1659999999999995,11,2024,9,5,45,554.078,11,2024-11,4,2024,2024-11-09,8
2024-04-03,West,Monitor,4,563.06,Store D,Retail,Bob,Cash,WINTER15,0,REG100844,Cust 2788,19.5,2024-04-03,2024-04-07,Wendy,4,2,False,2,28.153,4,2024,3,2,14,2139.6279999999997,4,2024-04,2,2024,2024-04-03,4
2024-01-06,North,Phone,13,256.35,Store D,Wholesale,Alice,Cash,SAVE10,0,REG100845,Cust 6621,26.04,2024-01-06,2024-01-08,Ryan,2,5,True,1,38.4525,1,2024,6,5,1,2832.6675,1,2024-01,1,2024,2024-01-06,2
2023-08-02,Central,Printer,9,303.26,Store A,Wholesale,Diana,Debit Card,FREESHIP,0,REG100846,Cust 8575,17.01,2023-08-02,2023-08-05,Cameron,3,2,False,3,15.163,8,2023,2,2,31,2592.873,8,2023-08,3,2023,2023-08-02,3
2023-11-26,North,Chair,9,440.48,Store A,Retail,Diana,Gift Card,WINTER15,0,REG100847,Cust 8799,32.94,2023-11-26,2023-12-01,Ryan,5,6,True,4,66.072,11,2023,26,6,47,3369.672,11,2023-11,4,2023,2023-11-26,5
2023-12-29,South,Chair,18,491.76,Store A,Wholesale,Eva,Credit Card,SAVE10,0,REG100849,Cust 5606,37.49,2023-12-29,2024-01-05,Sophie,7,4,False,4,73.764,12,2023,29,4,52,7523.928,12,2023-12,4,2023,2023-12-29,7
2024-05-06,East,Chair,18,343.68,Store B,Retail,Eva,Gift Card,SAVE10,0,REG100851,Cust 9517,20.37,2024-05-06,2024-05-14,Eric,8,0,False,2,0.0,5,2024,6,0,19,6186.24,5,2024-05,2,2024,2024-05-06,8
2024-09-15,North,Desk,14,472.51,Store D,Wholesale,Bob,Gift Card,NULL,0,REG100852,Cust 6740,13.54,2024-09-15,2024-09-20,Ryan,5,6,True,3,23.625500000000002,9,2024,15,6,37,6284.382999999999,9,2024-09,3,2024,2024-09-15,5
2023-02-07,West,Laptop,20,142.52,Store A,Retail,Eva,Cash,FREESHIP,0,REG100853,Cust 1301,30.67,2023-02-07,2023-02-12,Wendy,5,1,False,1,14.252000000000002,2,2023,7,1,6,2565.36,2,2023-02,1,2023,2023-02-07,5
2023-03-01,East,Phone,1,31.42,Store B,Retail,Bob,Credit Card,SAVE10,0,REG100854,Cust 1736,11.35,2023-03-01,2023-03-09,Eric,8,2,False,1,1.5710000000000002,3,2023,1,2,9,29.849,3,2023-03,1,2023,2023-03-01,8
2024-05-08,North,Tablet,17,572.29,Store D,Retail,Eva,Online,SAVE10,1,REG100855,Cust 6864,44.99,2024-05-08,2024-05-12,Ryan,4,2,False,2,85.84349999999999,5,2024,8,2,19,8269.5905,5,2024-05,2,2024,2024-05-08,4
2024-06-06,East,Desk,18,333.6,Store A,Retail,Carlos,Debit Card,FREESHIP,1,REG100856,Cust 5207,33.79,2024-06-06,2024-06-08,Eric,2,3,False,2,33.36000000000001,6,2024,6,3,23,5404.320000000001,6,2024-06,2,2024,2024-06-06,2
2023-04-29,North,Chair,9,90.87,Store D,Retail,Carlos,Debit Card,WINTER15,0,REG100857,Cust 6525,26.56,2023-04-29,2023-05-08,Ryan,9,5,True,2,13.6305,4,2023,29,5,17,695.1555,4,2023-04,2,2023,2023-04-29,9
2023-09-20,Central,Tablet,9,588.59,Store D,Wholesale,Diana,Online,NULL,0,REG100858,Cust 8298,42.3,2023-09-20,2023-09-22,Cameron,2,2,False,3,29.429500000000004,9,2023,20,2,38,5032.4445000000005,9,2023-09,3,2023,2023-09-20,2
2024-11-08,South,Chair,18,153.28,Store B,Retail,Frank,Online,WINTER15,1,REG100859,Cust 8204,33.71,2024-11-08,2024-11-13,Sophie,5,4,False,4,7.664000000000001,11,2024,8,4,45,2621.0879999999997,11,2024-11,4,2024,2024-11-08,5
2023-03-22,North,Printer,17,194.97,Store A,Retail,Carlos,Gift Card,SAVE10,1,REG100860,Cust 4035,5.59,2023-03-22,2023-03-30,Ryan,8,2,False,1,29.2455,3,2023,22,2,12,2817.3165,3,2023-03,1,2023,2023-03-22,8
2023-09-05,East,Monitor,5,367.61,Store C,Retail,Alice,Credit Card,SAVE10,0,REG100861,Cust 1654,19.55,2023-09-05,2023-09-13,Eric,8,1,False,3,0.0,9,2023,5,1,36,1838.0500000000002,9,2023-09,3,2023,2023-09-05,8
2023-02-26,East,Laptop,17,575.5,Store D,Retail,Alice,Debit Card,FREESHIP,0,REG100862,Cust 1823,13.42,2023-02-26,2023-03-05,Eric,7,6,True,1,28.775000000000002,2,2023,26,6,8,9294.324999999999,2,2023-02,1,2023,2023-02-26,7
2024-11-26,West,Chair,3,229.45,Store D,Retail,Bob,Debit Card,WINTER15,1,REG100863,Cust 1423,19.81,2024-11-26,2024-11-29,Wendy,3,1,False,4,34.4175,11,2024,26,1,48,585.0974999999999,11,2024-11,4,2024,2024-11-26,3
2024-10-14,Central,Chair,3,391.63,Store C,Retail,Frank,Debit Card,NULL,1,REG100864,Cust 7282,25.36,2024-10-14,2024-10-17,Cameron,3,0,False,4,0.0,10,2024,14,0,42,1174.8899999999999,10,2024-10,4,2024,2024-10-14,3
2023-05-29,Central,Laptop,15,67.35,Store D,Wholesale,Diana,Online,FREESHIP,0,REG100865,Cust 8437,24.85,2023-05-29,2023-06-03,Cameron,5,0,False,2,6.734999999999999,5,2023,29,0,22,909.2249999999999,5,2023-05,2,2023,2023-05-29,5
2024-03-22,Central,Laptop,6,453.86,Store B,Retail,Alice,Credit Card,NULL,0,REG100866,Cust 9508,45.32,2024-03-22,2024-03-31,Cameron,9,4,False,1,68.079,3,2024,22,4,12,2314.6859999999997,3,2024-03,1,2024,2024-03-22,9
2023-04-22,South,Tablet,19,537.7,Store D,Wholesale,Bob,Online,SAVE10,0,REG100867,Cust 1186,45.83,2023-04-22,2023-05-02,Sophie,10,5,True,2,0.0,4,2023,22,5,16,10216.300000000001,4,2023-04,2,2023,2023-04-22,10
2023-01-25,Central,Laptop,2,196.7,Store A,Retail,Frank,Online,FREESHIP,0,REG100869,Cust 9388,35.84,2023-01-25,2023-01-29,Cameron,4,2,False,1,0.0,1,2023,25,2,4,393.4,1,2023-01,1,2023,2023-01-25,4
2023-09-08,South,Phone,12,369.45,Store D,Wholesale,Frank,Credit Card,WINTER15,1,REG100870,Cust 4015,44.76,2023-09-08,2023-09-10,Sophie,2,4,False,3,36.945,9,2023,8,4,36,3990.06,9,2023-09,3,2023,2023-09-08,2
2024-10-04,East,Tablet,12,181.96,Store D,Retail,Eva,Gift Card,WINTER15,0,REG100871,Cust 6428,25.06,2024-10-04,2024-10-11,Eric,7,4,False,4,27.294,10,2024,4,4,40,1855.992,10,2024-10,4,2024,2024-10-04,7
2024-08-25,East,Laptop,15,39.93,Store A,Retail,Diana,Debit Card,WINTER15,0,REG100873,Cust 5132,33.44,2024-08-25,2024-08-29,Eric,4,6,True,3,5.9895,8,2024,25,6,34,509.1075,8,2024-08,3,2024,2024-08-25,4
2024-03-06,North,Phone,7,374.43,Store A,Retail,Carlos,Cash,SAVE10,0,REG100874,Cust 4929,28.97,2024-03-06,2024-03-12,Ryan,6,2,False,1,56.1645,3,2024,6,2,10,2227.8585000000003,3,2024-03,1,2024,2024-03-06,6
2023-03-23,East,Printer,2,101.87,Store C,Wholesale,Diana,Cash,FREESHIP,0,REG100875,Cust 4018,28.63,2023-03-23,2023-03-26,Eric,3,3,False,1,0.0,3,2023,23,3,12,203.74,3,2023-03,1,2023,2023-03-23,3
2024-01-13,Central,Tablet,13,343.45,Store D,Wholesale,Alice,Gift Card,SAVE10,0,REG100876,Cust 8069,27.26,2024-01-13,2024-01-17,Cameron,4,5,True,1,17.1725,1,2024,13,5,2,4241.607499999999,1,2024-01,1,2024,2024-01-13,4
2023-07-18,Central,Printer,15,144.11,Store C,Retail,Frank,Gift Card,NULL,0,REG100877,Cust 6741,28.51,2023-07-18,2023-07-24,Cameron,6,1,False,3,0.0,7,2023,18,1,29,2161.65,7,2023-07,3,2023,2023-07-18,6
2023-02-22,East,Printer,14,346.57,Store B,Retail,Carlos,Debit Card,FREESHIP,0,REG100879,Cust 2434,36.83,2023-02-22,2023-03-02,Eric,8,2,False,1,34.657000000000004,2,2023,22,2,8,4366.782,2,2023-02,1,2023,2023-02-22,8
2024-10-18,North,Printer,7,392.79,Store C,Wholesale,Eva,Gift Card,WINTER15,0,REG100880,Cust 9089,45.85,2024-10-18,2024-10-28,Ryan,10,4,False,4,0.0,10,2024,18,4,42,2749.53,10,2024-10,4,2024,2024-10-18,10
2023-10-26,West,Printer,16,70.83,Store B,Wholesale,Carlos,Gift Card,NULL,0,REG100881,Cust 1091,5.05,2023-10-26,2023-10-31,Wendy,5,3,False,4,3.5415,10,2023,26,3,43,1076.616,10,2023-10,4,2023,2023-10-26,5
2023-01-10,Central,Monitor,20,274.37,Store B,Retail,Eva,Gift Card,WINTER15,0,REG100882,Cust 6138,12.28,2023-01-10,2023-01-14,Cameron,4,1,False,1,27.437,1,2023,10,1,2,4938.66,1,2023-01,1,2023,2023-01-10,4
2024-03-19,Central,Desk,10,19.73,Store D,Retail,Carlos,Debit Card,NULL,0,REG100883,Cust 6326,16.06,2024-03-19,2024-03-22,Cameron,3,1,False,1,1.973,3,2024,19,1,12,177.57000000000002,3,2024-03,1,2024,2024-03-19,3
2023-12-20,Central,Printer,10,465.72,Store B,Wholesale,Alice,Online,FREESHIP,0,REG100884,Cust 1327,28.14,2023-12-20,2023-12-26,Cameron,6,2,False,4,23.286,12,2023,20,2,51,4424.34,12,2023-12,4,2023,2023-12-20,6
2024-12-09,Central,Monitor,19,62.07,Store D,Retail,Diana,Debit Card,FREESHIP,0,REG100885,Cust 8602,14.85,2024-12-09,2024-12-19,Cameron,10,0,False,4,6.207000000000001,12,2024,9,0,50,1061.397,12,2024-12,4,2024,2024-12-09,10
2023-05-10,Central,Tablet,11,529.2,Store A,Wholesale,Bob,Credit Card,NULL,1,REG100886,Cust 9131,16.78,2023-05-10,2023-05-20,Cameron,10,2,False,2,26.460000000000004,5,2023,10,2,19,5530.14,5,2023-05,2,2023,2023-05-10,10
2023-10-18,South,Monitor,7,387.31,Store A,Retail,Bob,Cash,WINTER15,0,REG100887,Cust 6716,14.76,2023-10-18,2023-10-21,Sophie,3,2,False,4,38.731,10,2023,18,2,42,2440.0530000000003,10,2023-10,4,2023,2023-10-18,3
2024-12-03,South,Phone,1,152.75,Store A,Wholesale,Bob,Credit Card,FREESHIP,1,REG100888,Cust 2071,9.61,2024-12-03,2024-12-06,Sophie,3,1,False,4,0.0,12,2024,3,1,49,152.75,12,2024-12,4,2024,2024-12-03,3
2024-10-10,South,Chair,8,72.48,Store A,Wholesale,Carlos,Debit Card,NULL,1,REG100889,Cust 4472,26.92,2024-10-10,2024-10-17,Sophie,7,3,False,4,7.248000000000001,10,2024,10,3,41,521.856,10,2024-10,4,2024,2024-10-10,7
2024-06-03,East,Phone,4,194.09,Store D,Wholesale,Eva,Credit Card,WINTER15,0,REG100890,Cust 3899,26.35,2024-06-03,2024-06-07,Eric,4,0,False,2,19.409000000000002,6,2024,3,0,23,698.724,6,2024-06,2,2024,2024-06-03,4
2024-04-26,North,Monitor,4,303.37,Store A,Retail,Carlos,Gift Card,WINTER15,0,REG100892,Cust 3824,30.19,2024-04-26,2024-05-01,Ryan,5,4,False,2,30.337000000000003,4,2024,26,4,17,1092.132,4,2024-04,2,2024,2024-04-26,5
2023-05-05,West,Chair,16,541.96,Store C,Retail,Eva,Cash,SAVE10,1,REG100893,Cust 3511,9.93,2023-05-05,2023-05-13,Wendy,8,4,False,2,54.196000000000005,5,2023,5,4,18,7804.224000000001,5,2023-05,2,2023,2023-05-05,8
2023-09-23,West,Desk,7,41.57,Store D,Retail,Carlos,Online,NULL,0,REG100894,Cust 3356,16.59,2023-09-23,2023-09-29,Wendy,6,5,True,3,0.0,9,2023,23,5,38,290.99,9,2023-09,3,2023,2023-09-23,6
2023-01-17,North,Printer,15,19.17,Store A,Wholesale,Carlos,Gift Card,FREESHIP,1,REG100896,Cust 3811,48.93,2023-01-17,2023-01-27,Ryan,10,1,False,1,0.0,1,2023,17,1,3,287.55,1,2023-01,1,2023,2023-01-17,10
2023-04-29,Central,Monitor,15,293.34,Store D,Retail,Eva,Credit Card,WINTER15,0,REG100897,Cust 9960,21.03,2023-04-29,2023-05-01,Cameron,2,5,True,2,29.334,4,2023,29,5,17,3960.0899999999997,4,2023-04,2,2023,2023-04-29,2
2023-06-05,East,Printer,15,324.58,Store A,Retail,Diana,Debit Card,NULL,0,REG100899,Cust 6579,24.57,2023-06-05,2023-06-09,Eric,4,0,False,2,48.687,6,2023,5,0,23,4138.3949999999995,6,2023-06,2,2023,2023-06-05,4
2023-08-28,South,Phone,11,393.61,Store D,Wholesale,Frank,Debit Card,WINTER15,0,REG100900,Cust 1756,32.57,2023-08-28,2023-09-06,Sophie,9,0,False,3,19.680500000000002,8,2023,28,0,35,4113.2245,8,2023-08,3,2023,2023-08-28,9
2023-08-01,North,Printer,8,141.28,Store D,Wholesale,Frank,Online,FREESHIP,0,REG100901,Cust 8150,28.69,2023-08-01,2023-08-10,Ryan,9,1,False,3,7.064,8,2023,1,1,31,1073.728,8,2023-08,3,2023,2023-08-01,9
2023-07-03,Central,Laptop,19,341.07,Store C,Retail,Carlos,Cash,WINTER15,0,REG100903,Cust 4277,47.75,2023-07-03,2023-07-06,Cameron,3,0,False,3,34.107,7,2023,3,0,27,5832.2970000000005,7,2023-07,3,2023,2023-07-03,3
2024-05-05,West,Desk,16,301.07,Store B,Retail,Carlos,Gift Card,WINTER15,0,REG100905,Cust 2482,5.58,2024-05-05,2024-05-14,Wendy,9,6,True,2,30.107,5,2024,5,6,18,4335.408,5,2024-05,2,2024,2024-05-05,9
2024-01-08,South,Monitor,13,285.28,Store D,Retail,Eva,Gift Card,SAVE10,0,REG100906,Cust 4078,31.2,2024-01-08,2024-01-15,Sophie,7,0,False,1,0.0,1,2024,8,0,2,3708.6399999999994,1,2024-01,1,2024,2024-01-08,7
2023-01-26,Central,Desk,7,228.32,Store C,Wholesale,Eva,Debit Card,FREESHIP,0,REG100910,Cust 3319,22.16,2023-01-26,2023-01-30,Cameron,4,3,False,1,34.248,1,2023,26,3,4,1358.504,1,2023-01,1,2023,2023-01-26,4
2023-01-07,Central,Monitor,1,498.19,Store A,Wholesale,Bob,Gift Card,SAVE10,0,REG100911,Cust 4139,25.55,2023-01-07,2023-01-11,Cameron,4,5,True,1,49.819,1,2023,7,5,1,448.371,1,2023-01,1,2023,2023-01-07,4
2024-11-30,East,Chair,18,130.36,Store B,Wholesale,Diana,Debit Card,SAVE10,0,REG100913,Cust 8397,34.6,2024-11-30,2024-12-05,Eric,5,5,True,4,0.0,11,2024,30,5,48,2346.4800000000005,11,2024-11,4,2024,2024-11-30,5
2024-02-26,East,Monitor,13,585.88,Store B,Retail,Carlos,Credit Card,WINTER15,0,REG100914,Cust 3082,42.18,2024-02-26,2024-03-07,Eric,10,0,False,1,87.88199999999999,2,2024,26,0,9,6473.973999999999,2,2024-02,1,2024,2024-02-26,10
2023-11-29,Central,Phone,11,267.91,Store B,Retail,Eva,Debit Card,NULL,0,REG100916,Cust 4720,12.05,2023-11-29,2023-12-04,Cameron,5,2,False,4,0.0,11,2023,29,2,48,2947.01,11,2023-11,4,2023,2023-11-29,5
2024-06-27,South,Chair,12,369.54,Store B,Retail,Diana,Debit Card,WINTER15,1,REG100917,Cust 7034,39.16,2024-06-27,2024-07-05,Sophie,8,3,False,2,18.477,6,2024,27,3,26,4212.756,6,2024-06,2,2024,2024-06-27,8
2024-05-20,South,Monitor,13,284.3,Store A,Wholesale,Bob,Online,WINTER15,0,REG100918,Cust 7218,48.73,2024-05-20,2024-05-27,Sophie,7,0,False,2,14.215000000000002,5,2024,20,0,21,3511.105,5,2024-05,2,2024,2024-05-20,7
2023-06-17,West,Chair,12,427.1,Store C,Retail,Carlos,Gift Card,WINTER15,1,REG100919,Cust 2651,8.11,2023-06-17,2023-06-22,Wendy,5,5,True,2,0.0,6,2023,17,5,24,5125.200000000001,6,2023-06,2,2023,2023-06-17,5
2024-11-06,East,Monitor,11,200.3,Store D,Retail,Eva,Debit Card,WINTER15,1,REG100920,Cust 1252,48.27,2024-11-06,2024-11-13,Eric,7,2,False,4,20.03,11,2024,6,2,45,1982.9700000000003,11,2024-11,4,2024,2024-11-06,7
2024-08-18,North,Tablet,19,181.18,Store A,Wholesale,Carlos,Credit Card,FREESHIP,0,REG100923,Cust 9361,12.04,2024-08-18,2024-08-26,Ryan,8,6,True,3,9.059000000000001,8,2024,18,6,33,3270.299,8,2024-08,3,2024,2024-08-18,8
2023-02-20,Central,Laptop,3,197.17,Store A,Wholesale,Frank,Gift Card,FREESHIP,1,REG100924,Cust 4270,30.29,2023-02-20,2023-02-23,Cameron,3,0,False,1,9.8585,2,2023,20,0,8,561.9345,2,2023-02,1,2023,2023-02-20,3
2023-08-10,Central,Printer,3,59.78,Store C,Retail,Eva,Online,SAVE10,0,REG100926,Cust 6415,46.98,2023-08-10,2023-08-13,Cameron,3,3,False,3,0.0,8,2023,10,3,32,179.34,8,2023-08,3,2023,2023-08-10,3
2024-06-24,North,Tablet,12,211.66,Store A,Wholesale,Carlos,Credit Card,SAVE10,0,REG100927,Cust 9856,10.36,2024-06-24,2024-06-29,Ryan,5,0,False,2,21.166,6,2024,24,0,26,2285.9280000000003,6,2024-06,2,2024,2024-06-24,5
2023-08-06,Central,Printer,13,69.97,Store A,Wholesale,Alice,Debit Card,NULL,0,REG100928,Cust 3106,27.66,2023-08-06,2023-08-12,Cameron,6,6,True,3,3.4985,8,2023,6,6,31,864.1295,8,2023-08,3,2023,2023-08-06,6
2024-11-26,East,Tablet,7,438.33,Store C,Retail,Frank,Cash,NULL,1,REG100929,Cust 3259,11.57,2024-11-26,2024-11-30,Eric,4,1,False,4,43.833,11,2024,26,1,48,2761.479,11,2024-11,4,2024,2024-11-26,4
2024-09-10,South,Monitor,9,472.84,Store D,Retail,Alice,Credit Card,WINTER15,0,REG100932,Cust 6330,48.13,2024-09-10,2024-09-12,Sophie,2,1,False,3,23.642,9,2024,10,1,37,4042.7819999999992,9,2024-09,3,2024,2024-09-10,2
2023-01-20,East,Chair,15,462.85,Store A,Retail,Diana,Credit Card,NULL,0,REG100934,Cust 3698,46.12,2023-01-20,2023-01-26,Eric,6,4,False,1,69.4275,1,2023,20,4,3,5901.3375,1,2023-01,1,2023,2023-01-20,6
2024-03-03,East,Laptop,1,176.17,Store C,Retail,Alice,Debit Card,NULL,1,REG100935,Cust 9833,35.77,2024-03-03,2024-03-06,Eric,3,6,True,1,8.8085,3,2024,3,6,9,167.36149999999998,3,2024-03,1,2024,2024-03-03,3
2023-11-27,West,Printer,1,71.24,Store A,Retail,Carlos,Debit Card,NULL,1,REG100936,Cust 1074,43.69,2023-11-27,2023-12-03,Wendy,6,0,False,4,7.124,11,2023,27,0,48,64.116,11,2023-11,4,2023,2023-11-27,6
2024-11-10,East,Laptop,6,62.43,Store A,Wholesale,Diana,Gift Card,WINTER15,0,REG100937,Cust 7891,17.85,2024-11-10,2024-11-18,Eric,8,6,True,4,0.0,11,2024,10,6,45,374.58,11,2024-11,4,2024,2024-11-10,8
2024-02-21,East,Desk,5,34.06,Store D,Wholesale,Diana,Gift Card,NULL,0,REG100939,Cust 9045,19.72,2024-02-21,2024-03-02,Eric,10,2,False,1,1.7030000000000003,2,2024,21,2,8,161.785,2,2024-02,1,2024,2024-02-21,10
2023-03-24,East,Desk,17,502.6,Store A,Wholesale,Frank,Cash,NULL,0,REG100940,Cust 9197,15.38,2023-03-24,2023-03-29,Eric,5,4,False,1,50.260000000000005,3,2023,24,4,12,7689.780000000001,3,2023-03,1,2023,2023-03-24,5
2024-05-05,South,Printer,3,89.72,Store D,Wholesale,Alice,Gift Card,WINTER15,0,REG100941,Cust 6920,32.67,2024-05-05,2024-05-13,Sophie,8,6,True,2,8.972,5,2024,5,6,18,242.24399999999997,5,2024-05,2,2024,2024-05-05,8
2024-10-04,South,Laptop,18,403.53,Store D,Wholesale,Alice,Online,NULL,0,REG100942,Cust 9652,35.73,2024-10-04,2024-10-07,Sophie,3,4,False,4,40.353,10,2024,4,4,40,6537.186,10,2024-10,4,2024,2024-10-04,3
2024-12-23,Central,Printer,12,171.91,Store B,Retail,Eva,Credit Card,WINTER15,0,REG100944,Cust 6267,34.36,2024-12-23,2025-01-02,Cameron,10,0,False,4,8.5955,12,2024,23,0,52,1959.774,12,2024-12,4,2024,2024-12-23,10
2023-01-29,Central,Laptop,17,535.88,Store A,Wholesale,Bob,Gift Card,NULL,0,REG100945,Cust 7753,26.12,2023-01-29,2023-02-08,Cameron,10,6,True,1,26.794,1,2023,29,6,4,8654.462,1,2023-01,1,2023,2023-01-29,10
2024-08-11,West,Chair,12,248.13,Store A,Retail,Alice,Cash,FREESHIP,0,REG100946,Cust 2789,26.03,2024-08-11,2024-08-17,Wendy,6,6,True,3,12.406500000000001,8,2024,11,6,32,2828.682,8,2024-08,3,2024,2024-08-11,6
2023-11-25,North,Phone,2,482.1,Store C,Retail,Carlos,Online,FREESHIP,0,REG100947,Cust 3527,45.35,2023-11-25,2023-11-30,Ryan,5,5,True,4,0.0,11,2023,25,5,47,964.2,11,2023-11,4,2023,2023-11-25,5
2024-03-29,East,Monitor,6,509.48,Store B,Wholesale,Alice,Debit Card,WINTER15,0,REG100951,Cust 8931,35.92,2024-03-29,2024-04-06,Eric,8,4,False,1,0.0,3,2024,29,4,13,3056.88,3,2024-03,1,2024,2024-03-29,8
2024-05-24,West,Printer,10,280.8,Store C,Retail,Alice,Credit Card,SAVE10,0,REG100953,Cust 6723,49.98,2024-05-24,2024-05-30,Wendy,6,4,False,2,0.0,5,2024,24,4,21,2808.0,5,2024-05,2,2024,2024-05-24,6
2023-05-12,South,Chair,9,251.43,Store C,Retail,Frank,Credit Card,NULL,0,REG100954,Cust 8850,22.57,2023-05-12,2023-05-17,Sophie,5,4,False,2,25.143,5,2023,12,4,19,2036.5829999999999,5,2023-05,2,2023,2023-05-12,5
2023-10-11,South,Phone,4,408.28,Store A,Retail,Alice,Cash,WINTER15,0,REG100955,Cust 1722,5.38,2023-10-11,2023-10-15,Sophie,4,2,False,4,61.24199999999999,10,2023,11,2,41,1388.1519999999998,10,2023-10,4,2023,2023-10-11,4
2024-01-25,North,Printer,2,27.43,Store B,Retail,Frank,Online,WINTER15,0,REG100956,Cust 1211,6.15,2024-01-25,2024-02-01,Ryan,7,3,False,1,4.1145,1,2024,25,3,4,46.631,1,2024-01,1,2024,2024-01-25,7
2023-02-03,East,Phone,11,321.72,Store A,Retail,Carlos,Online,WINTER15,1,REG100957,Cust 9384,17.94,2023-02-03,2023-02-06,Eric,3,4,False,1,32.172000000000004,2,2023,3,4,5,3185.0280000000002,2,2023-02,1,2023,2023-02-03,3
2024-07-08,North,Desk,5,186.32,Store A,Wholesale,Carlos,Gift Card,WINTER15,0,REG100958,Cust 3809,17.09,2024-07-08,2024-07-14,Ryan,6,0,False,3,18.632,7,2024,8,0,28,838.4399999999999,7,2024-07,3,2024,2024-07-08,6
2023-11-09,South,Monitor,13,174.9,Store A,Wholesale,Carlos,Online,WINTER15,0,REG100960,Cust 1822,31.26,2023-11-09,2023-11-12,Sophie,3,3,False,4,26.235,11,2023,9,3,45,1932.6450000000002,11,2023-11,4,2023,2023-11-09,3
2023-07-06,North,Chair,8,419.13,Store A,Retail,Alice,Online,NULL,1,REG100961,Cust 8260,11.02,2023-07-06,2023-07-10,Ryan,4,3,False,3,41.913000000000004,7,2023,6,3,27,3017.736,7,2023-07,3,2023,2023-07-06,4
2023-07-14,North,Chair,12,116.96,Store D,Wholesale,Alice,Gift Card,WINTER15,0,REG100962,Cust 7088,22.04,2023-07-14,2023-07-22,Ryan,8,4,False,3,0.0,7,2023,14,4,28,1403.52,7,2023-07,3,2023,2023-07-14,8
2023-11-13,West,Chair,11,323.72,Store A,Wholesale,Bob,Gift Card,WINTER15,0,REG100963,Cust 4969,7.52,2023-11-13,2023-11-15,Wendy,2,0,False,4,32.37200000000001,11,2023,13,0,46,3204.828,11,2023-11,4,2023,2023-11-13,2
2024-05-06,South,Printer,20,270.2,Store A,Wholesale,Diana,Credit Card,WINTER15,0,REG100965,Cust 6859,6.8,2024-05-06,2024-05-15,Sophie,9,0,False,2,0.0,5,2024,6,0,19,5404.0,5,2024-05,2,2024,2024-05-06,9
2024-10-17,South,Printer,15,482.08,Store D,Retail,Eva,Debit Card,FREESHIP,1,REG100966,Cust 2800,13.35,2024-10-17,2024-10-19,Sophie,2,3,False,4,48.208,10,2024,17,3,42,6508.08,10,2024-10,4,2024,2024-10-17,2
2024-04-11,West,Chair,19,344.92,Store C,Wholesale,Eva,Cash,WINTER15,0,REG100969,Cust 8519,6.91,2024-04-11,2024-04-20,Wendy,9,3,False,2,0.0,4,2024,11,3,15,6553.4800000000005,4,2024-04,2,2024,2024-04-11,9
2024-05-03,Central,Chair,7,511.46,Store C,Retail,Eva,Cash,FREESHIP,0,REG100970,Cust 3422,19.2,2024-05-03,2024-05-12,Cameron,9,4,False,2,51.146,5,2024,3,4,18,3222.198,5,2024-05,2,2024,2024-05-03,9
2024-10-14,East,Monitor,7,150.6,Store A,Wholesale,Bob,Cash,WINTER15,1,REG100971,Cust 9638,15.52,2024-10-14,2024-10-21,Eric,7,0,False,4,22.59,10,2024,14,0,42,896.07,10,2024-10,4,2024,2024-10-14,7
2024-02-08,West,Phone,8,158.02,Store C,Wholesale,Diana,Credit Card,FREESHIP,0,REG100972,Cust 6438,47.43,2024-02-08,2024-02-13,Wendy,5,3,False,1,23.703,2,2024,8,3,6,1074.536,2,2024-02,1,2024,2024-02-08,5
2023-05-10,Central,Tablet,2,536.18,Store B,Retail,Frank,Credit Card,FREESHIP,0,REG100973,Cust 1724,34.75,2023-05-10,2023-05-13,Cameron,3,2,False,2,53.617999999999995,5,2023,10,2,19,965.1239999999999,5,2023-05,2,2023,2023-05-10,3
2023-03-03,North,Chair,16,571.26,Store C,Wholesale,Bob,Gift Card,SAVE10,0,REG100974,Cust 7808,6.13,2023-03-03,2023-03-12,Ryan,9,4,False,1,85.689,3,2023,3,4,9,7769.1359999999995,3,2023-03,1,2023,2023-03-03,9
2023-04-02,North,Phone,11,546.57,Store D,Retail,Bob,Credit Card,SAVE10,1,REG100977,Cust 5666,24.77,2023-04-02,2023-04-04,Ryan,2,6,True,2,81.9855,4,2023,2,6,13,5110.4295,4,2023-04,2,2023,2023-04-02,2
2024-08-26,North,Monitor,9,364.88,Store C,Wholesale,Bob,Cash,SAVE10,0,REG100978,Cust 4002,40.26,2024-08-26,2024-09-05,Ryan,10,0,False,3,18.244,8,2024,26,0,35,3119.7239999999997,8,2024-08,3,2024,2024-08-26,10
2023-11-10,South,Monitor,7,368.27,Store C,Wholesale,Carlos,Online,WINTER15,0,REG100979,Cust 6675,28.98,2023-11-10,2023-11-20,Sophie,10,4,False,4,55.2405,11,2023,10,4,45,2191.2065,11,2023-11,4,2023,2023-11-10,10
2024-04-26,South,Phone,3,103.09,Store D,Wholesale,Carlos,Gift Card,SAVE10,1,REG100981,Cust 3471,46.47,2024-04-26,2024-04-30,Sophie,4,4,False,2,0.0,4,2024,26,4,17,309.27,4,2024-04,2,2024,2024-04-26,4
2023-11-27,East,Tablet,9,97.56,Store A,Wholesale,Alice,Online,NULL,0,REG100982,Cust 1603,48.84,2023-11-27,2023-12-01,Eric,4,0,False,4,0.0,11,2023,27,0,48,878.04,11,2023-11,4,2023,2023-11-27,4
2023-03-30,Central,Tablet,10,338.75,Store A,Wholesale,Carlos,Cash,WINTER15,1,REG100983,Cust 7758,36.56,2023-03-30,2023-04-06,Cameron,7,3,False,1,50.8125,3,2023,30,3,13,2879.375,3,2023-03,1,2023,2023-03-30,7
2024-03-04,North,Desk,2,239.04,Store A,Wholesale,Bob,Debit Card,SAVE10,1,REG100984,Cust 3396,43.84,2024-03-04,2024-03-11,Ryan,7,0,False,1,0.0,3,2024,4,0,10,478.08,3,2024-03,1,2024,2024-03-04,7
2023-07-11,South,Laptop,14,362.44,Store C,Wholesale,Bob,Cash,WINTER15,0,REG100985,Cust 4797,36.73,2023-07-11,2023-07-15,Sophie,4,1,False,3,36.244,7,2023,11,1,28,4566.744,7,2023-07,3,2023,2023-07-11,4
2024-09-20,West,Monitor,6,551.13,Store D,Retail,Carlos,Gift Card,FREESHIP,0,REG100986,Cust 1113,14.67,2024-09-20,2024-09-29,Wendy,9,4,False,3,0.0,9,2024,20,4,38,3306.7799999999997,9,2024-09,3,2024,2024-09-20,9
2024-07-16,East,Tablet,7,498.46,Store C,Wholesale,Carlos,Gift Card,NULL,0,REG100988,Cust 7505,42.72,2024-07-16,2024-07-20,Eric,4,1,False,3,74.76899999999999,7,2024,16,1,29,2965.8369999999995,7,2024-07,3,2024,2024-07-16,4
2023-11-23,East,Chair,2,253.41,Store D,Retail,Frank,Cash,FREESHIP,0,REG100989,Cust 9490,49.64,2023-11-23,2023-11-25,Eric,2,3,False,4,25.341,11,2023,23,3,47,456.138,11,2023-11,4,2023,2023-11-23,2
2023-09-07,South,Phone,16,144.07,Store D,Wholesale,Eva,Debit Card,FREESHIP,0,REG100990,Cust 8631,7.33,2023-09-07,2023-09-09,Sophie,2,3,False,3,14.407,9,2023,7,3,36,2074.608,9,2023-09,3,2023,2023-09-07,2
2024-02-01,West,Monitor,11,201.09,Store C,Retail,Carlos,Cash,NULL,1,REG100991,Cust 6986,48.42,2024-02-01,2024-02-04,Wendy,3,3,False,1,30.1635,2,2024,1,3,5,1880.1915000000001,2,2024-02,1,2024,2024-02-01,3
2023-09-02,East,Monitor,9,184.43,Store D,Wholesale,Carlos,Online,WINTER15,0,REG100994,Cust 1943,30.78,2023-09-02,2023-09-08,Eric,6,5,True,3,0.0,9,2023,2,5,35,1659.8700000000001,9,2023-09,3,2023,2023-09-02,6
2023-06-23,Central,Laptop,16,594.1,Store D,Retail,Bob,Gift Card,FREESHIP,0,REG100995,Cust 6368,18.2,2023-06-23,2023-07-01,Cameron,8,4,False,2,0.0,6,2023,23,4,25,9505.6,6,2023-06,2,2023,2023-06-23,8
2024-01-20,East,Laptop,19,482.07,Store B,Wholesale,Bob,Credit Card,NULL,0,REG100996,Cust 9724,25.96,2024-01-20,2024-01-26,Eric,6,5,True,1,48.207,1,2024,20,5,3,8243.397,1,2024-01,1,2024,2024-01-20,6
2024-06-26,East,Chair,20,75.45,Store B,Wholesale,Eva,Credit Card,SAVE10,0,REG100997,Cust 1983,44.77,2024-06-26,2024-07-06,Eric,10,2,False,2,3.7725000000000004,6,2024,26,2,26,1433.55,6,2024-06,2,2024,2024-06-26,10
2024-12-12,Central,Monitor,2,494.22,Store C,Retail,Carlos,Gift Card,FREESHIP,0,REG100998,Cust 8723,13.45,2024-12-12,2024-12-17,Cameron,5,3,False,4,49.422000000000004,12,2024,12,3,50,889.5960000000001,12,2024-12,4,2024,2024-12-12,5
2024-02-21,East,Laptop,15,112.82,Store B,Wholesale,Frank,Credit Card,WINTER15,0,REG100999,Cust 1901,18.21,2024-02-21,2024-03-01,Eric,9,2,False,1,5.641,2,2024,21,2,8,1607.685,2,2024-02,1,2024,2024-02-21,9
2023-07-18,East,Desk,3,121.56,Store D,Wholesale,Eva,Debit Card,WINTER15,0,REG101000,Cust 9682,29.06,2023-07-18,2023-07-25,Eric,7,1,False,3,0.0,7,2023,18,1,29,364.68,7,2023-07,3,2023,2023-07-18,7
2024-10-02,North,Desk,12,465.94,Store D,Wholesale,Alice,Credit Card,WINTER15,0,REG101001,Cust 5413,34.16,2024-10-02,2024-10-06,Ryan,4,2,False,4,0.0,10,2024,2,2,40,5591.28,10,2024-10,4,2024,2024-10-02,4
2024-12-01,West,Phone,12,187.8,Store D,Wholesale,Diana,Online,FREESHIP,0,REG101002,Cust 9590,17.74,2024-12-01,2024-12-04,Wendy,3,6,True,4,28.17,12,2024,1,6,48,1915.5600000000002,12,2024-12,4,2024,2024-12-01,3
2024-09-03,East,Desk,1,561.3,Store D,Retail,Frank,Gift Card,NULL,0,REG101003,Cust 9379,5.19,2024-09-03,2024-09-12,Eric,9,1,False,3,84.195,9,2024,3,1,36,477.10499999999996,9,2024-09,3,2024,2024-09-03,9
2024-12-20,Central,Tablet,2,458.25,Store B,Wholesale,Eva,Gift Card,SAVE10,0,REG101006,Cust 7255,25.94,2024-12-20,2024-12-29,Cameron,9,4,False,4,0.0,12,2024,20,4,51,916.5,12,2024-12,4,2024,2024-12-20,9
2023-04-18,East,Laptop,2,129.43,Store D,Retail,Alice,Debit Card,FREESHIP,0,REG101007,Cust 9593,6.91,2023-04-18,2023-04-21,Eric,3,1,False,2,6.471500000000001,4,2023,18,1,16,245.917,4,2023-04,2,2023,2023-04-18,3
2024-08-29,East,Printer,19,448.21,Store C,Wholesale,Alice,Debit Card,WINTER15,0,REG101008,Cust 3829,30.71,2024-08-29,2024-09-03,Eric,5,3,False,3,44.821,8,2024,29,3,35,7664.391,8,2024-08,3,2024,2024-08-29,5
2023-09-03,North,Desk,16,440.48,Store B,Retail,Frank,Cash,FREESHIP,1,REG101009,Cust 2561,26.87,2023-09-03,2023-09-10,Ryan,7,6,True,3,22.024,9,2023,3,6,35,6695.296,9,2023-09,3,2023,2023-09-03,7
2023-06-18,East,Tablet,15,124.91,Store A,Wholesale,Eva,Gift Card,FREESHIP,0,REG101011,Cust 2860,31.95,2023-06-18,2023-06-26,Eric,8,6,True,2,12.491,6,2023,18,6,24,1686.2849999999999,6,2023-06,2,2023,2023-06-18,8
2024-09-29,South,Laptop,12,204.15,Store C,Retail,Alice,Debit Card,FREESHIP,1,REG101013,Cust 6075,26.4,2024-09-29,2024-10-07,Sophie,8,6,True,3,10.207500000000001,9,2024,29,6,39,2327.31,9,2024-09,3,2024,2024-09-29,8
2024-02-25,East,Laptop,20,13.64,Store C,Retail,Frank,Credit Card,SAVE10,0,REG101014,Cust 4337,33.6,2024-02-25,2024-03-04,Eric,8,6,True,1,2.046,2,2024,25,6,8,231.88,2,2024-02,1,2024,2024-02-25,8
2024-03-21,North,Printer,14,524.9,Store C,Wholesale,Alice,Cash,FREESHIP,1,REG101015,Cust 2540,20.23,2024-03-21,2024-03-30,Ryan,9,3,False,1,26.245,3,2024,21,3,12,6981.169999999999,3,2024-03,1,2024,2024-03-21,9
2024-02-03,North,Laptop,8,143.95,Store B,Retail,Diana,Cash,SAVE10,0,REG101016,Cust 3944,28.09,2024-02-03,2024-02-09,Ryan,6,5,True,1,14.395,2,2024,3,5,5,1036.44,2,2024-02,1,2024,2024-02-03,6
2023-11-21,South,Laptop,2,576.84,Store D,Retail,Frank,Credit Card,FREESHIP,0,REG101017,Cust 8876,43.32,2023-11-21,2023-11-24,Sophie,3,1,False,4,57.684000000000005,11,2023,21,1,47,1038.3120000000001,11,2023-11,4,2023,2023-11-21,3
2023-01-10,West,Chair,14,250.98,Store C,Retail,Eva,Debit Card,NULL,0,REG101018,Cust 3286,14.94,2023-01-10,2023-01-18,Wendy,8,1,False,1,0.0,1,2023,10,1,2,3513.72,1,2023-01,1,2023,2023-01-10,8
2023-02-06,Central,Phone,7,335.41,Store C,Retail,Bob,Online,SAVE10,0,REG101019,Cust 4990,18.91,2023-02-06,2023-02-10,Cameron,4,0,False,1,0.0,2,2023,6,0,6,2347.8700000000003,2,2023-02,1,2023,2023-02-06,4
2024-02-14,East,Tablet,1,542.63,Store A,Retail,Carlos,Credit Card,NULL,0,REG101021,Cust 2608,33.2,2024-02-14,2024-02-21,Eric,7,2,False,1,27.131500000000003,2,2024,14,2,7,515.4984999999999,2,2024-02,1,2024,2024-02-14,7
2023-09-12,West,Chair,10,419.58,Store A,Wholesale,Eva,Debit Card,FREESHIP,0,REG101023,Cust 3892,13.09,2023-09-12,2023-09-19,Wendy,7,1,False,3,62.937,9,2023,12,1,37,3566.43,9,2023-09,3,2023,2023-09-12,7
2023-05-17,East,Desk,7,87.88,Store C,Wholesale,Alice,Online,WINTER15,1,REG101024,Cust 6979,22.2,2023-05-17,2023-05-26,Eric,9,2,False,2,13.181999999999999,5,2023,17,2,20,522.886,5,2023-05,2,2023,2023-05-17,9
2024-01-29,West,Printer,7,386.88,Store B,Wholesale,Carlos,Cash,SAVE10,0,REG101025,Cust 9375,38.46,2024-01-29,2024-01-31,Wendy,2,0,False,1,19.344,1,2024,29,0,5,2572.752,1,2024-01,1,2024,2024-01-29,2
2024-04-05,East,Printer,4,410.59,Store A,Retail,Eva,Cash,NULL,0,REG101027,Cust 4097,17.36,2024-04-05,2024-04-09,Eric,4,4,False,2,0.0,4,2024,5,4,14,1642.36,4,2024-04,2,2024,2024-04-05,4
2024-08-01,South,Chair,3,10.93,Store D,Wholesale,Eva,Cash,FREESHIP,0,REG101028,Cust 6145,19.01,2024-08-01,2024-08-10,Sophie,9,3,False,3,1.6395,8,2024,1,3,31,27.871499999999997,8,2024-08,3,2024,2024-08-01,9
2024-07-10,South,Chair,20,150.16,Store C,Wholesale,Bob,Cash,NULL,0,REG101029,Cust 8124,41.66,2024-07-10,2024-07-12,Sophie,2,2,False,3,0.0,7,2024,10,2,28,3003.2,7,2024-07,3,2024,2024-07-10,2
2024-06-15,East,Chair,1,394.41,Store B,Retail,Alice,Gift Card,WINTER15,0,REG101030,Cust 7826,6.37,2024-06-15,2024-06-20,Eric,5,5,True,2,39.441,6,2024,15,5,24,354.96900000000005,6,2024-06,2,2024,2024-06-15,5
2024-05-22,East,Monitor,6,535.38,Store C,Wholesale,Alice,Online,NULL,0,REG101031,Cust 3472,48.66,2024-05-22,2024-05-29,Eric,7,2,False,2,80.307,5,2024,22,2,21,2730.4379999999996,5,2024-05,2,2024,2024-05-22,7
2024-01-14,East,Monitor,19,407.82,Store D,Retail,Diana,Gift Card,FREESHIP,0,REG101032,Cust 4266,38.98,2024-01-14,2024-01-18,Eric,4,6,True,1,20.391000000000002,1,2024,14,6,2,7361.151,1,2024-01,1,2024,2024-01-14,4
2024-10-31,North,Tablet,16,120.83,Store B,Retail,Carlos,Cash,WINTER15,1,REG101033,Cust 8492,39.64,2024-10-31,2024-11-02,Ryan,2,3,False,4,6.0415,10,2024,31,3,44,1836.616,10,2024-10,4,2024,2024-10-31,2
2024-04-23,West,Printer,7,39.53,Store D,Retail,Carlos,Debit Card,WINTER15,0,REG101034,Cust 7354,18.16,2024-04-23,2024-04-29,Wendy,6,1,False,2,3.9530000000000003,4,2024,23,1,17,249.03900000000004,4,2024-04,2,2024,2024-04-23,6
2023-06-14,South,Tablet,2,224.08,Store A,Retail,Frank,Credit Card,WINTER15,0,REG101035,Cust 6672,47.35,2023-06-14,2023-06-20,Sophie,6,2,False,2,11.204,6,2023,14,2,24,425.752,6,2023-06,2,2023,2023-06-14,6
2024-02-28,North,Printer,11,382.08,Store D,Wholesale,Frank,Cash,WINTER15,0,REG101036,Cust 5589,5.95,2024-02-28,2024-03-02,Ryan,3,2,False,1,19.104,2,2024,28,2,9,3992.736,2,2024-02,1,2024,2024-02-28,3
2024-06-19,South,Printer,9,88.49,Store D,Wholesale,Diana,Online,NULL,0,REG101037,Cust 2770,35.6,2024-06-19,2024-06-26,Sophie,7,2,False,2,4.4245,6,2024,19,2,25,756.5894999999999,6,2024-06,2,2024,2024-06-19,7
2023-03-18,Central,Tablet,20,139.1,Store C,Wholesale,Carlos,Online,FREESHIP,0,REG101038,Cust 7206,30.22,2023-03-18,2023-03-20,Cameron,2,5,True,1,6.955,3,2023,18,5,11,2642.9,3,2023-03,1,2023,2023-03-18,2
2023-03-21,West,Desk,19,322.35,Store D,Wholesale,Alice,Debit Card,WINTER15,0,REG101039,Cust 1580,30.06,2023-03-21,2023-03-31,Wendy,10,1,False,1,32.23500000000001,3,2023,21,1,12,5512.185,3,2023-03,1,2023,2023-03-21,10
2024-05-28,East,Printer,16,334.55,Store B,Wholesale,Eva,Credit Card,SAVE10,0,REG101040,Cust 5313,37.42,2024-05-28,2024-06-01,Eric,4,1,False,2,33.455000000000005,5,2024,28,1,22,4817.52,5,2024-05,2,2024,2024-05-28,4
2023-03-27,West,Desk,20,332.48,Store B,Wholesale,Eva,Online,SAVE10,1,REG101041,Cust 4209,7.79,2023-03-27,2023-03-30,Wendy,3,0,False,1,0.0,3,2023,27,0,13,6649.6,3,2023-03,1,2023,2023-03-27,3
2023-06-19,Central,Printer,1,123.4,Store A,Retail,Eva,Cash,NULL,1,REG101042,Cust 5861,12.63,2023-06-19,2023-06-25,Cameron,6,0,False,2,0.0,6,2023,19,0,25,123.4,6,2023-06,2,2023,2023-06-19,6
2023-10-31,South,Laptop,3,88.26,Store D,Wholesale,Bob,Debit Card,FREESHIP,0,REG101043,Cust 6348,46.45,2023-10-31,2023-11-07,Sophie,7,1,False,4,4.413,10,2023,31,1,44,251.54100000000003,10,2023-10,4,2023,2023-10-31,7
2023-07-11,West,Phone,13,50.51,Store D,Wholesale,Alice,Debit Card,WINTER15,0,REG101044,Cust 5210,40.57,2023-07-11,2023-07-18,Wendy,7,1,False,3,5.051,7,2023,11,1,28,590.967,7,2023-07,3,2023,2023-07-11,7
2023-05-19,South,Monitor,11,237.99,Store D,Wholesale,Bob,Debit Card,FREESHIP,0,REG101045,Cust 7325,44.7,2023-05-19,2023-05-28,Sophie,9,4,False,2,11.899500000000002,5,2023,19,4,20,2486.9955,5,2023-05,2,2023,2023-05-19,9
2023-08-05,North,Chair,7,294.95,Store D,Wholesale,Frank,Online,FREESHIP,0,REG101046,Cust 5818,15.78,2023-08-05,2023-08-10,Ryan,5,5,True,3,0.0,8,2023,5,5,31,2064.65,8,2023-08,3,2023,2023-08-05,5
2023-03-24,West,Desk,8,384.3,Store C,Wholesale,Frank,Gift Card,FREESHIP,0,REG101047,Cust 7773,48.83,2023-03-24,2023-04-03,Wendy,10,4,False,1,38.43000000000001,3,2023,24,4,12,2766.96,3,2023-03,1,2023,2023-03-24,10
2024-12-14,North,Desk,1,461.35,Store D,Retail,Bob,Debit Card,FREESHIP,1,REG101049,Cust 4496,43.74,2024-12-14,2024-12-16,Ryan,2,5,True,4,0.0,12,2024,14,5,50,461.35,12,2024-12,4,2024,2024-12-14,2
2023-06-28,South,Printer,20,354.9,Store A,Wholesale,Bob,Gift Card,WINTER15,0,REG101050,Cust 3875,43.24,2023-06-28,2023-07-01,Sophie,3,2,False,2,0.0,6,2023,28,2,26,7098.0,6,2023-06,2,2023,2023-06-28,3
2023-01-24,West,Desk,7,438.41,Store C,Retail,Diana,Debit Card,SAVE10,1,REG101051,Cust 7232,47.77,2023-01-24,2023-01-28,Wendy,4,1,False,1,43.84100000000001,1,2023,24,1,4,2761.983,1,2023-01,1,2023,2023-01-24,4
2024-06-21,Central,Tablet,14,542.6,Store C,Retail,Eva,Debit Card,NULL,0,REG101052,Cust 2137,44.76,2024-06-21,2024-06-30,Cameron,9,4,False,2,27.130000000000003,6,2024,21,4,25,7216.58,6,2024-06,2,2024,2024-06-21,9
2024-07-13,Central,Printer,9,454.6,Store D,Wholesale,Carlos,Debit Card,NULL,0,REG101055,Cust 3810,32.86,2024-07-13,2024-07-20,Cameron,7,5,True,3,22.730000000000004,7,2024,13,5,28,3886.83,7,2024-07,3,2024,2024-07-13,7
2023-10-25,West,Desk,14,147.37,Store D,Wholesale,Frank,Debit Card,WINTER15,1,REG101057,Cust 8551,45.75,2023-10-25,2023-10-31,Wendy,6,2,False,4,22.1055,10,2023,25,2,43,1753.7030000000002,10,2023-10,4,2023,2023-10-25,6
2023-09-30,South,Laptop,7,421.12,Store D,Wholesale,Diana,Gift Card,NULL,0,REG101058,Cust 8837,44.49,2023-09-30,2023-10-02,Sophie,2,5,True,3,63.168,9,2023,30,5,39,2505.664,9,2023-09,3,2023,2023-09-30,2
2023-03-16,North,Phone,20,436.32,Store D,Retail,Diana,Credit Card,FREESHIP,1,REG101059,Cust 6523,37.49,2023-03-16,2023-03-26,Ryan,10,3,False,1,0.0,3,2023,16,3,11,8726.4,3,2023-03,1,2023,2023-03-16,10
2023-07-26,North,Laptop,18,436.83,Store A,Wholesale,Bob,Credit Card,SAVE10,0,REG101060,Cust 1947,28.8,2023-07-26,2023-08-02,Ryan,7,2,False,3,43.683,7,2023,26,2,30,7076.646,7,2023-07,3,2023,2023-07-26,7
2023-07-10,East,Monitor,2,327.57,Store A,Retail,Diana,Debit Card,NULL,0,REG101061,Cust 3440,19.49,2023-07-10,2023-07-19,Eric,9,0,False,3,16.3785,7,2023,10,0,28,622.3829999999999,7,2023-07,3,2023,2023-07-10,9
2024-08-06,East,Printer,18,166.92,Store C,Wholesale,Alice,Gift Card,WINTER15,0,REG101062,Cust 4102,9.35,2024-08-06,2024-08-16,Eric,10,1,False,3,8.346,8,2024,6,1,32,2854.332,8,2024-08,3,2024,2024-08-06,10
2024-07-16,Central,Phone,14,300.38,Store A,Retail,Alice,Online,NULL,0,REG101063,Cust 4145,38.6,2024-07-16,2024-07-19,Cameron,3,1,False,3,30.038,7,2024,16,1,29,3784.788,7,2024-07,3,2024,2024-07-16,3
2024-01-31,North,Printer,5,232.29,Store A,Wholesale,Alice,Online,NULL,1,REG101064,Cust 5206,42.38,2024-01-31,2024-02-09,Ryan,9,2,False,1,0.0,1,2024,31,2,5,1161.45,1,2024-01,1,2024,2024-01-31,9
2023-04-22,Central,Tablet,1,173.44,Store A,Retail,Bob,Gift Card,FREESHIP,0,REG101065,Cust 4022,32.83,2023-04-22,2023-04-24,Cameron,2,5,True,2,0.0,4,2023,22,5,16,173.44,4,2023-04,2,2023,2023-04-22,2
2024-08-25,Central,Laptop,12,461.3,Store D,Wholesale,Diana,Gift Card,FREESHIP,0,REG101067,Cust 7492,8.6,2024-08-25,2024-09-03,Cameron,9,6,True,3,69.195,8,2024,25,6,34,4705.26,8,2024-08,3,2024,2024-08-25,9
2023-08-30,East,Phone,1,193.08,Store A,Wholesale,Frank,Online,SAVE10,0,REG101068,Cust 3150,23.99,2023-08-30,2023-09-05,Eric,6,2,False,3,9.654000000000002,8,2023,30,2,35,183.42600000000002,8,2023-08,3,2023,2023-08-30,6
2023-09-06,West,Chair,3,312.97,Store C,Retail,Eva,Credit Card,NULL,1,REG101069,Cust 7872,20.06,2023-09-06,2023-09-12,Wendy,6,2,False,3,15.648500000000002,9,2023,6,2,36,891.9645,9,2023-09,3,2023,2023-09-06,6
2023-10-29,North,Phone,4,59.8,Store D,Retail,Frank,Online,FREESHIP,0,REG101071,Cust 4004,42.59,2023-10-29,2023-11-06,Ryan,8,6,True,4,5.98,10,2023,29,6,43,215.28,10,2023-10,4,2023,2023-10-29,8
2024-06-12,East,Laptop,9,418.0,Store C,Wholesale,Bob,Credit Card,WINTER15,0,REG101072,Cust 2781,30.45,2024-06-12,2024-06-18,Eric,6,2,False,2,0.0,6,2024,12,2,24,3762.0,6,2024-06,2,2024,2024-06-12,6
2023-02-02,South,Chair,1,80.96,Store A,Wholesale,Bob,Credit Card,FREESHIP,0,REG101073,Cust 9982,48.07,2023-02-02,2023-02-05,Sophie,3,3,False,1,0.0,2,2023,2,3,5,80.96,2,2023-02,1,2023,2023-02-02,3
2023-05-04,East,Phone,20,42.12,Store B,Wholesale,Alice,Credit Card,NULL,0,REG101074,Cust 9561,43.22,2023-05-04,2023-05-12,Eric,8,3,False,2,6.318,5,2023,4,3,18,716.04,5,2023-05,2,2023,2023-05-04,8
2023-05-24,West,Monitor,3,366.65,Store D,Wholesale,Carlos,Credit Card,SAVE10,0,REG101075,Cust 3496,33.6,2023-05-24,2023-05-31,Wendy,7,2,False,2,0.0,5,2023,24,2,21,1099.9499999999998,5,2023-05,2,2023,2023-05-24,7
2023-02-03,West,Monitor,19,534.92,Store D,Retail,Diana,Online,NULL,0,REG101076,Cust 4085,26.97,2023-02-03,2023-02-13,Wendy,10,4,False,1,0.0,2,2023,3,4,5,10163.48,2,2023-02,1,2023,2023-02-03,10
2023-12-25,East,Chair,1,494.52,Store D,Retail,Bob,Credit Card,NULL,0,REG101077,Cust 1921,43.02,2023-12-25,2024-01-02,Eric,8,0,False,4,0.0,12,2023,25,0,52,494.52,12,2023-12,4,2023,2023-12-25,8
2023-07-26,East,Monitor,6,344.67,Store D,Wholesale,Diana,Online,SAVE10,1,REG101078,Cust 9053,31.13,2023-07-26,2023-08-01,Eric,6,2,False,3,34.467000000000006,7,2023,26,2,30,1861.218,7,2023-07,3,2023,2023-07-26,6
2024-06-06,Central,Monitor,12,489.14,Store D,Retail,Bob,Online,SAVE10,0,REG101079,Cust 9345,29.31,2024-06-06,2024-06-15,Cameron,9,3,False,2,73.371,6,2024,6,3,23,4989.228,6,2024-06,2,2024,2024-06-06,9
2024-10-13,South,Printer,18,256.23,Store B,Wholesale,Eva,Debit Card,NULL,0,REG101080,Cust 3559,11.21,2024-10-13,2024-10-18,Sophie,5,6,True,4,12.811500000000002,10,2024,13,6,41,4381.533,10,2024-10,4,2024,2024-10-13,5
2024-11-03,North,Printer,17,99.76,Store C,Wholesale,Diana,Online,FREESHIP,1,REG101081,Cust 1762,21.89,2024-11-03,2024-11-13,Ryan,10,6,True,4,0.0,11,2024,3,6,44,1695.92,11,2024-11,4,2024,2024-11-03,10
2024-02-03,North,Printer,14,575.66,Store C,Wholesale,Frank,Credit Card,NULL,0,REG101082,Cust 7060,32.53,2024-02-03,2024-02-11,Ryan,8,5,True,1,57.566,2,2024,3,5,5,7253.316,2,2024-02,1,2024,2024-02-03,8
2023-01-10,East,Chair,6,176.52,Store D,Wholesale,Alice,Online,FREESHIP,0,REG101083,Cust 8796,16.98,2023-01-10,2023-01-13,Eric,3,1,False,1,26.478,1,2023,10,1,2,900.2520000000001,1,2023-01,1,2023,2023-01-10,3
2023-10-16,East,Tablet,6,485.66,Store D,Wholesale,Eva,Gift Card,FREESHIP,0,REG101084,Cust 6055,30.62,2023-10-16,2023-10-22,Eric,6,0,False,4,24.283,10,2023,16,0,42,2768.2619999999997,10,2023-10,4,2023,2023-10-16,6
2024-12-16,West,Desk,9,215.29,Store C,Wholesale,Alice,Credit Card,WINTER15,0,REG101086,Cust 9330,5.84,2024-12-16,2024-12-19,Wendy,3,0,False,4,21.529,12,2024,16,0,51,1743.849,12,2024-12,4,2024,2024-12-16,3
2023-08-16,West,Laptop,18,497.22,Store B,Wholesale,Diana,Credit Card,WINTER15,0,REG101087,Cust 5374,17.39,2023-08-16,2023-08-20,Wendy,4,2,False,3,24.861000000000004,8,2023,16,2,33,8502.462000000001,8,2023-08,3,2023,2023-08-16,4
2023-01-10,East,Desk,13,347.73,Store B,Wholesale,Diana,Gift Card,FREESHIP,1,REG101088,Cust 3321,31.81,2023-01-10,2023-01-20,Eric,10,1,False,1,17.3865,1,2023,10,1,2,4294.465499999999,1,2023-01,1,2023,2023-01-10,10
2024-04-08,East,Printer,12,434.33,Store A,Wholesale,Bob,Cash,FREESHIP,0,REG101090,Cust 6855,15.33,2024-04-08,2024-04-16,Eric,8,0,False,2,65.14949999999999,4,2024,8,0,15,4430.166,4,2024-04,2,2024,2024-04-08,8
2023-05-21,West,Desk,6,294.97,Store A,Wholesale,Bob,Credit Card,WINTER15,0,REG101092,Cust 3320,48.08,2023-05-21,2023-05-29,Wendy,8,6,True,2,14.748500000000002,5,2023,21,6,20,1681.3290000000002,5,2023-05,2,2023,2023-05-21,8
2023-11-23,Central,Phone,12,130.9,Store D,Retail,Alice,Debit Card,SAVE10,0,REG101093,Cust 8177,34.69,2023-11-23,2023-11-30,Cameron,7,3,False,4,19.635,11,2023,23,3,47,1335.18,11,2023-11,4,2023,2023-11-23,7
2024-03-26,North,Monitor,18,539.98,Store C,Retail,Eva,Cash,FREESHIP,1,REG101094,Cust 1743,34.44,2024-03-26,2024-04-05,Ryan,10,1,False,1,80.997,3,2024,26,1,13,8261.694,3,2024-03,1,2024,2024-03-26,10
2024-09-25,South,Desk,12,149.37,Store D,Retail,Bob,Credit Card,NULL,0,REG101095,Cust 3719,20.21,2024-09-25,2024-10-02,Sophie,7,2,False,3,14.937000000000001,9,2024,25,2,39,1613.1960000000001,9,2024-09,3,2024,2024-09-25,7
2023-04-06,East,Chair,5,411.24,Store A,Wholesale,Bob,Cash,WINTER15,1,REG101096,Cust 9323,5.35,2023-04-06,2023-04-10,Eric,4,3,False,2,61.686,4,2023,6,3,14,1747.7699999999998,4,2023-04,2,2023,2023-04-06,4
2024-06-24,North,Chair,16,462.86,Store D,Retail,Bob,Cash,NULL,1,REG101097,Cust 1914,17.43,2024-06-24,2024-06-26,Ryan,2,0,False,2,23.143,6,2024,24,0,26,7035.472,6,2024-06,2,2024,2024-06-24,2
2024-12-15,South,Laptop,17,506.38,Store B,Wholesale,Carlos,Cash,WINTER15,1,REG101098,Cust 5928,33.36,2024-12-15,2024-12-23,Sophie,8,6,True,4,0.0,12,2024,15,6,50,8608.46,12,2024-12,4,2024,2024-12-15,8
2024-10-03,North,Desk,19,25.61,Store B,Retail,Bob,Gift Card,NULL,0,REG101099,Cust 1904,30.32,2024-10-03,2024-10-11,Ryan,8,3,False,4,0.0,10,2024,3,3,40,486.59,10,2024-10,4,2024,2024-10-03,8
2023-09-03,South,Desk,4,467.45,Store C,Wholesale,Frank,Gift Card,WINTER15,0,REG101100,Cust 8062,25.05,2023-09-03,2023-09-13,Sophie,10,6,True,3,23.372500000000002,9,2023,3,6,35,1776.31,9,2023-09,3,2023,2023-09-03,10
2023-01-29,North,Printer,10,140.5,Store B,Retail,Carlos,Online,FREESHIP,0,REG101101,Cust 8150,43.81,2023-01-29,2023-02-05,Ryan,7,6,True,1,21.075,1,2023,29,6,4,1194.25,1,2023-01,1,2023,2023-01-29,7
2024-06-12,North,Phone,8,57.85,Store D,Wholesale,Frank,Online,WINTER15,1,REG101102,Cust 3275,49.82,2024-06-12,2024-06-20,Ryan,8,2,False,2,0.0,6,2024,12,2,24,462.8,6,2024-06,2,2024,2024-06-12,8
2024-11-24,North,Monitor,9,539.64,Store A,Retail,Alice,Gift Card,NULL,0,REG101103,Cust 3854,16.08,2024-11-24,2024-12-03,Ryan,9,6,True,4,80.946,11,2024,24,6,47,4128.246,11,2024-11,4,2024,2024-11-24,9
2023-08-15,West,Monitor,18,476.32,Store A,Wholesale,Diana,Credit Card,SAVE10,1,REG101104,Cust 8398,47.43,2023-08-15,2023-08-20,Wendy,5,1,False,3,0.0,8,2023,15,1,33,8573.76,8,2023-08,3,2023,2023-08-15,5
2024-08-21,Central,Tablet,11,143.85,Store A,Wholesale,Eva,Debit Card,FREESHIP,0,REG101105,Cust 4026,6.85,2024-08-21,2024-08-30,Cameron,9,2,False,3,14.385,8,2024,21,2,34,1424.115,8,2024-08,3,2024,2024-08-21,9
2023-05-24,West,Monitor,4,323.63,Store C,Retail,Carlos,Credit Card,FREESHIP,0,REG101106,Cust 5794,32.92,2023-05-24,2023-06-01,Wendy,8,2,False,2,32.363,5,2023,24,2,21,1165.068,5,2023-05,2,2023,2023-05-24,8
2023-04-27,West,Monitor,16,37.4,Store A,Wholesale,Bob,Credit Card,FREESHIP,0,REG101107,Cust 2917,49.55,2023-04-27,2023-05-01,Wendy,4,3,False,2,1.87,4,2023,27,3,17,568.4799999999999,4,2023-04,2,2023,2023-04-27,4
2023-05-21,East,Tablet,1,418.98,Store B,Retail,Carlos,Gift Card,FREESHIP,0,REG101108,Cust 5659,43.72,2023-05-21,2023-05-26,Eric,5,6,True,2,41.898,5,2023,21,6,20,377.08200000000005,5,2023-05,2,2023,2023-05-21,5
2023-08-24,East,Tablet,5,256.42,Store B,Retail,Alice,Gift Card,FREESHIP,0,REG101110,Cust 6718,28.74,2023-08-24,2023-08-29,Eric,5,3,False,3,0.0,8,2023,24,3,34,1282.1000000000001,8,2023-08,3,2023,2023-08-24,5
2024-03-14,East,Desk,16,544.91,Store B,Retail,Frank,Credit Card,FREESHIP,0,REG101111,Cust 8378,39.26,2024-03-14,2024-03-21,Eric,7,3,False,1,54.491,3,2024,14,3,11,7846.704,3,2024-03,1,2024,2024-03-14,7
2024-01-29,North,Desk,19,113.42,Store A,Retail,Eva,Debit Card,WINTER15,0,REG101112,Cust 3069,44.96,2024-01-29,2024-02-07,Ryan,9,0,False,1,0.0,1,2024,29,0,5,2154.98,1,2024-01,1,2024,2024-01-29,9
2024-08-09,South,Phone,10,522.73,Store C,Retail,Bob,Credit Card,NULL,0,REG101113,Cust 7619,20.06,2024-08-09,2024-08-15,Sophie,6,4,False,3,52.273,8,2024,9,4,32,4704.570000000001,8,2024-08,3,2024,2024-08-09,6
2024-07-08,North,Tablet,18,448.03,Store B,Retail,Frank,Cash,WINTER15,1,REG101114,Cust 6167,13.23,2024-07-08,2024-07-17,Ryan,9,0,False,3,67.2045,7,2024,8,0,28,6854.8589999999995,7,2024-07,3,2024,2024-07-08,9
2024-08-20,North,Monitor,15,208.51,Store A,Retail,Carlos,Gift Card,NULL,0,REG101115,Cust 2453,37.81,2024-08-20,2024-08-29,Ryan,9,1,False,3,10.4255,8,2024,20,1,34,2971.2674999999995,8,2024-08,3,2024,2024-08-20,9
2023-06-26,Central,Laptop,13,423.64,Store C,Retail,Alice,Debit Card,NULL,1,REG101116,Cust 8896,23.31,2023-06-26,2023-06-28,Cameron,2,0,False,2,42.364000000000004,6,2023,26,0,26,4956.588,6,2023-06,2,2023,2023-06-26,2
2023-12-23,East,Chair,5,552.26,Store D,Wholesale,Alice,Debit Card,WINTER15,0,REG101117,Cust 8800,26.5,2023-12-23,2023-12-25,Eric,2,5,True,4,82.839,12,2023,23,5,51,2347.105,12,2023-12,4,2023,2023-12-23,2
2023-08-20,Central,Desk,1,182.11,Store A,Retail,Carlos,Credit Card,WINTER15,0,REG101118,Cust 1819,7.31,2023-08-20,2023-08-27,Cameron,7,6,True,3,18.211000000000002,8,2023,20,6,33,163.89900000000003,8,2023-08,3,2023,2023-08-20,7
2024-10-28,West,Desk,7,466.36,Store D,Wholesale,Bob,Online,SAVE10,1,REG101119,Cust 1300,11.45,2024-10-28,2024-11-06,Wendy,9,0,False,4,23.318,10,2024,28,0,44,3101.294,10,2024-10,4,2024,2024-10-28,9
2024-11-11,East,Printer,15,140.54,Store A,Wholesale,Eva,Credit Card,SAVE10,0,REG101120,Cust 3807,49.91,2024-11-11,2024-11-21,Eric,10,0,False,4,14.054,11,2024,11,0,46,1897.29,11,2024-11,4,2024,2024-11-11,10
2023-12-07,West,Desk,17,460.31,Store A,Retail,Diana,Online,WINTER15,0,REG101121,Cust 6633,40.18,2023-12-07,2023-12-15,Wendy,8,3,False,4,69.0465,12,2023,7,3,49,6651.4795,12,2023-12,4,2023,2023-12-07,8
2024-03-23,West,Laptop,5,132.87,Store B,Retail,Bob,Debit Card,WINTER15,0,REG101122,Cust 6573,37.91,2024-03-23,2024-04-02,Wendy,10,5,True,1,0.0,3,2024,23,5,12,664.35,3,2024-03,1,2024,2024-03-23,10
2024-10-29,West,Tablet,12,209.86,Store D,Retail,Bob,Online,WINTER15,0,REG101123,Cust 8600,8.78,2024-10-29,2024-11-02,Wendy,4,1,False,4,10.493000000000002,10,2024,29,1,44,2392.404,10,2024-10,4,2024,2024-10-29,4
2023-03-18,North,Chair,11,335.11,Store C,Retail,Frank,Gift Card,FREESHIP,0,REG101125,Cust 3708,29.95,2023-03-18,2023-03-26,Ryan,8,5,True,1,0.0,3,2023,18,5,11,3686.21,3,2023-03,1,2023,2023-03-18,8
2023-01-19,East,Phone,8,277.43,Store D,Wholesale,Carlos,Online,SAVE10,0,REG101126,Cust 1268,36.38,2023-01-19,2023-01-23,Eric,4,3,False,1,0.0,1,2023,19,3,3,2219.44,1,2023-01,1,2023,2023-01-19,4
2023-07-09,West,Desk,6,287.72,Store A,Retail,Bob,Debit Card,WINTER15,0,REG101127,Cust 5600,17.14,2023-07-09,2023-07-14,Wendy,5,6,True,3,14.386000000000003,7,2023,9,6,27,1640.0040000000001,7,2023-07,3,2023,2023-07-09,5
2024-04-20,South,Printer,20,516.43,Store B,Retail,Bob,Online,FREESHIP,0,REG101130,Cust 6895,36.23,2024-04-20,2024-04-22,Sophie,2,5,True,2,0.0,4,2024,20,5,16,10328.599999999999,4,2024-04,2,2024,2024-04-20,2
2023-09-06,Central,Phone,17,588.58,Store D,Wholesale,Diana,Debit Card,SAVE10,1,REG101133,Cust 1670,25.31,2023-09-06,2023-09-13,Cameron,7,2,False,3,29.429000000000002,9,2023,6,2,36,9505.567000000001,9,2023-09,3,2023,2023-09-06,7
2023-09-29,East,Laptop,11,203.15,Store C,Retail,Eva,Online,FREESHIP,0,REG101134,Cust 2254,30.97,2023-09-29,2023-10-02,Eric,3,4,False,3,20.315,9,2023,29,4,39,2011.1850000000002,9,2023-09,3,2023,2023-09-29,3
2024-05-21,Central,Monitor,18,139.14,Store A,Wholesale,Carlos,Online,FREESHIP,1,REG101135,Cust 9521,10.56,2024-05-21,2024-05-23,Cameron,2,1,False,2,0.0,5,2024,21,1,21,2504.5199999999995,5,2024-05,2,2024,2024-05-21,2
2024-11-16,East,Chair,3,387.63,Store A,Wholesale,Diana,Credit Card,WINTER15,0,REG101137,Cust 7628,30.08,2024-11-16,2024-11-20,Eric,4,5,True,4,0.0,11,2024,16,5,46,1162.8899999999999,11,2024-11,4,2024,2024-11-16,4
2024-07-20,North,Desk,5,202.12,Store A,Retail,Diana,Online,FREESHIP,1,REG101138,Cust 2453,45.61,2024-07-20,2024-07-28,Ryan,8,5,True,3,20.212000000000003,7,2024,20,5,29,909.5400000000001,7,2024-07,3,2024,2024-07-20,8
2023-05-20,North,Desk,4,334.57,Store C,Retail,Carlos,Gift Card,NULL,0,REG101139,Cust 4210,11.49,2023-05-20,2023-05-27,Ryan,7,5,True,2,50.1855,5,2023,20,5,20,1137.538,5,2023-05,2,2023,2023-05-20,7
2023-10-22,West,Phone,16,486.71,Store B,Wholesale,Carlos,Online,FREESHIP,1,REG101140,Cust 1951,12.53,2023-10-22,2023-10-26,Wendy,4,6,True,4,73.00649999999999,10,2023,22,6,42,6619.255999999999,10,2023-10,4,2023,2023-10-22,4
2024-03-03,South,Laptop,3,260.72,Store B,Wholesale,Frank,Online,WINTER15,0,REG101142,Cust 8769,19.41,2024-03-03,2024-03-06,Sophie,3,6,True,1,39.108000000000004,3,2024,3,6,9,664.836,3,2024-03,1,2024,2024-03-03,3
2023-07-23,East,Desk,6,358.27,Store B,Retail,Frank,Gift Card,NULL,0,REG101143,Cust 9982,7.34,2023-07-23,2023-08-02,Eric,10,6,True,3,35.827,7,2023,23,6,29,1934.658,7,2023-07,3,2023,2023-07-23,10
2023-01-17,South,Chair,3,348.38,Store B,Wholesale,Carlos,Gift Card,FREESHIP,0,REG101145,Cust 3523,26.25,2023-01-17,2023-01-23,Sophie,6,1,False,1,0.0,1,2023,17,1,3,1045.1399999999999,1,2023-01,1,2023,2023-01-17,6
2023-09-17,North,Phone,6,437.59,Store D,Wholesale,Diana,Gift Card,WINTER15,1,REG101146,Cust 3377,39.4,2023-09-17,2023-09-26,Ryan,9,6,True,3,21.8795,9,2023,17,6,37,2494.263,9,2023-09,3,2023,2023-09-17,9
2023-10-07,West,Tablet,15,188.57,Store C,Wholesale,Bob,Credit Card,FREESHIP,1,REG101148,Cust 4623,38.61,2023-10-07,2023-10-09,Wendy,2,5,True,4,9.4285,10,2023,7,5,40,2687.1224999999995,10,2023-10,4,2023,2023-10-07,2
2023-08-08,West,Phone,8,200.74,Store A,Wholesale,Diana,Gift Card,SAVE10,1,REG101149,Cust 4571,30.7,2023-08-08,2023-08-10,Wendy,2,1,False,3,0.0,8,2023,8,1,32,1605.92,8,2023-08,3,2023,2023-08-08,2
2023-08-21,East,Laptop,3,142.09,Store C,Wholesale,Frank,Gift Card,WINTER15,0,REG101150,Cust 6453,26.04,2023-08-21,2023-08-27,Eric,6,0,False,3,21.3135,8,2023,21,0,34,362.3295,8,2023-08,3,2023,2023-08-21,6
2024-07-07,North,Tablet,15,576.12,Store D,Retail,Alice,Online,WINTER15,0,REG101151,Cust 6982,29.31,2024-07-07,2024-07-11,Ryan,4,6,True,3,57.612,7,2024,7,6,27,7777.62,7,2024-07,3,2024,2024-07-07,4
2023-12-06,North,Tablet,17,218.04,Store D,Wholesale,Bob,Cash,NULL,0,REG101153,Cust 3172,16.0,2023-12-06,2023-12-16,Ryan,10,2,False,4,32.705999999999996,12,2023,6,2,49,3150.678,12,2023-12,4,2023,2023-12-06,10
2023-03-01,South,Desk,2,153.33,Store C,Wholesale,Carlos,Cash,NULL,0,REG101154,Cust 8146,31.55,2023-03-01,2023-03-04,Sophie,3,2,False,1,7.666500000000001,3,2023,1,2,9,291.327,3,2023-03,1,2023,2023-03-01,3
2023-06-20,Central,Printer,13,153.57,Store B,Wholesale,Carlos,Gift Card,NULL,0,REG101156,Cust 6476,27.98,2023-06-20,2023-06-25,Cameron,5,1,False,2,7.6785,6,2023,20,1,25,1896.5894999999998,6,2023-06,2,2023,2023-06-20,5
2024-02-29,West,Printer,7,208.31,Store C,Wholesale,Frank,Online,SAVE10,0,REG101157,Cust 9835,26.57,2024-02-29,2024-03-03,Wendy,3,3,False,1,10.415500000000002,2,2024,29,3,9,1385.2615,2,2024-02,1,2024,2024-02-29,3
2024-08-19,North,Monitor,3,373.77,Store B,Retail,Eva,Cash,WINTER15,1,REG101159,Cust 9705,17.62,2024-08-19,2024-08-25,Ryan,6,0,False,3,37.377,8,2024,19,0,34,1009.179,8,2024-08,3,2024,2024-08-19,6
2024-01-15,Central,Printer,20,200.7,Store D,Retail,Alice,Online,FREESHIP,0,REG101160,Cust 3421,29.6,2024-01-15,2024-01-19,Cameron,4,0,False,1,20.07,1,2024,15,0,3,3612.6,1,2024-01,1,2024,2024-01-15,4
2024-08-08,Central,Desk,14,115.77,Store B,Wholesale,Frank,Credit Card,SAVE10,1,REG101161,Cust 1690,20.12,2024-08-08,2024-08-11,Cameron,3,3,False,3,17.365499999999997,8,2024,8,3,32,1377.663,8,2024-08,3,2024,2024-08-08,3
2024-10-05,West,Phone,12,535.41,Store C,Retail,Frank,Gift Card,NULL,0,REG101162,Cust 2507,27.82,2024-10-05,2024-10-07,Wendy,2,5,True,4,53.541,10,2024,5,5,40,5782.428,10,2024-10,4,2024,2024-10-05,2
2024-01-13,South,Desk,12,103.59,Store A,Retail,Frank,Debit Card,FREESHIP,0,REG101163,Cust 9880,48.11,2024-01-13,2024-01-21,Sophie,8,5,True,1,10.359000000000002,1,2024,13,5,2,1118.772,1,2024-01,1,2024,2024-01-13,8
2023-03-29,West,Laptop,18,176.32,Store B,Wholesale,Diana,Debit Card,NULL,0,REG101164,Cust 3972,36.35,2023-03-29,2023-04-04,Wendy,6,2,False,1,8.816,3,2023,29,2,13,3015.0719999999997,3,2023-03,1,2023,2023-03-29,6
2023-10-19,North,Printer,5,112.44,Store D,Retail,Bob,Credit Card,NULL,1,REG101165,Cust 8280,7.46,2023-10-19,2023-10-23,Ryan,4,3,False,4,11.244,10,2023,19,3,42,505.9800000000001,10,2023-10,4,2023,2023-10-19,4
2023-10-23,West,Chair,20,19.3,Store C,Wholesale,Bob,Debit Card,SAVE10,0,REG101166,Cust 4205,47.23,2023-10-23,2023-11-01,Wendy,9,0,False,4,0.0,10,2023,23,0,43,386.0,10,2023-10,4,2023,2023-10-23,9
2023-03-24,South,Phone,9,233.11,Store B,Retail,Eva,Debit Card,WINTER15,0,REG101167,Cust 2579,31.43,2023-03-24,2023-03-28,Sophie,4,4,False,1,11.655500000000002,3,2023,24,4,12,1993.0905,3,2023-03,1,2023,2023-03-24,4
2024-08-09,West,Printer,17,66.48,Store C,Wholesale,Eva,Gift Card,WINTER15,1,REG101168,Cust 7265,10.79,2024-08-09,2024-08-14,Wendy,5,4,False,3,9.972,8,2024,9,4,32,960.6360000000001,8,2024-08,3,2024,2024-08-09,5
2023-04-26,South,Laptop,17,504.63,Store A,Wholesale,Carlos,Online,WINTER15,1,REG101169,Cust 1199,48.33,2023-04-26,2023-05-06,Sophie,10,2,False,2,50.463,4,2023,26,2,17,7720.838999999999,4,2023-04,2,2023,2023-04-26,10
2024-03-04,West,Tablet,11,97.84,Store B,Retail,Alice,Debit Card,SAVE10,1,REG101170,Cust 2928,45.97,2024-03-04,2024-03-12,Wendy,8,0,False,1,4.892,3,2024,4,0,10,1022.428,3,2024-03,1,2024,2024-03-04,8
2023-02-14,East,Tablet,7,468.14,Store A,Retail,Bob,Cash,SAVE10,0,REG101171,Cust 9447,47.56,2023-02-14,2023-02-17,Eric,3,1,False,1,70.22099999999999,2,2023,14,1,7,2785.433,2,2023-02,1,2023,2023-02-14,3
2023-04-28,West,Tablet,20,476.69,Store B,Wholesale,Bob,Online,WINTER15,0,REG101172,Cust 9095,10.2,2023-04-28,2023-05-03,Wendy,5,4,False,2,23.834500000000002,4,2023,28,4,17,9057.109999999999,4,2023-04,2,2023,2023-04-28,5
2024-03-03,North,Phone,2,160.73,Store A,Wholesale,Frank,Cash,FREESHIP,0,REG101173,Cust 7587,20.18,2024-03-03,2024-03-11,Ryan,8,6,True,1,24.109499999999997,3,2024,3,6,9,273.241,3,2024-03,1,2024,2024-03-03,8
2024-09-04,West,Tablet,9,228.98,Store D,Retail,Frank,Online,WINTER15,0,REG101174,Cust 2611,45.79,2024-09-04,2024-09-08,Wendy,4,2,False,3,34.346999999999994,9,2024,4,2,36,1751.6969999999997,9,2024-09,3,2024,2024-09-04,4
2024-12-30,East,Tablet,19,336.5,Store B,Wholesale,Alice,Online,WINTER15,0,REG101175,Cust 8284,27.43,2024-12-30,2025-01-07,Eric,8,0,False,4,0.0,12,2024,30,0,1,6393.5,12,2024-12,4,2024,2024-12-30,8
2024-02-10,East,Printer,18,411.59,Store A,Wholesale,Bob,Credit Card,WINTER15,0,REG101176,Cust 8154,9.62,2024-02-10,2024-02-16,Eric,6,5,True,1,0.0,2,2024,10,5,6,7408.62,2,2024-02,1,2024,2024-02-10,6
2023-09-07,Central,Printer,1,431.49,Store C,Wholesale,Alice,Cash,SAVE10,0,REG101177,Cust 5215,17.53,2023-09-07,2023-09-15,Cameron,8,3,False,3,64.7235,9,2023,7,3,36,366.7665,9,2023-09,3,2023,2023-09-07,8
2023-08-11,East,Laptop,18,495.39,Store A,Wholesale,Carlos,Gift Card,SAVE10,0,REG101178,Cust 5309,14.88,2023-08-11,2023-08-15,Eric,4,4,False,3,0.0,8,2023,11,4,32,8917.02,8,2023-08,3,2023,2023-08-11,4
2023-03-12,West,Phone,4,149.3,Store A,Wholesale,Diana,Debit Card,FREESHIP,0,REG101179,Cust 2016,47.84,2023-03-12,2023-03-16,Wendy,4,6,True,1,14.930000000000001,3,2023,12,6,10,537.48,3,2023-03,1,2023,2023-03-12,4
2023-03-29,Central,Desk,18,179.97,Store C,Wholesale,Eva,Cash,SAVE10,0,REG101180,Cust 2676,22.15,2023-03-29,2023-03-31,Cameron,2,2,False,1,17.997,3,2023,29,2,13,2915.514,3,2023-03,1,2023,2023-03-29,2
2024-01-07,North,Chair,5,454.62,Store C,Wholesale,Diana,Gift Card,NULL,0,REG101182,Cust 6172,10.19,2024-01-07,2024-01-15,Ryan,8,6,True,1,22.731,1,2024,7,6,1,2159.4449999999997,1,2024-01,1,2024,2024-01-07,8
2023-01-14,East,Phone,17,226.56,Store A,Wholesale,Diana,Gift Card,WINTER15,1,REG101183,Cust 2527,36.89,2023-01-14,2023-01-20,Eric,6,5,True,1,22.656000000000002,1,2023,14,5,2,3466.368,1,2023-01,1,2023,2023-01-14,6
2024-01-03,West,Laptop,2,132.91,Store A,Wholesale,Bob,Debit Card,WINTER15,0,REG101184,Cust 1970,7.76,2024-01-03,2024-01-12,Wendy,9,2,False,1,0.0,1,2024,3,2,1,265.82,1,2024-01,1,2024,2024-01-03,9
2023-08-25,South,Desk,2,35.69,Store C,Retail,Eva,Debit Card,FREESHIP,0,REG101185,Cust 9543,39.89,2023-08-25,2023-08-28,Sophie,3,4,False,3,0.0,8,2023,25,4,34,71.38,8,2023-08,3,2023,2023-08-25,3
2023-12-30,South,Laptop,7,270.47,Store D,Wholesale,Diana,Credit Card,WINTER15,1,REG101187,Cust 2852,41.56,2023-12-30,2024-01-03,Sophie,4,5,True,4,13.523500000000002,12,2023,30,5,52,1798.6255,12,2023-12,4,2023,2023-12-30,4
2024-10-06,South,Phone,13,55.46,Store A,Retail,Bob,Credit Card,FREESHIP,1,REG101188,Cust 6365,18.01,2024-10-06,2024-10-09,Sophie,3,6,True,4,2.773,10,2024,6,6,40,684.931,10,2024-10,4,2024,2024-10-06,3
2023-03-12,Central,Tablet,17,515.12,Store D,Wholesale,Bob,Credit Card,SAVE10,1,REG101189,Cust 9159,32.74,2023-03-12,2023-03-22,Cameron,10,6,True,1,77.268,3,2023,12,6,10,7443.484,3,2023-03,1,2023,2023-03-12,10
2024-04-06,North,Phone,1,256.63,Store D,Wholesale,Carlos,Gift Card,FREESHIP,0,REG101190,Cust 3252,12.97,2024-04-06,2024-04-08,Ryan,2,5,True,2,0.0,4,2024,6,5,14,256.63,4,2024-04,2,2024,2024-04-06,2
2023-01-20,North,Tablet,4,423.99,Store B,Retail,Frank,Online,FREESHIP,0,REG101191,Cust 8679,20.05,2023-01-20,2023-01-25,Ryan,5,4,False,1,21.1995,1,2023,20,4,3,1611.162,1,2023-01,1,2023,2023-01-20,5
2024-07-08,West,Laptop,15,77.89,Store B,Wholesale,Diana,Credit Card,NULL,0,REG101192,Cust 5547,20.87,2024-07-08,2024-07-12,Wendy,4,0,False,3,3.8945000000000003,7,2024,8,0,28,1109.9325,7,2024-07,3,2024,2024-07-08,4
2023-10-06,North,Phone,12,11.95,Store A,Retail,Carlos,Online,NULL,0,REG101193,Cust 9438,26.66,2023-10-06,2023-10-16,Ryan,10,4,False,4,0.5975,10,2023,6,4,40,136.22999999999996,10,2023-10,4,2023,2023-10-06,10
2023-09-11,East,Desk,7,67.05,Store D,Wholesale,Carlos,Cash,FREESHIP,0,REG101194,Cust 9092,36.67,2023-09-11,2023-09-18,Eric,7,0,False,3,6.705,9,2023,11,0,37,422.41499999999996,9,2023-09,3,2023,2023-09-11,7
2023-09-14,North,Phone,19,118.15,Store C,Retail,Frank,Cash,SAVE10,0,REG101195,Cust 7007,12.95,2023-09-14,2023-09-19,Ryan,5,3,False,3,17.7225,9,2023,14,3,37,1908.1225,9,2023-09,3,2023,2023-09-14,5
2023-11-06,North,Printer,16,114.47,Store B,Wholesale,Carlos,Online,NULL,0,REG101196,Cust 3001,43.85,2023-11-06,2023-11-11,Ryan,5,0,False,4,17.1705,11,2023,6,0,45,1556.792,11,2023-11,4,2023,2023-11-06,5
2024-06-23,North,Monitor,9,36.21,Store C,Wholesale,Bob,Credit Card,FREESHIP,0,REG101197,Cust 5771,6.71,2024-06-23,2024-06-30,Ryan,7,6,True,2,5.4315,6,2024,23,6,25,277.00649999999996,6,2024-06,2,2024,2024-06-23,7
2023-03-30,West,Printer,10,52.58,Store B,Wholesale,Eva,Cash,WINTER15,0,REG101198,Cust 4317,14.01,2023-03-30,2023-04-09,Wendy,10,3,False,1,5.258,3,2023,30,3,13,473.21999999999997,3,2023-03,1,2023,2023-03-30,10
2024-10-05,East,Phone,6,272.26,Store A,Retail,Carlos,Debit Card,SAVE10,0,REG101199,Cust 3627,43.67,2024-10-05,2024-10-15,Eric,10,5,True,4,27.226,10,2024,5,5,40,1470.204,10,2024-10,4,2024,2024-10-05,10
2023-03-19,Central,Chair,10,124.97,Store D,Retail,Eva,Gift Card,WINTER15,1,REG101200,Cust 4433,40.23,2023-03-19,2023-03-29,Cameron,10,6,True,1,18.7455,3,2023,19,6,11,1062.2450000000001,3,2023-03,1,2023,2023-03-19,10
2024-12-18,Central,Laptop,20,282.91,Store A,Wholesale,Frank,Debit Card,FREESHIP,0,REG101202,Cust 8987,8.19,2024-12-18,2024-12-28,Cameron,10,2,False,4,42.4365,12,2024,18,2,51,4809.47,12,2024-12,4,2024,2024-12-18,10
2023-01-26,South,Printer,14,209.82,Store B,Wholesale,Eva,Cash,SAVE10,0,REG101205,Cust 6546,36.11,2023-01-26,2023-01-30,Sophie,4,3,False,1,0.0,1,2023,26,3,4,2937.48,1,2023-01,1,2023,2023-01-26,4
2024-08-04,North,Laptop,16,293.44,Store D,Wholesale,Diana,Gift Card,SAVE10,0,REG101206,Cust 2951,42.56,2024-08-04,2024-08-14,Ryan,10,6,True,3,14.672,8,2024,4,6,31,4460.288,8,2024-08,3,2024,2024-08-04,10
2024-02-13,North,Phone,11,185.52,Store D,Wholesale,Diana,Credit Card,WINTER15,0,REG101207,Cust 4673,38.53,2024-02-13,2024-02-16,Ryan,3,1,False,1,27.828,2,2024,13,1,7,1734.612,2,2024-02,1,2024,2024-02-13,3
2023-02-11,Central,Desk,18,268.38,Store D,Wholesale,Alice,Cash,FREESHIP,0,REG101208,Cust 5988,48.38,2023-02-11,2023-02-14,Cameron,3,5,True,1,40.257,2,2023,11,5,6,4106.214,2,2023-02,1,2023,2023-02-11,3
2024-06-17,East,Printer,18,547.05,Store C,Wholesale,Carlos,Cash,FREESHIP,0,REG101209,Cust 3922,10.99,2024-06-17,2024-06-22,Eric,5,0,False,2,54.705,6,2024,17,0,25,8862.21,6,2024-06,2,2024,2024-06-17,5
2024-06-06,South,Laptop,1,354.21,Store A,Wholesale,Carlos,Online,NULL,0,REG101210,Cust 9853,26.16,2024-06-06,2024-06-12,Sophie,6,3,False,2,53.131499999999996,6,2024,6,3,23,301.07849999999996,6,2024-06,2,2024,2024-06-06,6
2023-11-26,South,Chair,18,250.93,Store C,Wholesale,Bob,Gift Card,NULL,0,REG101211,Cust 6168,47.67,2023-11-26,2023-12-02,Sophie,6,6,True,4,12.546500000000002,11,2023,26,6,47,4290.902999999999,11,2023-11,4,2023,2023-11-26,6
2024-04-07,West,Printer,18,587.25,Store C,Wholesale,Carlos,Online,NULL,0,REG101212,Cust 3175,42.15,2024-04-07,2024-04-09,Wendy,2,6,True,2,88.08749999999999,4,2024,7,6,14,8984.925,4,2024-04,2,2024,2024-04-07,2
2023-02-03,West,Desk,2,438.06,Store B,Retail,Frank,Online,FREESHIP,1,REG101213,Cust 1813,12.9,2023-02-03,2023-02-09,Wendy,6,4,False,1,0.0,2,2023,3,4,5,876.12,2,2023-02,1,2023,2023-02-03,6
2024-11-25,East,Chair,14,6.1,Store C,Wholesale,Carlos,Online,FREESHIP,1,REG101214,Cust 7749,10.18,2024-11-25,2024-11-30,Eric,5,0,False,4,0.9149999999999999,11,2024,25,0,48,72.58999999999999,11,2024-11,4,2024,2024-11-25,5
2024-06-30,North,Laptop,2,80.14,Store D,Wholesale,Carlos,Online,FREESHIP,1,REG101215,Cust 3416,13.41,2024-06-30,2024-07-03,Ryan,3,6,True,2,0.0,6,2024,30,6,26,160.28,6,2024-06,2,2024,2024-06-30,3
2023-08-02,South,Laptop,11,66.97,Store A,Retail,Bob,Gift Card,FREESHIP,1,REG101216,Cust 7066,20.35,2023-08-02,2023-08-11,Sophie,9,2,False,3,10.045499999999999,8,2023,2,2,31,626.1695,8,2023-08,3,2023,2023-08-02,9
2024-02-22,South,Chair,6,181.34,Store A,Wholesale,Alice,Cash,FREESHIP,0,REG101217,Cust 5180,27.65,2024-02-22,2024-02-27,Sophie,5,3,False,1,0.0,2,2024,22,3,8,1088.04,2,2024-02,1,2024,2024-02-22,5
2024-11-29,North,Monitor,15,570.0,Store D,Wholesale,Frank,Gift Card,NULL,0,REG101218,Cust 6246,7.62,2024-11-29,2024-12-09,Ryan,10,4,False,4,28.5,11,2024,29,4,48,8122.5,11,2024-11,4,2024,2024-11-29,10
2023-07-21,North,Monitor,9,587.79,Store D,Wholesale,Bob,Online,NULL,0,REG101219,Cust 4182,24.64,2023-07-21,2023-07-31,Ryan,10,4,False,3,88.1685,7,2023,21,4,29,4496.5935,7,2023-07,3,2023,2023-07-21,10
2023-04-14,Central,Phone,6,196.31,Store C,Retail,Carlos,Online,WINTER15,0,REG101220,Cust 6843,38.65,2023-04-14,2023-04-17,Cameron,3,4,False,2,19.631,4,2023,14,4,15,1060.074,4,2023-04,2,2023,2023-04-14,3
2023-02-01,North,Phone,8,430.06,Store B,Wholesale,Bob,Debit Card,SAVE10,0,REG101221,Cust 6844,38.45,2023-02-01,2023-02-05,Ryan,4,2,False,1,21.503,2,2023,1,2,5,3268.4559999999997,2,2023-02,1,2023,2023-02-01,4
2024-06-30,East,Monitor,14,429.72,Store A,Retail,Eva,Cash,SAVE10,0,REG101222,Cust 3248,45.78,2024-06-30,2024-07-05,Eric,5,6,True,2,42.97200000000001,6,2024,30,6,26,5414.472,6,2024-06,2,2024,2024-06-30,5
2023-10-18,Central,Phone,13,127.34,Store D,Wholesale,Alice,Credit Card,WINTER15,0,REG101223,Cust 5226,6.15,2023-10-18,2023-10-21,Cameron,3,2,False,4,0.0,10,2023,18,2,42,1655.42,10,2023-10,4,2023,2023-10-18,3
2024-07-04,East,Monitor,6,421.97,Store B,Wholesale,Bob,Cash,WINTER15,0,REG101224,Cust 9804,41.31,2024-07-04,2024-07-13,Eric,9,3,False,3,21.0985,7,2024,4,3,27,2405.2290000000003,7,2024-07,3,2024,2024-07-04,9
2024-07-04,East,Tablet,5,225.69,Store A,Wholesale,Carlos,Gift Card,WINTER15,0,REG101225,Cust 3990,47.6,2024-07-04,2024-07-12,Eric,8,3,False,3,33.8535,7,2024,4,3,27,959.1825,7,2024-07,3,2024,2024-07-04,8
2023-07-27,North,Monitor,10,322.11,Store A,Retail,Diana,Debit Card,WINTER15,0,REG101226,Cust 5106,28.72,2023-07-27,2023-08-02,Ryan,6,3,False,3,48.3165,7,2023,27,3,30,2737.9350000000004,7,2023-07,3,2023,2023-07-27,6
2023-02-23,Central,Desk,16,326.16,Store C,Wholesale,Frank,Credit Card,NULL,0,REG101228,Cust 1439,44.3,2023-02-23,2023-02-25,Cameron,2,3,False,1,32.61600000000001,2,2023,23,3,8,4696.704000000001,2,2023-02,1,2023,2023-02-23,2
2023-01-11,East,Monitor,13,515.42,Store D,Retail,Bob,Online,FREESHIP,0,REG101229,Cust 5342,43.37,2023-01-11,2023-01-20,Eric,9,2,False,1,0.0,1,2023,11,2,2,6700.459999999999,1,2023-01,1,2023,2023-01-11,9
2024-04-16,West,Tablet,7,129.83,Store A,Wholesale,Carlos,Gift Card,WINTER15,0,REG101230,Cust 4564,13.12,2024-04-16,2024-04-20,Wendy,4,1,False,2,0.0,4,2024,16,1,16,908.8100000000001,4,2024-04,2,2024,2024-04-16,4
2024-03-09,Central,Monitor,17,376.15,Store C,Retail,Diana,Gift Card,WINTER15,1,REG101231,Cust 6441,31.96,2024-03-09,2024-03-12,Cameron,3,5,True,1,18.8075,3,2024,9,5,10,6074.822499999999,3,2024-03,1,2024,2024-03-09,3
2024-10-07,South,Chair,8,385.46,Store A,Wholesale,Bob,Cash,SAVE10,0,REG101232,Cust 7591,8.89,2024-10-07,2024-10-11,Sophie,4,0,False,4,0.0,10,2024,7,0,41,3083.68,10,2024-10,4,2024,2024-10-07,4
2023-10-06,West,Printer,2,474.13,Store D,Wholesale,Carlos,Gift Card,FREESHIP,1,REG101233,Cust 9778,14.41,2023-10-06,2023-10-15,Wendy,9,4,False,4,0.0,10,2023,6,4,40,948.26,10,2023-10,4,2023,2023-10-06,9
2023-04-08,West,Monitor,15,506.17,Store B,Wholesale,Alice,Online,NULL,0,REG101234,Cust 1195,41.73,2023-04-08,2023-04-13,Wendy,5,5,True,2,25.308500000000002,4,2023,8,5,14,7212.9225,4,2023-04,2,2023,2023-04-08,5
2024-02-20,South,Phone,1,67.38,Store D,Retail,Alice,Credit Card,WINTER15,0,REG101235,Cust 8126,6.14,2024-02-20,2024-02-27,Sophie,7,1,False,1,10.107,2,2024,20,1,8,57.272999999999996,2,2024-02,1,2024,2024-02-20,7
2023-01-30,West,Chair,15,274.3,Store B,Retail,Frank,Credit Card,NULL,0,REG101236,Cust 4609,21.56,2023-01-30,2023-02-08,Wendy,9,0,False,1,41.145,1,2023,30,0,5,3497.325,1,2023-01,1,2023,2023-01-30,9
2023-05-12,South,Monitor,2,334.48,Store B,Wholesale,Alice,Debit Card,NULL,0,REG101237,Cust 1449,31.53,2023-05-12,2023-05-20,Sophie,8,4,False,2,0.0,5,2023,12,4,19,668.96,5,2023-05,2,2023,2023-05-12,8
2024-01-08,South,Chair,7,562.6,Store A,Retail,Eva,Online,WINTER15,0,REG101238,Cust 3508,19.95,2024-01-08,2024-01-12,Sophie,4,0,False,1,84.39,1,2024,8,0,2,3347.4700000000003,1,2024-01,1,2024,2024-01-08,4
2024-06-05,North,Monitor,7,14.34,Store D,Retail,Alice,Debit Card,WINTER15,0,REG101239,Cust 4826,19.45,2024-06-05,2024-06-08,Ryan,3,2,False,2,0.7170000000000001,6,2024,5,2,23,95.36099999999999,6,2024-06,2,2024,2024-06-05,3
2023-03-05,East,Printer,11,488.17,Store B,Wholesale,Bob,Cash,WINTER15,1,REG101242,Cust 5153,37.47,2023-03-05,2023-03-11,Eric,6,6,True,1,24.408500000000004,3,2023,5,6,9,5101.376499999999,3,2023-03,1,2023,2023-03-05,6
2024-10-27,South,Tablet,10,268.39,Store B,Retail,Alice,Credit Card,SAVE10,0,REG101243,Cust 6330,25.86,2024-10-27,2024-11-02,Sophie,6,6,True,4,13.4195,10,2024,27,6,43,2549.7049999999995,10,2024-10,4,2024,2024-10-27,6
2024-09-21,West,Phone,15,466.55,Store A,Retail,Alice,Cash,SAVE10,1,REG101245,Cust 5884,36.68,2024-09-21,2024-09-27,Wendy,6,5,True,3,23.3275,9,2024,21,5,38,6648.3375,9,2024-09,3,2024,2024-09-21,6
2024-07-11,East,Monitor,6,100.75,Store A,Wholesale,Frank,Credit Card,FREESHIP,0,REG101247,Cust 8095,12.98,2024-07-11,2024-07-14,Eric,3,3,False,3,10.075000000000001,7,2024,11,3,28,544.0500000000001,7,2024-07,3,2024,2024-07-11,3
2023-11-26,East,Laptop,9,526.26,Store B,Retail,Bob,Cash,FREESHIP,0,REG101249,Cust 6785,15.47,2023-11-26,2023-12-06,Eric,10,6,True,4,0.0,11,2023,26,6,47,4736.34,11,2023-11,4,2023,2023-11-26,10
2024-06-02,Central,Printer,18,519.42,Store C,Retail,Eva,Cash,WINTER15,0,REG101250,Cust 6485,32.96,2024-06-02,2024-06-04,Cameron,2,6,True,2,77.913,6,2024,2,6,22,7947.125999999999,6,2024-06,2,2024,2024-06-02,2
2023-01-17,North,Chair,18,108.46,Store D,Wholesale,Frank,Online,SAVE10,0,REG101251,Cust 6960,10.72,2023-01-17,2023-01-24,Ryan,7,1,False,1,5.423,1,2023,17,1,3,1854.666,1,2023-01,1,2023,2023-01-17,7
2024-02-20,East,Phone,4,452.77,Store B,Retail,Diana,Debit Card,SAVE10,0,REG101254,Cust 8828,32.01,2024-02-20,2024-03-01,Eric,10,1,False,1,0.0,2,2024,20,1,8,1811.08,2,2024-02,1,2024,2024-02-20,10
2023-12-26,North,Monitor,7,157.0,Store A,Wholesale,Alice,Online,SAVE10,1,REG101255,Cust 9097,39.72,2023-12-26,2024-01-04,Ryan,9,1,False,4,23.55,12,2023,26,1,52,934.15,12,2023-12,4,2023,2023-12-26,9
2023-03-07,North,Printer,11,550.86,Store C,Retail,Bob,Online,FREESHIP,0,REG101256,Cust 4744,21.82,2023-03-07,2023-03-12,Ryan,5,1,False,1,55.086000000000006,3,2023,7,1,10,5453.514,3,2023-03,1,2023,2023-03-07,5
2024-09-13,North,Chair,5,172.65,Store C,Wholesale,Alice,Cash,SAVE10,0,REG101257,Cust 4287,28.3,2024-09-13,2024-09-22,Ryan,9,4,False,3,25.8975,9,2024,13,4,37,733.7624999999999,9,2024-09,3,2024,2024-09-13,9
2024-01-02,East,Tablet,16,145.3,Store B,Wholesale,Eva,Credit Card,FREESHIP,1,REG101258,Cust 2236,29.64,2024-01-02,2024-01-12,Eric,10,1,False,1,0.0,1,2024,2,1,1,2324.8,1,2024-01,1,2024,2024-01-02,10
2024-03-12,Central,Tablet,1,534.61,Store D,Retail,Frank,Online,SAVE10,0,REG101261,Cust 1162,22.68,2024-03-12,2024-03-21,Cameron,9,1,False,1,26.730500000000003,3,2024,12,1,11,507.8795,3,2024-03,1,2024,2024-03-12,9
2024-07-03,East,Phone,9,560.04,Store D,Retail,Carlos,Gift Card,WINTER15,0,REG101262,Cust 1669,22.81,2024-07-03,2024-07-07,Eric,4,2,False,3,28.002,7,2024,3,2,27,4788.342,7,2024-07,3,2024,2024-07-03,4
2024-03-21,East,Phone,3,105.73,Store D,Retail,Bob,Debit Card,FREESHIP,1,REG101264,Cust 7659,12.12,2024-03-21,2024-03-28,Eric,7,3,False,1,5.2865,3,2024,21,3,12,301.3305,3,2024-03,1,2024,2024-03-21,7
2024-04-30,West,Chair,19,433.39,Store C,Retail,Bob,Online,WINTER15,0,REG101267,Cust 2410,7.59,2024-04-30,2024-05-09,Wendy,9,1,False,2,21.6695,4,2024,30,1,18,7822.6894999999995,4,2024-04,2,2024,2024-04-30,9
2023-09-08,West,Phone,11,358.59,Store B,Wholesale,Frank,Credit Card,NULL,0,REG101270,Cust 5049,29.19,2023-09-08,2023-09-10,Wendy,2,4,False,3,0.0,9,2023,8,4,36,3944.49,9,2023-09,3,2023,2023-09-08,2
2024-02-04,Central,Tablet,18,595.53,Store B,Retail,Frank,Cash,WINTER15,0,REG101271,Cust 9534,42.91,2024-02-04,2024-02-06,Cameron,2,6,True,1,0.0,2,2024,4,6,5,10719.539999999999,2,2024-02,1,2024,2024-02-04,2
2024-11-25,North,Monitor,14,574.32,Store D,Wholesale,Diana,Credit Card,SAVE10,0,REG101272,Cust 5693,12.07,2024-11-25,2024-12-05,Ryan,10,0,False,4,86.14800000000001,11,2024,25,0,48,6834.408,11,2024-11,4,2024,2024-11-25,10
2024-12-30,North,Laptop,18,444.13,Store D,Retail,Frank,Cash,SAVE10,0,REG101273,Cust 6950,5.41,2024-12-30,2025-01-02,Ryan,3,0,False,4,0.0,12,2024,30,0,1,7994.34,12,2024-12,4,2024,2024-12-30,3
2023-09-05,West,Tablet,19,431.47,Store A,Retail,Eva,Gift Card,WINTER15,0,REG101274,Cust 7098,49.23,2023-09-05,2023-09-10,Wendy,5,1,False,3,43.147000000000006,9,2023,5,1,36,7378.137000000001,9,2023-09,3,2023,2023-09-05,5
2023-08-01,West,Printer,19,67.49,Store C,Retail,Frank,Debit Card,SAVE10,0,REG101275,Cust 8300,32.04,2023-08-01,2023-08-11,Wendy,10,1,False,3,0.0,8,2023,1,1,31,1282.31,8,2023-08,3,2023,2023-08-01,10
2023-01-06,Central,Tablet,11,25.67,Store C,Retail,Carlos,Credit Card,SAVE10,0,REG101276,Cust 9557,30.12,2023-01-06,2023-01-08,Cameron,2,4,False,1,3.8505000000000003,1,2023,6,4,1,240.0145,1,2023-01,1,2023,2023-01-06,2
2023-12-21,West,Monitor,7,257.01,Store D,Retail,Eva,Credit Card,NULL,0,REG101278,Cust 9717,35.52,2023-12-21,2023-12-28,Wendy,7,3,False,4,12.8505,12,2023,21,3,51,1709.1164999999999,12,2023-12,4,2023,2023-12-21,7
2024-09-10,East,Laptop,14,85.54,Store B,Wholesale,Frank,Gift Card,FREESHIP,0,REG101279,Cust 2719,16.08,2024-09-10,2024-09-14,Eric,4,1,False,3,0.0,9,2024,10,1,37,1197.5600000000002,9,2024-09,3,2024,2024-09-10,4
2024-04-05,Central,Chair,9,267.6,Store D,Retail,Eva,Credit Card,FREESHIP,0,REG101280,Cust 6203,8.48,2024-04-05,2024-04-10,Cameron,5,4,False,2,40.14,4,2024,5,4,14,2047.14,4,2024-04,2,2024,2024-04-05,5
2023-07-26,East,Desk,15,261.85,Store D,Wholesale,Diana,Online,SAVE10,0,REG101281,Cust 9151,40.68,2023-07-26,2023-07-31,Eric,5,2,False,3,39.2775,7,2023,26,2,30,3338.5875,7,2023-07,3,2023,2023-07-26,5
2023-11-12,East,Printer,11,199.57,Store A,Retail,Bob,Debit Card,SAVE10,0,REG101282,Cust 5096,48.94,2023-11-12,2023-11-14,Eric,2,6,True,4,9.9785,11,2023,12,6,45,2085.5065,11,2023-11,4,2023,2023-11-12,2
2023-08-12,South,Chair,8,28.34,Store C,Wholesale,Alice,Cash,NULL,1,REG101284,Cust 1276,23.19,2023-08-12,2023-08-19,Sophie,7,5,True,3,1.417,8,2023,12,5,32,215.384,8,2023-08,3,2023,2023-08-12,7
2024-12-12,West,Printer,17,495.13,Store D,Wholesale,Alice,Online,FREESHIP,1,REG101285,Cust 6063,26.37,2024-12-12,2024-12-21,Wendy,9,3,False,4,49.513000000000005,12,2024,12,3,50,7575.489,12,2024-12,4,2024,2024-12-12,9
2023-02-08,East,Tablet,4,224.75,Store D,Wholesale,Frank,Debit Card,NULL,0,REG101290,Cust 2148,43.86,2023-02-08,2023-02-16,Eric,8,2,False,1,0.0,2,2023,8,2,6,899.0,2,2023-02,1,2023,2023-02-08,8
2024-09-01,North,Tablet,14,297.56,Store B,Wholesale,Diana,Debit Card,FREESHIP,0,REG101292,Cust 4450,31.44,2024-09-01,2024-09-08,Ryan,7,6,True,3,29.756,9,2024,1,6,35,3749.2560000000003,9,2024-09,3,2024,2024-09-01,7
2024-11-07,Central,Printer,13,365.11,Store C,Retail,Diana,Online,NULL,0,REG101293,Cust 8233,13.97,2024-11-07,2024-11-13,Cameron,6,3,False,4,18.2555,11,2024,7,3,45,4509.1085,11,2024-11,4,2024,2024-11-07,6
2024-11-29,East,Chair,1,139.13,Store C,Wholesale,Carlos,Cash,NULL,1,REG101294,Cust 9012,35.92,2024-11-29,2024-12-02,Eric,3,4,False,4,0.0,11,2024,29,4,48,139.13,11,2024-11,4,2024,2024-11-29,3
2023-04-10,West,Chair,6,543.89,Store C,Retail,Bob,Cash,NULL,1,REG101295,Cust 1496,13.19,2023-04-10,2023-04-20,Wendy,10,0,False,2,0.0,4,2023,10,0,15,3263.34,4,2023-04,2,2023,2023-04-10,10
2024-01-10,North,Printer,19,219.7,Store A,Retail,Alice,Cash,FREESHIP,0,REG101296,Cust 9365,15.38,2024-01-10,2024-01-16,Ryan,6,2,False,1,0.0,1,2024,10,2,2,4174.3,1,2024-01,1,2024,2024-01-10,6
2024-07-26,Central,Laptop,9,486.58,Store A,Retail,Alice,Online,FREESHIP,0,REG101298,Cust 3474,38.72,2024-07-26,2024-07-30,Cameron,4,4,False,3,72.987,7,2024,26,4,30,3722.337,7,2024-07,3,2024,2024-07-26,4
2024-12-26,South,Desk,12,578.86,Store D,Retail,Frank,Cash,FREESHIP,0,REG101299,Cust 2111,25.84,2024-12-26,2025-01-03,Sophie,8,3,False,4,86.829,12,2024,26,3,52,5904.371999999999,12,2024-12,4,2024,2024-12-26,8
2024-03-25,South,Phone,7,446.32,Store B,Wholesale,Alice,Debit Card,NULL,0,REG101301,Cust 2341,47.23,2024-03-25,2024-04-01,Sophie,7,0,False,1,44.632000000000005,3,2024,25,0,13,2811.816,3,2024-03,1,2024,2024-03-25,7
2023-10-20,South,Desk,14,275.34,Store B,Retail,Carlos,Online,NULL,1,REG101303,Cust 5935,32.8,2023-10-20,2023-10-24,Sophie,4,4,False,4,27.534,10,2023,20,4,42,3469.2839999999997,10,2023-10,4,2023,2023-10-20,4
2024-09-19,Central,Desk,2,27.64,Store B,Retail,Frank,Credit Card,FREESHIP,0,REG101304,Cust 3291,21.73,2024-09-19,2024-09-28,Cameron,9,3,False,3,4.146,9,2024,19,3,38,46.988,9,2024-09,3,2024,2024-09-19,9
2023-09-23,North,Monitor,17,439.3,Store B,Retail,Frank,Online,FREESHIP,0,REG101305,Cust 5258,12.87,2023-09-23,2023-09-26,Ryan,3,5,True,3,0.0,9,2023,23,5,38,7468.1,9,2023-09,3,2023,2023-09-23,3
2024-12-31,East,Printer,15,573.81,Store C,Retail,Alice,Gift Card,SAVE10,0,REG101306,Cust 4715,35.87,2024-12-31,2025-01-02,Eric,2,1,False,4,0.0,12,2024,31,1,1,8607.15,12,2024-12,4,2024,2024-12-31,2
2024-01-23,North,Desk,19,360.06,Store C,Wholesale,Eva,Debit Card,FREESHIP,0,REG101307,Cust 3106,33.19,2024-01-23,2024-01-31,Ryan,8,1,False,1,18.003,1,2024,23,1,4,6499.083,1,2024-01,1,2024,2024-01-23,8
2023-06-13,East,Laptop,7,535.2,Store C,Retail,Frank,Debit Card,NULL,0,REG101308,Cust 9606,10.44,2023-06-13,2023-06-23,Eric,10,1,False,2,53.52000000000001,6,2023,13,1,24,3371.7600000000007,6,2023-06,2,2023,2023-06-13,10
2023-07-01,East,Chair,19,161.13,Store A,Wholesale,Diana,Credit Card,FREESHIP,0,REG101309,Cust 9182,5.46,2023-07-01,2023-07-06,Eric,5,5,True,3,0.0,7,2023,1,5,26,3061.47,7,2023-07,3,2023,2023-07-01,5
2023-10-18,North,Phone,5,48.06,Store A,Wholesale,Alice,Gift Card,FREESHIP,0,REG101312,Cust 3831,19.17,2023-10-18,2023-10-26,Ryan,8,2,False,4,0.0,10,2023,18,2,42,240.3,10,2023-10,4,2023,2023-10-18,8
2024-01-02,Central,Desk,7,55.76,Store C,Wholesale,Alice,Online,NULL,0,REG101313,Cust 7955,38.98,2024-01-02,2024-01-11,Cameron,9,1,False,1,5.5760000000000005,1,2024,2,1,1,351.288,1,2024-01,1,2024,2024-01-02,9
2023-07-03,West,Desk,2,504.82,Store D,Retail,Carlos,Debit Card,FREESHIP,0,REG101315,Cust 7916,25.54,2023-07-03,2023-07-08,Wendy,5,0,False,3,0.0,7,2023,3,0,27,1009.64,7,2023-07,3,2023,2023-07-03,5
2023-11-15,North,Tablet,17,275.89,Store B,Wholesale,Bob,Gift Card,FREESHIP,0,REG101316,Cust 2477,15.43,2023-11-15,2023-11-22,Ryan,7,2,False,4,27.589,11,2023,15,2,46,4221.117,11,2023-11,4,2023,2023-11-15,7
2024-02-10,West,Desk,9,130.57,Store C,Wholesale,Eva,Cash,WINTER15,0,REG101317,Cust 3781,37.14,2024-02-10,2024-02-17,Wendy,7,5,True,1,13.057,2,2024,10,5,6,1057.617,2,2024-02,1,2024,2024-02-10,7
2023-09-09,West,Tablet,18,222.66,Store C,Wholesale,Alice,Gift Card,SAVE10,0,REG101319,Cust 1969,12.91,2023-09-09,2023-09-12,Wendy,3,5,True,3,11.133000000000001,9,2023,9,5,36,3807.486,9,2023-09,3,2023,2023-09-09,3
2023-03-19,East,Phone,13,374.05,Store D,Wholesale,Diana,Debit Card,FREESHIP,0,REG101320,Cust 4494,26.32,2023-03-19,2023-03-26,Eric,7,6,True,1,18.7025,3,2023,19,6,11,4619.5175,3,2023-03,1,2023,2023-03-19,7
2024-12-31,Central,Printer,11,331.29,Store B,Wholesale,Alice,Credit Card,WINTER15,0,REG101321,Cust 8850,6.22,2024-12-31,2025-01-02,Cameron,2,1,False,4,33.129000000000005,12,2024,31,1,1,3279.771,12,2024-12,4,2024,2024-12-31,2
2023-11-24,Central,Phone,5,533.52,Store D,Wholesale,Carlos,Credit Card,FREESHIP,1,REG101322,Cust 3061,9.08,2023-11-24,2023-11-26,Cameron,2,4,False,4,0.0,11,2023,24,4,47,2667.6,11,2023-11,4,2023,2023-11-24,2
2024-02-06,South,Desk,17,141.76,Store D,Wholesale,Bob,Cash,WINTER15,1,REG101325,Cust 2165,9.98,2024-02-06,2024-02-14,Sophie,8,1,False,1,14.176,2,2024,6,1,6,2168.9280000000003,2,2024-02,1,2024,2024-02-06,8
2023-01-13,East,Tablet,10,155.43,Store D,Wholesale,Frank,Gift Card,WINTER15,0,REG101327,Cust 4071,26.49,2023-01-13,2023-01-18,Eric,5,4,False,1,7.7715000000000005,1,2023,13,4,2,1476.585,1,2023-01,1,2023,2023-01-13,5
2024-02-19,North,Tablet,18,203.73,Store B,Wholesale,Carlos,Gift Card,SAVE10,1,REG101328,Cust 5249,24.98,2024-02-19,2024-02-28,Ryan,9,0,False,1,0.0,2,2024,19,0,8,3667.14,2,2024-02,1,2024,2024-02-19,9
2023-10-07,South,Phone,3,464.11,Store B,Wholesale,Alice,Gift Card,NULL,0,REG101329,Cust 4262,27.45,2023-10-07,2023-10-12,Sophie,5,5,True,4,69.6165,10,2023,7,5,40,1183.4805,10,2023-10,4,2023,2023-10-07,5
2024-09-17,Central,Chair,2,442.03,Store B,Retail,Carlos,Debit Card,WINTER15,0,REG101330,Cust 9314,28.71,2024-09-17,2024-09-19,Cameron,2,1,False,3,66.30449999999999,9,2024,17,1,38,751.4509999999999,9,2024-09,3,2024,2024-09-17,2
2023-05-07,North,Phone,7,82.91,Store A,Retail,Eva,Debit Card,WINTER15,1,REG101331,Cust 7703,17.03,2023-05-07,2023-05-17,Ryan,10,6,True,2,4.1455,5,2023,7,6,18,551.3515,5,2023-05,2,2023,2023-05-07,10
2023-12-12,North,Phone,13,468.16,Store B,Retail,Alice,Cash,SAVE10,0,REG101332,Cust 8367,29.11,2023-12-12,2023-12-21,Ryan,9,1,False,4,70.224,12,2023,12,1,50,5173.168,12,2023-12,4,2023,2023-12-12,9
2024-03-29,East,Chair,1,378.36,Store A,Retail,Eva,Cash,NULL,0,REG101334,Cust 4732,7.59,2024-03-29,2024-04-07,Eric,9,4,False,1,18.918000000000003,3,2024,29,4,13,359.442,3,2024-03,1,2024,2024-03-29,9
2024-07-28,West,Tablet,6,61.06,Store D,Wholesale,Bob,Debit Card,SAVE10,1,REG101335,Cust 1007,49.09,2024-07-28,2024-08-05,Wendy,8,6,True,3,0.0,7,2024,28,6,30,366.36,7,2024-07,3,2024,2024-07-28,8
2024-07-11,South,Tablet,14,98.06,Store A,Wholesale,Alice,Debit Card,SAVE10,1,REG101336,Cust 1946,10.34,2024-07-11,2024-07-21,Sophie,10,3,False,3,9.806000000000001,7,2024,11,3,28,1235.5560000000003,7,2024-07,3,2024,2024-07-11,10
2024-07-05,West,Laptop,16,123.86,Store A,Wholesale,Alice,Gift Card,NULL,1,REG101337,Cust 6347,18.02,2024-07-05,2024-07-14,Wendy,9,4,False,3,18.579,7,2024,5,4,27,1684.4959999999999,7,2024-07,3,2024,2024-07-05,9
2024-03-19,East,Laptop,16,90.3,Store C,Wholesale,Diana,Online,WINTER15,0,REG101338,Cust 6499,25.25,2024-03-19,2024-03-24,Eric,5,1,False,1,4.515,3,2024,19,1,12,1372.56,3,2024-03,1,2024,2024-03-19,5
2023-12-25,Central,Tablet,18,470.91,Store C,Wholesale,Eva,Gift Card,FREESHIP,0,REG101339,Cust 1420,14.87,2023-12-25,2023-12-29,Cameron,4,0,False,4,47.09100000000001,12,2023,25,0,52,7628.742000000001,12,2023-12,4,2023,2023-12-25,4
2024-12-03,South,Monitor,12,383.45,Store C,Retail,Bob,Debit Card,FREESHIP,0,REG101340,Cust 6744,11.62,2024-12-03,2024-12-05,Sophie,2,1,False,4,0.0,12,2024,3,1,49,4601.4,12,2024-12,4,2024,2024-12-03,2
2023-09-08,East,Tablet,20,293.94,Store B,Retail,Alice,Credit Card,SAVE10,0,REG101341,Cust 5690,9.29,2023-09-08,2023-09-15,Eric,7,4,False,3,44.091,9,2023,8,4,36,4996.9800000000005,9,2023-09,3,2023,2023-09-08,7
2024-01-05,East,Desk,2,454.01,Store B,Wholesale,Diana,Online,WINTER15,0,REG101342,Cust 1265,9.78,2024-01-05,2024-01-07,Eric,2,4,False,1,0.0,1,2024,5,4,1,908.02,1,2024-01,1,2024,2024-01-05,2
2023-08-03,South,Chair,5,163.55,Store D,Retail,Frank,Cash,NULL,0,REG101343,Cust 7676,28.9,2023-08-03,2023-08-10,Sophie,7,3,False,3,8.1775,8,2023,3,3,31,776.8625,8,2023-08,3,2023,2023-08-03,7
2023-06-17,South,Chair,6,332.18,Store B,Wholesale,Bob,Online,WINTER15,0,REG101345,Cust 2975,21.95,2023-06-17,2023-06-21,Sophie,4,5,True,2,33.218,6,2023,17,5,24,1793.772,6,2023-06,2,2023,2023-06-17,4
2024-02-05,Central,Monitor,14,463.96,Store D,Retail,Diana,Gift Card,NULL,0,REG101346,Cust 7832,29.19,2024-02-05,2024-02-14,Cameron,9,0,False,1,69.594,2,2024,5,0,6,5521.124,2,2024-02,1,2024,2024-02-05,9
2024-03-17,South,Desk,10,68.27,Store A,Wholesale,Diana,Credit Card,NULL,0,REG101347,Cust 7753,24.33,2024-03-17,2024-03-27,Sophie,10,6,True,1,10.240499999999999,3,2024,17,6,11,580.295,3,2024-03,1,2024,2024-03-17,10
2024-02-03,Central,Laptop,8,27.01,Store C,Wholesale,Eva,Online,FREESHIP,1,REG101348,Cust 8639,42.65,2024-02-03,2024-02-09,Cameron,6,5,True,1,1.3505000000000003,2,2024,3,5,5,205.276,2,2024-02,1,2024,2024-02-03,6
2023-03-31,North,Tablet,9,78.8,Store D,Retail,Alice,Online,FREESHIP,0,REG101349,Cust 9878,9.29,2023-03-31,2023-04-10,Ryan,10,4,False,1,7.88,3,2023,31,4,13,638.28,3,2023-03,1,2023,2023-03-31,10
2023-08-18,West,Tablet,16,174.68,Store B,Wholesale,Frank,Credit Card,NULL,0,REG101350,Cust 4205,45.99,2023-08-18,2023-08-22,Wendy,4,4,False,3,26.202,8,2023,18,4,33,2375.648,8,2023-08,3,2023,2023-08-18,4
2023-09-10,Central,Printer,4,306.06,Store C,Wholesale,Carlos,Gift Card,SAVE10,1,REG101351,Cust 4009,32.75,2023-09-10,2023-09-13,Cameron,3,6,True,3,15.303,9,2023,10,6,36,1163.028,9,2023-09,3,2023,2023-09-10,3
2024-01-29,South,Tablet,12,164.22,Store C,Retail,Bob,Credit Card,FREESHIP,0,REG101352,Cust 6499,21.46,2024-01-29,2024-02-03,Sophie,5,0,False,1,0.0,1,2024,29,0,5,1970.6399999999999,1,2024-01,1,2024,2024-01-29,5
2024-03-21,North,Tablet,20,336.29,Store C,Retail,Eva,Gift Card,FREESHIP,0,REG101353,Cust 4389,25.02,2024-03-21,2024-03-30,Ryan,9,3,False,1,0.0,3,2024,21,3,12,6725.8,3,2024-03,1,2024,2024-03-21,9
2024-08-03,West,Tablet,7,180.25,Store D,Retail,Diana,Gift Card,WINTER15,0,REG101354,Cust 2008,36.79,2024-08-03,2024-08-05,Wendy,2,5,True,3,18.025000000000002,8,2024,3,5,31,1135.575,8,2024-08,3,2024,2024-08-03,2
2023-02-08,West,Tablet,13,149.16,Store C,Retail,Eva,Cash,NULL,1,REG101356,Cust 4270,20.9,2023-02-08,2023-02-16,Wendy,8,2,False,1,14.916,2,2023,8,2,6,1745.172,2,2023-02,1,2023,2023-02-08,8
2023-05-26,Central,Chair,7,220.9,Store A,Wholesale,Bob,Gift Card,FREESHIP,0,REG101357,Cust 4414,15.25,2023-05-26,2023-06-05,Cameron,10,4,False,2,33.135,5,2023,26,4,21,1314.355,5,2023-05,2,2023,2023-05-26,10
2024-07-15,East,Chair,1,364.27,Store A,Retail,Alice,Debit Card,WINTER15,0,REG101358,Cust 6409,8.91,2024-07-15,2024-07-22,Eric,7,0,False,3,36.427,7,2024,15,0,29,327.843,7,2024-07,3,2024,2024-07-15,7
2024-12-18,North,Monitor,9,306.42,Store C,Wholesale,Bob,Online,NULL,0,REG101359,Cust 1621,15.81,2024-12-18,2024-12-27,Ryan,9,2,False,4,0.0,12,2024,18,2,51,2757.78,12,2024-12,4,2024,2024-12-18,9
2024-09-29,North,Tablet,18,589.0,Store B,Wholesale,Diana,Cash,WINTER15,0,REG101360,Cust 6790,37.78,2024-09-29,2024-10-08,Ryan,9,6,True,3,58.900000000000006,9,2024,29,6,39,9541.800000000001,9,2024-09,3,2024,2024-09-29,9
2024-10-25,South,Desk,16,249.45,Store C,Wholesale,Alice,Cash,FREESHIP,0,REG101361,Cust 4045,20.92,2024-10-25,2024-11-01,Sophie,7,4,False,4,24.945,10,2024,25,4,43,3592.08,10,2024-10,4,2024,2024-10-25,7
2023-11-19,Central,Tablet,3,101.34,Store A,Wholesale,Carlos,Debit Card,NULL,0,REG101363,Cust 8051,23.15,2023-11-19,2023-11-21,Cameron,2,6,True,4,0.0,11,2023,19,6,46,304.02,11,2023-11,4,2023,2023-11-19,2
2024-04-11,South,Phone,17,311.61,Store A,Retail,Eva,Online,NULL,1,REG101364,Cust 9371,29.9,2024-04-11,2024-04-17,Sophie,6,3,False,2,15.5805,4,2024,11,3,15,5032.501499999999,4,2024-04,2,2024,2024-04-11,6
2024-03-30,South,Monitor,2,441.18,Store B,Retail,Bob,Cash,NULL,1,REG101365,Cust 9881,23.07,2024-03-30,2024-04-06,Sophie,7,5,True,1,66.17699999999999,3,2024,30,5,13,750.006,3,2024-03,1,2024,2024-03-30,7
2024-11-25,North,Chair,20,286.66,Store D,Retail,Carlos,Debit Card,WINTER15,0,REG101366,Cust 2153,15.54,2024-11-25,2024-11-29,Ryan,4,0,False,4,28.666000000000004,11,2024,25,0,48,5159.880000000001,11,2024-11,4,2024,2024-11-25,4
2023-04-15,West,Tablet,8,304.15,Store B,Wholesale,Carlos,Debit Card,NULL,0,REG101368,Cust 8802,41.73,2023-04-15,2023-04-18,Wendy,3,5,True,2,15.2075,4,2023,15,5,15,2311.5399999999995,4,2023-04,2,2023,2023-04-15,3
2024-02-07,East,Printer,10,452.21,Store A,Retail,Eva,Cash,WINTER15,0,REG101369,Cust 8707,15.87,2024-02-07,2024-02-17,Eric,10,2,False,1,45.221000000000004,2,2024,7,2,6,4069.8899999999994,2,2024-02,1,2024,2024-02-07,10
2023-06-02,East,Printer,4,248.16,Store B,Retail,Diana,Credit Card,NULL,1,REG101370,Cust 5638,45.11,2023-06-02,2023-06-05,Eric,3,4,False,2,24.816000000000003,6,2023,2,4,22,893.376,6,2023-06,2,2023,2023-06-02,3
2023-08-24,East,Laptop,4,520.0,Store A,Retail,Eva,Credit Card,WINTER15,0,REG101371,Cust 6036,18.25,2023-08-24,2023-09-02,Eric,9,3,False,3,0.0,8,2023,24,3,34,2080.0,8,2023-08,3,2023,2023-08-24,9
2024-12-06,South,Chair,11,571.07,Store A,Retail,Frank,Gift Card,SAVE10,0,REG101372,Cust 5504,12.6,2024-12-06,2024-12-11,Sophie,5,4,False,4,0.0,12,2024,6,4,49,6281.77,12,2024-12,4,2024,2024-12-06,5
2023-12-08,East,Tablet,11,65.57,Store D,Retail,Diana,Debit Card,SAVE10,1,REG101373,Cust 1161,30.43,2023-12-08,2023-12-14,Eric,6,4,False,4,6.5569999999999995,12,2023,8,4,49,649.143,12,2023-12,4,2023,2023-12-08,6
2023-05-12,South,Tablet,4,397.02,Store A,Wholesale,Frank,Cash,FREESHIP,0,REG101374,Cust 5420,23.25,2023-05-12,2023-05-20,Sophie,8,4,False,2,0.0,5,2023,12,4,19,1588.08,5,2023-05,2,2023,2023-05-12,8
2023-04-23,Central,Tablet,9,340.44,Store D,Retail,Carlos,Debit Card,FREESHIP,1,REG101376,Cust 4365,36.68,2023-04-23,2023-05-03,Cameron,10,6,True,2,17.022000000000002,4,2023,23,6,16,2910.7619999999997,4,2023-04,2,2023,2023-04-23,10
2023-01-18,North,Monitor,1,120.2,Store D,Retail,Carlos,Online,WINTER15,0,REG101377,Cust 3291,44.99,2023-01-18,2023-01-21,Ryan,3,2,False,1,6.010000000000001,1,2023,18,2,3,114.19,1,2023-01,1,2023,2023-01-18,3
2024-12-23,West,Tablet,10,170.72,Store A,Wholesale,Frank,Online,FREESHIP,0,REG101379,Cust 2667,29.18,2024-12-23,2025-01-02,Wendy,10,0,False,4,8.536,12,2024,23,0,52,1621.84,12,2024-12,4,2024,2024-12-23,10
2023-08-20,West,Desk,9,323.77,Store A,Wholesale,Carlos,Debit Card,NULL,0,REG101380,Cust 6158,6.36,2023-08-20,2023-08-28,Wendy,8,6,True,3,48.56549999999999,8,2023,20,6,33,2476.8405,8,2023-08,3,2023,2023-08-20,8
2024-01-16,Central,Phone,4,78.05,Store A,Retail,Carlos,Credit Card,NULL,0,REG101382,Cust 8572,14.03,2024-01-16,2024-01-24,Cameron,8,1,False,1,0.0,1,2024,16,1,3,312.2,1,2024-01,1,2024,2024-01-16,8
2024-05-29,East,Tablet,6,57.4,Store C,Wholesale,Eva,Debit Card,FREESHIP,0,REG101383,Cust 1043,26.42,2024-05-29,2024-06-08,Eric,10,2,False,2,5.74,5,2024,29,2,22,309.96,5,2024-05,2,2024,2024-05-29,10
2024-08-17,East,Phone,7,106.88,Store C,Retail,Diana,Cash,WINTER15,1,REG101386,Cust 4390,26.12,2024-08-17,2024-08-24,Eric,7,5,True,3,5.344,8,2024,17,5,33,710.752,8,2024-08,3,2024,2024-08-17,7
2024-06-02,South,Printer,2,250.98,Store B,Wholesale,Eva,Online,WINTER15,0,REG101387,Cust 9451,18.8,2024-06-02,2024-06-12,Sophie,10,6,True,2,25.098,6,2024,2,6,22,451.764,6,2024-06,2,2024,2024-06-02,10
2023-03-31,South,Monitor,8,591.29,Store C,Retail,Diana,Credit Card,NULL,1,REG101388,Cust 5335,45.14,2023-03-31,2023-04-10,Sophie,10,4,False,1,59.129,3,2023,31,4,13,4257.288,3,2023-03,1,2023,2023-03-31,10
2024-05-19,West,Monitor,18,369.79,Store A,Wholesale,Eva,Cash,FREESHIP,1,REG101389,Cust 3487,16.4,2024-05-19,2024-05-23,Wendy,4,6,True,2,18.489500000000003,5,2024,19,6,20,6323.409,5,2024-05,2,2024,2024-05-19,4
2023-03-02,West,Desk,15,166.24,Store D,Wholesale,Diana,Debit Card,SAVE10,0,REG101390,Cust 7613,9.86,2023-03-02,2023-03-05,Wendy,3,3,False,1,16.624000000000002,3,2023,2,3,9,2244.2400000000002,3,2023-03,1,2023,2023-03-02,3
2023-03-13,North,Printer,12,260.76,Store C,Wholesale,Carlos,Online,NULL,0,REG101391,Cust 9436,20.92,2023-03-13,2023-03-22,Ryan,9,0,False,1,39.114,3,2023,13,0,11,2659.752,3,2023-03,1,2023,2023-03-13,9
2024-06-05,North,Chair,5,473.28,Store A,Retail,Diana,Credit Card,SAVE10,1,REG101393,Cust 5620,30.69,2024-06-05,2024-06-15,Ryan,10,2,False,2,0.0,6,2024,5,2,23,2366.3999999999996,6,2024-06,2,2024,2024-06-05,10
2024-09-01,North,Chair,16,401.83,Store B,Retail,Eva,Cash,FREESHIP,0,REG101394,Cust 4101,21.54,2024-09-01,2024-09-05,Ryan,4,6,True,3,0.0,9,2024,1,6,35,6429.28,9,2024-09,3,2024,2024-09-01,4
2024-09-21,North,Phone,10,269.29,Store C,Retail,Eva,Debit Card,SAVE10,0,REG101395,Cust 8828,14.09,2024-09-21,2024-09-30,Ryan,9,5,True,3,0.0,9,2024,21,5,38,2692.9,9,2024-09,3,2024,2024-09-21,9
2023-01-04,West,Monitor,15,439.89,Store D,Retail,Diana,Online,FREESHIP,0,REG101397,Cust 1081,49.71,2023-01-04,2023-01-08,Wendy,4,2,False,1,65.98349999999999,1,2023,4,2,1,5608.597499999999,1,2023-01,1,2023,2023-01-04,4
2023-05-02,West,Monitor,16,483.09,Store C,Wholesale,Alice,Debit Card,NULL,1,REG101398,Cust 5049,37.66,2023-05-02,2023-05-05,Wendy,3,1,False,2,24.1545,5,2023,2,1,18,7342.967999999999,5,2023-05,2,2023,2023-05-02,3
2023-07-09,East,Phone,13,27.39,Store B,Retail,Frank,Cash,NULL,0,REG101399,Cust 5409,22.95,2023-07-09,2023-07-14,Eric,5,6,True,3,4.1085,7,2023,9,6,27,302.6595,7,2023-07,3,2023,2023-07-09,5
2024-09-23,West,Printer,3,360.93,Store B,Wholesale,Diana,Debit Card,WINTER15,0,REG101401,Cust 2741,35.61,2024-09-23,2024-09-29,Wendy,6,0,False,3,54.1395,9,2024,23,0,39,920.3715,9,2024-09,3,2024,2024-09-23,6
2023-11-11,East,Tablet,15,274.77,Store D,Retail,Eva,Cash,NULL,1,REG101405,Cust 3456,19.37,2023-11-11,2023-11-17,Eric,6,5,True,4,0.0,11,2023,11,5,45,4121.549999999999,11,2023-11,4,2023,2023-11-11,6
2024-05-08,East,Desk,15,31.81,Store C,Wholesale,Eva,Cash,SAVE10,0,REG101406,Cust 8272,23.61,2024-05-08,2024-05-10,Eric,2,2,False,2,4.7715,5,2024,8,2,19,405.5775,5,2024-05,2,2024,2024-05-08,2
2023-09-18,South,Printer,14,268.32,Store D,Retail,Frank,Online,WINTER15,0,REG101407,Cust 7302,43.14,2023-09-18,2023-09-27,Sophie,9,0,False,3,0.0,9,2023,18,0,38,3756.48,9,2023-09,3,2023,2023-09-18,9
2023-09-13,Central,Desk,9,329.15,Store A,Retail,Diana,Gift Card,FREESHIP,0,REG101409,Cust 5484,29.41,2023-09-13,2023-09-15,Cameron,2,2,False,3,16.4575,9,2023,13,2,37,2814.2324999999996,9,2023-09,3,2023,2023-09-13,2
2024-06-28,East,Monitor,1,577.07,Store C,Wholesale,Frank,Online,WINTER15,0,REG101410,Cust 4652,22.97,2024-06-28,2024-07-06,Eric,8,4,False,2,28.853500000000004,6,2024,28,4,26,548.2165,6,2024-06,2,2024,2024-06-28,8
2023-04-06,Central,Chair,6,544.33,Store B,Wholesale,Carlos,Cash,NULL,0,REG101411,Cust 1222,11.52,2023-04-06,2023-04-08,Cameron,2,3,False,2,54.43300000000001,4,2023,6,3,14,2939.3820000000005,4,2023-04,2,2023,2023-04-06,2
2023-05-13,South,Laptop,18,331.45,Store D,Retail,Alice,Cash,WINTER15,1,REG101412,Cust 3559,32.92,2023-05-13,2023-05-18,Sophie,5,5,True,2,49.717499999999994,5,2023,13,5,19,5071.1849999999995,5,2023-05,2,2023,2023-05-13,5
2024-06-24,South,Laptop,19,254.03,Store C,Wholesale,Frank,Online,SAVE10,1,REG101415,Cust 4018,11.21,2024-06-24,2024-07-02,Sophie,8,0,False,2,0.0,6,2024,24,0,26,4826.57,6,2024-06,2,2024,2024-06-24,8
2024-04-01,West,Desk,7,241.35,Store B,Wholesale,Diana,Credit Card,SAVE10,0,REG101417,Cust 6620,42.43,2024-04-01,2024-04-10,Wendy,9,0,False,2,24.135,4,2024,1,0,14,1520.505,4,2024-04,2,2024,2024-04-01,9
2024-06-04,North,Tablet,11,160.37,Store B,Wholesale,Carlos,Cash,NULL,0,REG101418,Cust 4092,36.05,2024-06-04,2024-06-14,Ryan,10,1,False,2,8.018500000000001,6,2024,4,1,23,1675.8665,6,2024-06,2,2024,2024-06-04,10
2023-03-30,East,Tablet,1,419.1,Store B,Wholesale,Carlos,Gift Card,SAVE10,1,REG101419,Cust 4812,38.81,2023-03-30,2023-04-06,Eric,7,3,False,1,41.910000000000004,3,2023,30,3,13,377.19000000000005,3,2023-03,1,2023,2023-03-30,7
2023-08-22,West,Monitor,8,461.04,Store B,Retail,Alice,Online,FREESHIP,0,REG101421,Cust 4529,13.62,2023-08-22,2023-08-24,Wendy,2,1,False,3,0.0,8,2023,22,1,34,3688.32,8,2023-08,3,2023,2023-08-22,2
2024-04-16,South,Phone,6,524.19,Store D,Retail,Frank,Cash,WINTER15,0,REG101422,Cust 2365,31.04,2024-04-16,2024-04-20,Sophie,4,1,False,2,78.6285,4,2024,16,1,16,2673.369,4,2024-04,2,2024,2024-04-16,4
2023-12-11,North,Printer,16,438.71,Store C,Retail,Alice,Online,NULL,0,REG101424,Cust 4228,6.53,2023-12-11,2023-12-21,Ryan,10,0,False,4,0.0,12,2023,11,0,50,7019.36,12,2023-12,4,2023,2023-12-11,10
2023-01-16,North,Printer,10,193.96,Store D,Wholesale,Alice,Gift Card,NULL,0,REG101425,Cust 3940,41.3,2023-01-16,2023-01-21,Ryan,5,0,False,1,19.396,1,2023,16,0,3,1745.64,1,2023-01,1,2023,2023-01-16,5
2023-05-10,East,Phone,18,580.42,Store A,Wholesale,Bob,Online,SAVE10,0,REG101426,Cust 4392,37.81,2023-05-10,2023-05-17,Eric,7,2,False,2,29.021,5,2023,10,2,19,9925.181999999999,5,2023-05,2,2023,2023-05-10,7
2024-06-22,Central,Monitor,18,91.55,Store C,Retail,Alice,Debit Card,FREESHIP,0,REG101427,Cust 4404,32.54,2024-06-22,2024-06-29,Cameron,7,5,True,2,9.155,6,2024,22,5,25,1483.11,6,2024-06,2,2024,2024-06-22,7
2023-04-18,North,Tablet,16,477.91,Store A,Wholesale,Carlos,Credit Card,WINTER15,0,REG101429,Cust 3571,21.89,2023-04-18,2023-04-23,Ryan,5,1,False,2,0.0,4,2023,18,1,16,7646.56,4,2023-04,2,2023,2023-04-18,5
2023-02-07,Central,Laptop,14,306.39,Store A,Retail,Eva,Cash,WINTER15,0,REG101430,Cust 2592,38.73,2023-02-07,2023-02-09,Cameron,2,1,False,1,30.639,2,2023,7,1,6,3860.514,2,2023-02,1,2023,2023-02-07,2
2023-07-04,East,Phone,6,346.86,Store C,Retail,Eva,Gift Card,FREESHIP,0,REG101432,Cust 6600,29.18,2023-07-04,2023-07-12,Eric,8,1,False,3,17.343,7,2023,4,1,27,1977.1019999999999,7,2023-07,3,2023,2023-07-04,8
2023-07-31,Central,Desk,14,223.26,Store B,Wholesale,Alice,Credit Card,WINTER15,0,REG101433,Cust 6899,12.88,2023-07-31,2023-08-03,Cameron,3,0,False,3,22.326,7,2023,31,0,31,2813.076,7,2023-07,3,2023,2023-07-31,3
2023-04-20,North,Desk,6,529.1,Store D,Wholesale,Eva,Debit Card,WINTER15,0,REG101434,Cust 1563,5.13,2023-04-20,2023-04-27,Ryan,7,3,False,2,0.0,4,2023,20,3,16,3174.6000000000004,4,2023-04,2,2023,2023-04-20,7
2024-10-08,Central,Tablet,11,97.34,Store D,Wholesale,Carlos,Debit Card,SAVE10,0,REG101435,Cust 6733,10.61,2024-10-08,2024-10-11,Cameron,3,1,False,4,9.734000000000002,10,2024,8,1,41,963.666,10,2024-10,4,2024,2024-10-08,3
2024-01-25,East,Chair,11,422.89,Store B,Retail,Frank,Credit Card,SAVE10,0,REG101436,Cust 7635,45.89,2024-01-25,2024-01-27,Eric,2,3,False,1,42.289,1,2024,25,3,4,4186.611,1,2024-01,1,2024,2024-01-25,2
2024-12-16,South,Monitor,4,557.17,Store C,Wholesale,Frank,Credit Card,NULL,0,REG101437,Cust 4354,32.16,2024-12-16,2024-12-25,Sophie,9,0,False,4,27.8585,12,2024,16,0,51,2117.2459999999996,12,2024-12,4,2024,2024-12-16,9
2024-10-24,Central,Printer,9,459.65,Store B,Retail,Bob,Gift Card,WINTER15,1,REG101438,Cust 1462,22.24,2024-10-24,2024-11-01,Cameron,8,3,False,4,45.965,10,2024,24,3,43,3723.1649999999995,10,2024-10,4,2024,2024-10-24,8
2023-11-16,West,Monitor,8,493.35,Store A,Retail,Alice,Cash,FREESHIP,1,REG101439,Cust 1376,12.86,2023-11-16,2023-11-20,Wendy,4,3,False,4,49.33500000000001,11,2023,16,3,46,3552.1200000000003,11,2023-11,4,2023,2023-11-16,4
2024-03-31,South,Laptop,13,428.59,Store D,Retail,Bob,Cash,FREESHIP,0,REG101440,Cust 6542,23.89,2024-03-31,2024-04-08,Sophie,8,6,True,1,0.0,3,2024,31,6,13,5571.67,3,2024-03,1,2024,2024-03-31,8
2023-02-13,East,Laptop,7,242.11,Store C,Wholesale,Eva,Debit Card,WINTER15,0,REG101441,Cust 1186,47.19,2023-02-13,2023-02-18,Eric,5,0,False,1,12.105500000000001,2,2023,13,0,7,1610.0314999999998,2,2023-02,1,2023,2023-02-13,5
2023-09-20,South,Tablet,17,477.38,Store C,Retail,Alice,Gift Card,FREESHIP,0,REG101442,Cust 4386,35.28,2023-09-20,2023-09-27,Sophie,7,2,False,3,23.869,9,2023,20,2,38,7709.687,9,2023-09,3,2023,2023-09-20,7
2023-06-27,South,Chair,3,261.6,Store D,Retail,Diana,Cash,WINTER15,0,REG101443,Cust 6708,42.11,2023-06-27,2023-07-07,Sophie,10,1,False,2,13.080000000000002,6,2023,27,1,26,745.5600000000001,6,2023-06,2,2023,2023-06-27,10
2024-07-09,Central,Laptop,16,55.56,Store D,Wholesale,Frank,Cash,NULL,1,REG101446,Cust 6646,17.81,2024-07-09,2024-07-17,Cameron,8,1,False,3,8.334,7,2024,9,1,28,755.616,7,2024-07,3,2024,2024-07-09,8
2024-06-09,East,Tablet,11,185.59,Store B,Retail,Carlos,Gift Card,NULL,0,REG101448,Cust 5351,45.19,2024-06-09,2024-06-18,Eric,9,6,True,2,18.559,6,2024,9,6,23,1837.3410000000001,6,2024-06,2,2024,2024-06-09,9
2023-12-01,Central,Desk,11,347.38,Store C,Wholesale,Eva,Credit Card,FREESHIP,0,REG101449,Cust 6284,24.8,2023-12-01,2023-12-03,Cameron,2,4,False,4,17.369,12,2023,1,4,48,3630.1209999999996,12,2023-12,4,2023,2023-12-01,2
2024-07-24,West,Tablet,15,318.03,Store D,Retail,Diana,Gift Card,WINTER15,1,REG101450,Cust 9099,24.38,2024-07-24,2024-07-30,Wendy,6,2,False,3,15.901499999999999,7,2024,24,2,30,4531.9275,7,2024-07,3,2024,2024-07-24,6
2023-04-12,West,Chair,15,242.35,Store D,Wholesale,Diana,Cash,WINTER15,1,REG101451,Cust 3944,14.92,2023-04-12,2023-04-19,Wendy,7,2,False,2,36.3525,4,2023,12,2,15,3089.9625,4,2023-04,2,2023,2023-04-12,7
2024-12-17,North,Desk,3,82.09,Store B,Retail,Eva,Gift Card,WINTER15,1,REG101452,Cust 6124,12.63,2024-12-17,2024-12-26,Ryan,9,1,False,4,12.3135,12,2024,17,1,51,209.3295,12,2024-12,4,2024,2024-12-17,9
2024-08-08,South,Monitor,10,285.73,Store D,Wholesale,Eva,Cash,WINTER15,1,REG101453,Cust 8533,26.68,2024-08-08,2024-08-14,Sophie,6,3,False,3,42.859500000000004,8,2024,8,3,32,2428.705,8,2024-08,3,2024,2024-08-08,6
2024-09-15,East,Laptop,17,341.52,Store C,Wholesale,Eva,Credit Card,FREESHIP,0,REG101454,Cust 1135,16.67,2024-09-15,2024-09-22,Eric,7,6,True,3,34.152,9,2024,15,6,37,5225.256,9,2024-09,3,2024,2024-09-15,7
2023-10-08,South,Tablet,14,216.4,Store D,Wholesale,Diana,Debit Card,WINTER15,0,REG101455,Cust 5638,40.74,2023-10-08,2023-10-10,Sophie,2,6,True,4,21.64,10,2023,8,6,40,2726.64,10,2023-10,4,2023,2023-10-08,2
2023-01-02,South,Laptop,7,61.47,Store C,Retail,Eva,Online,FREESHIP,0,REG101457,Cust 2394,14.44,2023-01-02,2023-01-12,Sophie,10,0,False,1,9.2205,1,2023,2,0,1,365.74649999999997,1,2023-01,1,2023,2023-01-02,10
2023-10-19,North,Desk,15,434.44,Store B,Wholesale,Bob,Debit Card,NULL,1,REG101458,Cust 8495,33.86,2023-10-19,2023-10-28,Ryan,9,3,False,4,0.0,10,2023,19,3,42,6516.6,10,2023-10,4,2023,2023-10-19,9
2024-03-31,Central,Desk,2,55.08,Store C,Wholesale,Frank,Credit Card,FREESHIP,0,REG101460,Cust 4664,9.85,2024-03-31,2024-04-04,Cameron,4,6,True,1,0.0,3,2024,31,6,13,110.16,3,2024-03,1,2024,2024-03-31,4
2024-05-16,North,Chair,19,368.85,Store C,Retail,Bob,Gift Card,FREESHIP,0,REG101464,Cust 2496,35.37,2024-05-16,2024-05-21,Ryan,5,3,False,2,36.885000000000005,5,2024,16,3,20,6307.335000000001,5,2024-05,2,2024,2024-05-16,5
2023-09-04,Central,Chair,14,115.98,Store A,Wholesale,Bob,Debit Card,NULL,0,REG101465,Cust 5465,31.85,2023-09-04,2023-09-06,Cameron,2,0,False,3,0.0,9,2023,4,0,36,1623.72,9,2023-09,3,2023,2023-09-04,2
2023-12-17,South,Monitor,9,55.04,Store B,Retail,Alice,Online,NULL,0,REG101466,Cust 2311,31.09,2023-12-17,2023-12-23,Sophie,6,6,True,4,8.256,12,2023,17,6,50,421.056,12,2023-12,4,2023,2023-12-17,6
2024-01-15,Central,Monitor,4,159.54,Store A,Wholesale,Alice,Credit Card,FREESHIP,0,REG101467,Cust 4575,32.36,2024-01-15,2024-01-21,Cameron,6,0,False,1,7.977,1,2024,15,0,3,606.252,1,2024-01,1,2024,2024-01-15,6
2024-12-19,Central,Laptop,15,150.15,Store C,Retail,Frank,Online,WINTER15,0,REG101468,Cust 8054,35.94,2024-12-19,2024-12-29,Cameron,10,3,False,4,0.0,12,2024,19,3,51,2252.25,12,2024-12,4,2024,2024-12-19,10
2023-12-16,North,Chair,9,57.93,Store C,Wholesale,Bob,Gift Card,FREESHIP,1,REG101469,Cust 2553,28.73,2023-12-16,2023-12-18,Ryan,2,5,True,4,0.0,12,2023,16,5,50,521.37,12,2023-12,4,2023,2023-12-16,2
2023-06-30,South,Monitor,6,536.24,Store D,Retail,Diana,Cash,WINTER15,0,REG101471,Cust 8150,35.32,2023-06-30,2023-07-02,Sophie,2,4,False,2,0.0,6,2023,30,4,26,3217.44,6,2023-06,2,2023,2023-06-30,2
2023-04-18,South,Phone,9,509.44,Store B,Retail,Eva,Credit Card,SAVE10,0,REG101474,Cust 1624,13.0,2023-04-18,2023-04-27,Sophie,9,1,False,2,76.416,4,2023,18,1,16,3897.216,4,2023-04,2,2023,2023-04-18,9
2024-09-11,West,Monitor,8,236.17,Store C,Wholesale,Frank,Cash,WINTER15,0,REG101475,Cust 6593,22.88,2024-09-11,2024-09-19,Wendy,8,2,False,3,35.4255,9,2024,11,2,37,1605.956,9,2024-09,3,2024,2024-09-11,8
2023-11-21,Central,Printer,1,147.4,Store D,Retail,Carlos,Cash,SAVE10,1,REG101476,Cust 9072,40.47,2023-11-21,2023-11-28,Cameron,7,1,False,4,0.0,11,2023,21,1,47,147.4,11,2023-11,4,2023,2023-11-21,7
2024-02-29,West,Tablet,8,279.74,Store B,Retail,Alice,Gift Card,FREESHIP,0,REG101477,Cust 1116,33.1,2024-02-29,2024-03-07,Wendy,7,3,False,1,13.987000000000002,2,2024,29,3,9,2126.024,2,2024-02,1,2024,2024-02-29,7
2023-05-11,West,Laptop,3,304.61,Store B,Wholesale,Bob,Cash,SAVE10,0,REG101478,Cust 8458,47.14,2023-05-11,2023-05-15,Wendy,4,3,False,2,15.230500000000001,5,2023,11,3,19,868.1385,5,2023-05,2,2023,2023-05-11,4
2024-09-11,South,Tablet,9,238.32,Store C,Retail,Diana,Cash,WINTER15,1,REG101479,Cust 5409,8.5,2024-09-11,2024-09-20,Sophie,9,2,False,3,0.0,9,2024,11,2,37,2144.88,9,2024-09,3,2024,2024-09-11,9
2024-08-16,West,Printer,16,483.37,Store B,Retail,Alice,Debit Card,NULL,0,REG101480,Cust 8847,42.52,2024-08-16,2024-08-22,Wendy,6,4,False,3,48.337,8,2024,16,4,33,6960.528,8,2024-08,3,2024,2024-08-16,6
2023-08-22,East,Desk,19,280.6,Store A,Wholesale,Frank,Gift Card,FREESHIP,0,REG101482,Cust 7810,35.94,2023-08-22,2023-08-28,Eric,6,1,False,3,28.060000000000002,8,2023,22,1,34,4798.26,8,2023-08,3,2023,2023-08-22,6
2024-01-23,East,Tablet,2,389.98,Store D,Wholesale,Carlos,Debit Card,SAVE10,1,REG101483,Cust 5665,24.55,2024-01-23,2024-01-25,Eric,2,1,False,1,19.499000000000002,1,2024,23,1,4,740.962,1,2024-01,1,2024,2024-01-23,2
2023-03-16,North,Monitor,17,485.3,Store D,Retail,Diana,Cash,WINTER15,0,REG101484,Cust 8015,37.94,2023-03-16,2023-03-23,Ryan,7,3,False,1,72.795,3,2023,16,3,11,7012.585,3,2023-03,1,2023,2023-03-16,7
2023-05-23,East,Monitor,8,143.53,Store D,Wholesale,Alice,Cash,WINTER15,0,REG101486,Cust 8705,9.1,2023-05-23,2023-05-29,Eric,6,1,False,2,0.0,5,2023,23,1,21,1148.24,5,2023-05,2,2023,2023-05-23,6
2024-06-16,North,Chair,5,159.92,Store B,Wholesale,Carlos,Cash,SAVE10,0,REG101487,Cust 2905,10.86,2024-06-16,2024-06-23,Ryan,7,6,True,2,0.0,6,2024,16,6,24,799.5999999999999,6,2024-06,2,2024,2024-06-16,7
2024-11-27,South,Phone,13,196.8,Store B,Retail,Diana,Cash,NULL,0,REG101489,Cust 6695,10.12,2024-11-27,2024-12-07,Sophie,10,2,False,4,19.680000000000003,11,2024,27,2,48,2302.56,11,2024-11,4,2024,2024-11-27,10
2023-10-09,Central,Chair,3,485.81,Store A,Wholesale,Eva,Debit Card,SAVE10,0,REG101490,Cust 1977,19.46,2023-10-09,2023-10-11,Cameron,2,0,False,4,48.581,10,2023,9,0,41,1311.6870000000001,10,2023-10,4,2023,2023-10-09,2
2024-07-21,West,Phone,16,183.62,Store A,Wholesale,Bob,Gift Card,WINTER15,0,REG101491,Cust 7979,6.56,2024-07-21,2024-07-31,Wendy,10,6,True,3,9.181000000000001,7,2024,21,6,29,2791.024,7,2024-07,3,2024,2024-07-21,10
2024-07-03,East,Monitor,2,373.07,Store A,Retail,Diana,Credit Card,FREESHIP,0,REG101492,Cust 2437,26.9,2024-07-03,2024-07-07,Eric,4,2,False,3,18.6535,7,2024,3,2,27,708.833,7,2024-07,3,2024,2024-07-03,4
2024-09-24,West,Monitor,17,527.68,Store B,Wholesale,Diana,Gift Card,FREESHIP,0,REG101493,Cust 2516,29.19,2024-09-24,2024-10-02,Wendy,8,1,False,3,0.0,9,2024,24,1,39,8970.56,9,2024-09,3,2024,2024-09-24,8
2024-01-11,South,Chair,18,209.75,Store C,Wholesale,Frank,Debit Card,FREESHIP,0,REG101496,Cust 5559,45.93,2024-01-11,2024-01-17,Sophie,6,3,False,1,31.4625,1,2024,11,3,2,3209.1749999999997,1,2024-01,1,2024,2024-01-11,6
2024-07-27,East,Desk,1,272.5,Store A,Wholesale,Eva,Gift Card,WINTER15,0,REG101497,Cust 8981,35.56,2024-07-27,2024-08-03,Eric,7,5,True,3,0.0,7,2024,27,5,30,272.5,7,2024-07,3,2024,2024-07-27,7
2024-12-03,Central,Monitor,14,262.67,Store A,Retail,Carlos,Gift Card,SAVE10,0,REG101498,Cust 1824,24.53,2024-12-03,2024-12-10,Cameron,7,1,False,4,13.133500000000002,12,2024,3,1,49,3493.511,12,2024-12,4,2024,2024-12-03,7
