ds,trend,yhat_lower,yhat_upper,trend_lower,trend_upper,additive_terms,additive_terms_lower,additive_terms_upper,weekly,weekly_lower,weekly_upper,multiplicative_terms,multiplicative_terms_lower,multiplicative_terms_upper,yhat
2023-01-01,6069.8590217961155,467.0724517862734,13047.764696159758,6069.8590217961155,6069.8590217961155,642.0742215627712,642.0742215627712,642.0742215627712,642.0742215627712,642.0742215627712,642.0742215627712,0.0,0.0,0.0,6711.933243358887
2023-01-02,6069.125170979657,-384.7452211892349,12097.560118605128,6069.125170979657,6069.125170979657,-83.11677715066448,-83.11677715066448,-83.11677715066448,-83.11677715066448,-83.11677715066448,-83.11677715066448,0.0,0.0,0.0,5986.008393828993
2023-01-04,6067.657469346742,-443.2962271259401,12094.478112098428,6067.657469346742,6067.657469346742,-199.9511142082341,-199.9511142082341,-199.9511142082341,-199.9511142082341,-199.9511142082341,-199.9511142082341,0.0,0.0,0.0,5867.706355138508
2023-01-05,6066.923618530283,-291.2737120202811,12465.058316529881,6066.923618530283,6066.923618530283,42.1268497689364,42.1268497689364,42.1268497689364,42.1268497689364,42.1268497689364,42.1268497689364,0.0,0.0,0.0,6109.05046829922
2023-01-06,6066.189767713826,85.87206177346813,12503.998441090973,6066.189767713826,6066.189767713826,147.3299989631578,147.3299989631578,147.3299989631578,147.3299989631578,147.3299989631578,147.3299989631578,0.0,0.0,0.0,6213.519766676984
2023-01-07,6065.455916897367,13.416147592524794,12180.702236571658,6065.455916897367,6065.455916897367,55.782772118318476,55.782772118318476,55.782772118318476,55.782772118318476,55.782772118318476,55.782772118318476,0.0,0.0,0.0,6121.238689015686
2023-01-08,6064.72206608091,711.5688560394411,12952.46113898272,6064.72206608091,6064.72206608091,642.0742215632037,642.0742215632037,642.0742215632037,642.0742215632037,642.0742215632037,642.0742215632037,0.0,0.0,0.0,6706.796287644113
2023-01-09,6063.988215264452,-82.45423078874704,11928.266717281605,6063.988215264452,6063.988215264452,-83.11677715107992,-83.11677715107992,-83.11677715107992,-83.11677715107992,-83.11677715107992,-83.11677715107992,0.0,0.0,0.0,5980.871438113372
2023-01-10,6063.254364447994,-558.3155563583076,11946.34350557728,6063.254364447994,6063.254364447994,-604.2459510551673,-604.2459510551673,-604.2459510551673,-604.2459510551673,-604.2459510551673,-604.2459510551673,0.0,0.0,0.0,5459.008413392827
2023-01-11,6062.520513631536,-7.853944309220669,11790.152924030708,6062.520513631536,6062.520513631536,-199.95111420911783,-199.95111420911783,-199.95111420911783,-199.95111420911783,-199.95111420911783,-199.95111420911783,0.0,0.0,0.0,5862.569399422418
2023-01-13,6061.052811998621,-385.9180791479172,12660.871909022937,6061.052811998621,6061.052811998621,147.32999896283908,147.32999896283908,147.32999896283908,147.32999896283908,147.32999896283908,147.32999896283908,0.0,0.0,0.0,6208.382810961461
2023-01-14,6060.318961182164,211.6557769037028,12213.825690885056,6060.318961182164,6060.318961182164,55.78277211852622,55.78277211852622,55.78277211852622,55.78277211852622,55.78277211852622,55.78277211852622,0.0,0.0,0.0,6116.101733300689
2023-01-15,6059.585110365705,433.9272014480686,12964.709292965694,6059.585110365705,6059.585110365705,642.0742215630306,642.0742215630306,642.0742215630306,642.0742215630306,642.0742215630306,642.0742215630306,0.0,0.0,0.0,6701.659331928736
2023-01-16,6058.8512595492475,-148.74536385478996,11993.453983924603,6058.8512595492475,6058.8512595492475,-83.11677714897341,-83.11677714897341,-83.11677714897341,-83.11677714897341,-83.11677714897341,-83.11677714897341,0.0,0.0,0.0,5975.734482400274
2023-01-17,6058.117408732789,-366.94283022624165,11565.477026332852,6058.117408732789,6058.117408732789,-604.245951054444,-604.245951054444,-604.245951054444,-604.245951054444,-604.245951054444,-604.245951054444,0.0,0.0,0.0,5453.871457678345
2023-01-18,6057.3835579163315,-251.3511086101949,12361.066106585844,6057.3835579163315,6057.3835579163315,-199.95111420843187,-199.95111420843187,-199.95111420843187,-199.95111420843187,-199.95111420843187,-199.95111420843187,0.0,0.0,0.0,5857.432443707899
2023-01-19,6056.649707099874,-156.63740285887005,12603.109583375825,6056.649707099874,6056.649707099874,42.12684976868857,42.12684976868857,42.12684976868857,42.12684976868857,42.12684976868857,42.12684976868857,0.0,0.0,0.0,6098.776556868563
2023-01-20,6055.915856283415,213.3154158871928,12580.61974524946,6055.915856283415,6055.915856283415,147.32999896282035,147.32999896282035,147.32999896282035,147.32999896282035,147.32999896282035,147.32999896282035,0.0,0.0,0.0,6203.245855246236
2023-01-21,6055.182005466958,-244.3227211285384,12016.18652903441,6055.182005466958,6055.182005466958,55.78277211907324,55.78277211907324,55.78277211907324,55.78277211907324,55.78277211907324,55.78277211907324,0.0,0.0,0.0,6110.964777586031
2023-01-22,6054.448155549233,240.82301970474293,12901.48448769888,6054.448155549233,6054.448155549233,642.0742215628577,642.0742215628577,642.0742215628577,642.0742215628577,642.0742215628577,642.0742215628577,0.0,0.0,0.0,6696.522377112091
2023-01-24,6052.980455713786,-1095.179304153212,12148.814944392578,6052.980455713786,6052.980455713786,-604.2459510537211,-604.2459510537211,-604.2459510537211,-604.2459510537211,-604.2459510537211,-604.2459510537211,0.0,0.0,0.0,5448.734504660065
2023-01-25,6052.246605796062,2.504617218671153,12331.485024964768,6052.246605796062,6052.246605796062,-199.95111420872567,-199.95111420872567,-199.95111420872567,-199.95111420872567,-199.95111420872567,-199.95111420872567,0.0,0.0,0.0,5852.295491587336
2023-01-26,6051.512755878337,-138.0534302958339,12519.55213324695,6051.512755878337,6051.512755878337,42.12684976856465,42.12684976856465,42.12684976856465,42.12684976856465,42.12684976856465,42.12684976856465,0.0,0.0,0.0,6093.639605646902
2023-01-27,6050.778905960614,-271.8635876165447,12277.584383903111,6050.778905960614,6050.778905960614,147.32999896298097,147.32999896298097,147.32999896298097,147.32999896298097,147.32999896298097,147.32999896298097,0.0,0.0,0.0,6198.108904923595
2023-01-29,6049.311206125166,382.30918186713023,13421.173849499732,6049.311206125166,6049.311206125166,642.0742215626846,642.0742215626846,642.0742215626846,642.0742215626846,642.0742215626846,642.0742215626846,0.0,0.0,0.0,6691.38542768785
2023-01-30,6048.577356207442,-495.99702364833365,12500.161988293736,6048.577356207442,6048.577356207442,-83.11677714980435,-83.11677714980435,-83.11677714980435,-83.11677714980435,-83.11677714980435,-83.11677714980435,0.0,0.0,0.0,5965.460579057638
2023-01-31,6047.843506289718,-779.7779598176066,11774.303726655458,6047.843506289718,6047.843506289718,-604.2459510540531,-604.2459510540531,-604.2459510540531,-604.2459510540531,-604.2459510540531,-604.2459510540531,0.0,0.0,0.0,5443.597555235665
2023-02-01,6047.109656371994,125.82773430479983,12313.846691554832,6047.109656371994,6047.109656371994,-199.9511142105892,-199.9511142105892,-199.9511142105892,-199.9511142105892,-199.9511142105892,-199.9511142105892,0.0,0.0,0.0,5847.1585421614045
2023-02-02,6046.375806454271,-418.65640501596937,11971.410656237746,6046.375806454271,6046.375806454271,42.12684976844074,42.12684976844074,42.12684976844074,42.12684976844074,42.12684976844074,42.12684976844074,0.0,0.0,0.0,6088.502656222711
2023-02-03,6045.641956536546,-276.4707421003079,12614.27365617383,6045.641956536546,6045.641956536546,147.32999896326223,147.32999896326223,147.32999896326223,147.32999896326223,147.32999896326223,147.32999896326223,0.0,0.0,0.0,6192.971955499808
2023-02-04,6044.908106618822,-64.87231732329117,12377.493664555785,6044.908106618822,6044.908106618822,55.78277211796232,55.78277211796232,55.78277211796232,55.78277211796232,55.78277211796232,55.78277211796232,0.0,0.0,0.0,6100.690878736784
2023-02-05,6044.174256701099,126.66584595302895,12815.933588478447,6044.174256701099,6044.174256701099,642.0742215631171,642.0742215631171,642.0742215631171,642.0742215631171,642.0742215631171,642.0742215631171,0.0,0.0,0.0,6686.248478264216
2023-02-06,6043.440406783374,-461.4587218406465,12104.552200081025,6043.440406783374,6043.440406783374,-83.11677715021985,-83.11677715021985,-83.11677715021985,-83.11677715021985,-83.11677715021985,-83.11677715021985,0.0,0.0,0.0,5960.323629633154
2023-02-07,6042.70655686565,-1148.6351135598209,11515.359938837328,6042.70655686565,6042.70655686565,-604.245951052824,-604.245951052824,-604.245951052824,-604.245951052824,-604.245951052824,-604.245951052824,0.0,0.0,0.0,5438.460605812826
2023-02-08,6041.972706947927,53.79322380122104,12370.42746296011,6041.972706947927,6041.972706947927,-199.951114210883,-199.951114210883,-199.951114210883,-199.951114210883,-199.951114210883,-199.951114210883,0.0,0.0,0.0,5842.021592737044
2023-02-09,6041.238857030203,-206.92117137884716,12250.773275390013,6041.238857030203,6041.238857030203,42.126849768316816,42.126849768316816,42.126849768316816,42.126849768316816,42.126849768316816,42.126849768316816,0.0,0.0,0.0,6083.36570679852
2023-02-11,6039.771157194755,-41.158584128704454,12043.24699342365,6039.771157194755,6039.771157194755,55.782772118170044,55.782772118170044,55.782772118170044,55.782772118170044,55.782772118170044,55.782772118170044,0.0,0.0,0.0,6095.553929312925
2023-02-13,6038.303458428664,-701.9905461463192,12382.713927178178,6038.303458428664,6038.303458428664,-83.11677715063524,-83.11677715063524,-83.11677715063524,-83.11677715063524,-83.11677715063524,-83.11677715063524,0.0,0.0,0.0,5955.186681278029
2023-02-14,6037.569609045619,-353.7920686790729,11533.944146293337,6037.569609045619,6037.569609045619,-604.2459510552666,-604.2459510552666,-604.2459510552666,-604.2459510552666,-604.2459510552666,-604.2459510552666,0.0,0.0,0.0,5433.323657990352
2023-02-15,6036.835759662574,-372.3346319204109,11939.20899270697,6036.835759662574,6036.835759662574,-199.95111420921734,-199.95111420921734,-199.95111420921734,-199.95111420921734,-199.95111420921734,-199.95111420921734,0.0,0.0,0.0,5836.884645453357
2023-02-17,6035.368060896483,-194.36998609808253,12580.143991922723,6035.368060896483,6035.368060896483,147.32999896292472,147.32999896292472,147.32999896292472,147.32999896292472,147.32999896292472,147.32999896292472,0.0,0.0,0.0,6182.698059859408
2023-02-20,6033.166512747347,-265.39309653574594,12006.954389688466,6033.166512747347,6033.166512747347,-83.11677715105071,-83.11677715105071,-83.11677715105071,-83.11677715105071,-83.11677715105071,-83.11677715105071,0.0,0.0,0.0,5950.049735596296
2023-02-21,6032.432663364302,-989.1280501407531,11430.114845647606,6032.432663364302,6032.432663364302,-604.2459510545433,-604.2459510545433,-604.2459510545433,-604.2459510545433,-604.2459510545433,-604.2459510545433,0.0,0.0,0.0,5428.186712309759
2023-02-22,6031.6988139812565,-283.7020944735895,12055.00817511944,6031.6988139812565,6031.6988139812565,-199.95111420951116,-199.95111420951116,-199.95111420951116,-199.95111420951116,-199.95111420951116,-199.95111420951116,0.0,0.0,0.0,5831.747699771746
2023-02-23,6030.964964598212,56.652762423758965,12511.351161881372,6030.964964598212,6030.964964598212,42.126849768571276,42.126849768571276,42.126849768571276,42.126849768571276,42.126849768571276,42.126849768571276,0.0,0.0,0.0,6073.091814366783
2023-02-24,6030.231115215166,-411.98830143745363,12533.551396497101,6030.231115215166,6030.231115215166,147.32999896338535,147.32999896338535,147.32999896338535,147.32999896338535,147.32999896338535,147.32999896338535,0.0,0.0,0.0,6177.561114178551
2023-02-26,6028.7634164490755,383.2017897591279,12874.535434749509,6028.7634164490755,6028.7634164490755,642.0742215627916,642.0742215627916,642.0742215627916,642.0742215627916,642.0742215627916,642.0742215627916,0.0,0.0,0.0,6670.837638011867
2023-02-27,6028.029567066031,-363.69989607777416,11870.009777806108,6028.029567066031,6028.029567066031,-83.11677715238794,-83.11677715238794,-83.11677715238794,-83.11677715238794,-83.11677715238794,-83.11677715238794,0.0,0.0,0.0,5944.912789913643
2023-03-01,6026.561868299939,-780.400776089612,11957.9523140127,6026.561868299939,6026.561868299939,-199.95111420980498,-199.95111420980498,-199.95111420980498,-199.95111420980498,-199.95111420980498,-199.95111420980498,0.0,0.0,0.0,5826.610754090134
2023-03-02,6025.8280189168945,-81.25156469204042,12421.856587547341,6025.8280189168945,6025.8280189168945,42.126849769157594,42.126849769157594,42.126849769157594,42.126849769157594,42.126849769157594,42.126849769157594,0.0,0.0,0.0,6067.954868686052
2023-03-03,6025.094169533849,415.42198920950676,11946.0170589888,6025.094169533849,6025.094169533849,147.3299989633666,147.3299989633666,147.3299989633666,147.3299989633666,147.3299989633666,147.3299989633666,0.0,0.0,0.0,6172.424168497216
2023-03-04,6024.360320150804,-221.1368497438564,12307.505053433055,6024.360320150804,6024.360320150804,55.78277211913251,55.78277211913251,55.78277211913251,55.78277211913251,55.78277211913251,55.78277211913251,0.0,0.0,0.0,6080.1430922699365
2023-03-05,6023.626470767759,277.40750338185853,12513.146147696145,6023.626470767759,6023.626470767759,642.0742215632242,642.0742215632242,642.0742215632242,642.0742215632242,642.0742215632242,642.0742215632242,0.0,0.0,0.0,6665.700692330984
2023-03-07,6022.158772001668,-766.9653187893114,11315.938957113662,6022.158772001668,6022.158772001668,-604.2459510536462,-604.2459510536462,-604.2459510536462,-604.2459510536462,-604.2459510536462,-604.2459510536462,0.0,0.0,0.0,5417.912820948021
2023-03-08,6021.424922618623,107.95165206174845,11415.73367481924,6021.424922618623,6021.424922618623,-199.95111420813922,-199.95111420813922,-199.95111420813922,-199.95111420813922,-199.95111420813922,-199.95111420813922,0.0,0.0,0.0,5821.473808410484
2023-03-11,6019.223373758409,-403.2630707289417,12104.512554636047,6019.223373758409,6019.223373758409,55.78277211764428,55.78277211764428,55.78277211764428,55.78277211764428,55.78277211764428,55.78277211764428,0.0,0.0,0.0,6075.006145876054
2023-03-12,6018.489524138338,677.7139196066616,13148.1825615229,6018.489524138338,6018.489524138338,642.0742215636569,642.0742215636569,642.0742215636569,642.0742215636569,642.0742215636569,642.0742215636569,0.0,0.0,0.0,6660.563745701995
2023-03-13,6017.755674518267,-339.5309375531037,12408.372730488178,6017.755674518267,6017.755674518267,-83.11677714977512,-83.11677714977512,-83.11677714977512,-83.11677714977512,-83.11677714977512,-83.11677714977512,0.0,0.0,0.0,5934.6388973684925
2023-03-14,6017.021824898196,-754.4709731438815,11880.953291988923,6017.021824898196,6017.021824898196,-604.2459510539782,-604.2459510539782,-604.2459510539782,-604.2459510539782,-604.2459510539782,-604.2459510539782,0.0,0.0,0.0,5412.775873844218
2023-03-15,6016.287975278125,-191.5626712699843,11958.201430965986,6016.287975278125,6016.287975278125,-199.95111420843304,-199.95111420843304,-199.95111420843304,-199.95111420843304,-199.95111420843304,-199.95111420843304,0.0,0.0,0.0,5816.336861069692
2023-03-16,6015.5541256580545,-111.66994938218167,12077.462739032646,6015.5541256580545,6015.5541256580545,42.126849768909736,42.126849768909736,42.126849768909736,42.126849768909736,42.126849768909736,42.126849768909736,0.0,0.0,0.0,6057.680975426964
2023-03-17,6014.820276037983,188.97925301925892,12650.704610006245,6014.820276037983,6014.820276037983,147.3299989633292,147.3299989633292,147.3299989633292,147.3299989633292,147.3299989633292,147.3299989633292,0.0,0.0,0.0,6162.1502750013115
2023-03-18,6014.086426417913,-274.56210156718987,12036.87422926075,6014.086426417913,6014.086426417913,55.78277211785205,55.78277211785205,55.78277211785205,55.78277211785205,55.78277211785205,55.78277211785205,0.0,0.0,0.0,6069.869198535765
2023-03-19,6013.352576797841,237.65941302958115,12751.656763561068,6013.352576797841,6013.352576797841,642.0742215628782,642.0742215628782,642.0742215628782,642.0742215628782,642.0742215628782,642.0742215628782,0.0,0.0,0.0,6655.426798360719
2023-03-20,6012.61872717777,-313.7467116928119,12150.15895703795,6012.61872717777,6012.61872717777,-83.11677714926888,-83.11677714926888,-83.11677714926888,-83.11677714926888,-83.11677714926888,-83.11677714926888,0.0,0.0,0.0,5929.501950028501
2023-03-21,6011.884877557699,-527.1967565847627,11443.356068678404,6011.884877557699,6011.884877557699,-604.2459510543105,-604.2459510543105,-604.2459510543105,-604.2459510543105,-604.2459510543105,-604.2459510543105,0.0,0.0,0.0,5407.638926503389
2023-03-22,6011.151027937628,184.25265193676202,12065.647295899349,6011.151027937628,6011.151027937628,-199.95111421029657,-199.95111421029657,-199.95111421029657,-199.95111421029657,-199.95111421029657,-199.95111421029657,0.0,0.0,0.0,5811.1999137273315
2023-03-23,6010.417178317557,-220.74163438810373,12334.60159215428,6010.417178317557,6010.417178317557,42.12684976949608,42.12684976949608,42.12684976949608,42.12684976949608,42.12684976949608,42.12684976949608,0.0,0.0,0.0,6052.544028087053
2023-03-24,6009.683328697486,-277.3661965225774,12246.076615426226,6009.683328697486,6009.683328697486,147.3299989630103,147.3299989630103,147.3299989630103,147.3299989630103,147.3299989630103,147.3299989630103,0.0,0.0,0.0,6157.0133276604965
2023-03-25,6008.949479077414,7.649834818400784,12294.172857125139,6008.949479077414,6008.949479077414,55.78277211822936,55.78277211822936,55.78277211822936,55.78277211822936,55.78277211822936,55.78277211822936,0.0,0.0,0.0,6064.732251195644
2023-03-26,6008.215629457344,448.170167335357,12964.541246993293,6008.215629457344,6008.215629457344,642.0742215633109,642.0742215633109,642.0742215633109,642.0742215633109,642.0742215633109,642.0742215633109,0.0,0.0,0.0,6650.289851020655
2023-03-27,6007.481779837272,-509.4267355962276,12214.995869802162,6007.481779837272,6007.481779837272,-83.11677714716237,-83.11677714716237,-83.11677714716237,-83.11677714716237,-83.11677714716237,-83.11677714716237,0.0,0.0,0.0,5924.36500269011
2023-03-29,6006.0140805971305,-86.65395575470171,11720.33383517247,6006.0140805971305,6006.0140805971305,-199.9511142105904,-199.9511142105904,-199.9511142105904,-199.9511142105904,-199.9511142105904,-199.9511142105904,0.0,0.0,0.0,5806.06296638654
2023-03-30,6005.280230847939,-150.14568090649402,12667.23885359396,6005.280230847939,6005.280230847939,42.12684976845392,42.12684976845392,42.12684976845392,42.12684976845392,42.12684976845392,42.12684976845392,0.0,0.0,0.0,6047.407080616393
2023-03-31,6004.546381098746,205.82575321958677,12220.693815328616,6004.546381098746,6004.546381098746,147.32999896329164,147.32999896329164,147.32999896329164,147.32999896329164,147.32999896329164,147.32999896329164,0.0,0.0,0.0,6151.876380062037
2023-04-02,6003.078681600359,581.4323186691437,12548.872352681856,6003.078681600359,6003.078681600359,642.0742215633315,642.0742215633315,642.0742215633315,642.0742215633315,642.0742215633315,642.0742215633315,0.0,0.0,0.0,6645.152903163691
2023-04-05,6000.877132352782,-32.80105242108514,11935.785294080344,6000.877132352782,6000.877132352782,-199.95111420990443,-199.95111420990443,-199.95111420990443,-199.95111420990443,-199.95111420990443,-199.95111420990443,0.0,0.0,0.0,5800.926018142877
2023-04-06,6000.143282603589,-273.71142528695674,12612.195865851798,6000.143282603589,6000.143282603589,42.12684976904027,42.12684976904027,42.12684976904027,42.12684976904027,42.12684976904027,42.12684976904027,0.0,0.0,0.0,6042.270132372629
2023-04-08,5998.675583105203,74.86259938508168,12511.4480376353,5998.675583105203,5998.675583105203,55.78277211898405,55.78277211898405,55.78277211898405,55.78277211898405,55.78277211898405,55.78277211898405,0.0,0.0,0.0,6054.4583552241875
2023-04-10,5997.2078836068185,147.94417926223989,12607.82605695349,5997.2078836068185,5997.2078836068185,-83.116777148915,-83.116777148915,-83.116777148915,-83.116777148915,-83.116777148915,-83.116777148915,0.0,0.0,0.0,5914.091106457903
2023-04-11,5996.474033857625,-783.193723330294,11348.470062368953,5996.474033857625,5996.474033857625,-604.2459510553067,-604.2459510553067,-604.2459510553067,-604.2459510553067,-604.2459510553067,-604.2459510553067,0.0,0.0,0.0,5392.228082802318
2023-04-12,5995.740184108432,-426.38357366205474,12415.280682326556,5995.740184108432,5995.740184108432,-199.95111420921856,-199.95111420921856,-199.95111420921856,-199.95111420921856,-199.95111420921856,-199.95111420921856,0.0,0.0,0.0,5795.789069899213
2023-04-13,5995.006334359239,-637.0859113740232,12140.006085622603,5995.006334359239,5995.006334359239,42.12684976820609,42.12684976820609,42.12684976820609,42.12684976820609,42.12684976820609,42.12684976820609,0.0,0.0,0.0,6037.133184127445
2023-04-14,5994.272484610047,-165.67203322272724,12464.882525108625,5994.272484610047,5994.272484610047,147.32999896343358,147.32999896343358,147.32999896343358,147.32999896343358,147.32999896343358,147.32999896343358,0.0,0.0,0.0,6141.602483573481
2023-04-15,5993.5386348608545,-504.88871229152517,12151.033766039842,5993.5386348608545,5993.5386348608545,55.78277211919184,55.78277211919184,55.78277211919184,55.78277211919184,55.78277211919184,55.78277211919184,0.0,0.0,0.0,6049.321406980046
2023-04-17,5992.070935362468,-29.965759582903203,12032.257827712781,5992.070935362468,5992.070935362468,-83.11677715025219,-83.11677715025219,-83.11677715025219,-83.11677715025219,-83.11677715025219,-83.11677715025219,0.0,0.0,0.0,5908.954158212216
2023-04-18,5991.337085613276,-427.5072837468973,11777.756970516737,5991.337085613276,5991.337085613276,-604.2459510540776,-604.2459510540776,-604.2459510540776,-604.2459510540776,-604.2459510540776,-604.2459510540776,0.0,0.0,0.0,5387.0911345591985
2023-04-20,5989.86938611489,-102.94008183073184,12457.111425172661,5989.86938611489,5989.86938611489,42.12684976879241,42.12684976879241,42.12684976879241,42.12684976879241,42.12684976879241,42.12684976879241,0.0,0.0,0.0,6031.996235883683
2023-04-22,5988.401686616505,-20.863689118419654,11694.33321524472,5988.401686616505,5988.401686616505,55.782772119738745,55.782772119738745,55.782772119738745,55.782772119738745,55.782772119738745,55.782772119738745,0.0,0.0,0.0,6044.184458736244
2023-04-23,5987.667836867312,-91.16163604010605,13030.365202683057,5987.667836867312,5987.667836867312,642.0742215630062,642.0742215630062,642.0742215630062,642.0742215630062,642.0742215630062,642.0742215630062,0.0,0.0,0.0,6629.742058430318
2023-04-25,5986.200137368926,-817.8074422007968,11312.73993495022,5986.200137368926,5986.200137368926,-604.2459510544096,-604.2459510544096,-604.2459510544096,-604.2459510544096,-604.2459510544096,-604.2459510544096,0.0,0.0,0.0,5381.954186314517
2023-04-26,5985.466287951897,-370.9410853605274,11819.60546548072,5985.466287951897,5985.466287951897,-199.9511142103961,-199.9511142103961,-199.9511142103961,-199.9511142103961,-199.9511142103961,-199.9511142103961,0.0,0.0,0.0,5785.515173741502
2023-04-27,5984.732438534869,-277.5315446788135,12671.167956850228,5984.732438534869,5984.732438534869,42.126849768668514,42.126849768668514,42.126849768668514,42.126849768668514,42.126849768668514,42.126849768668514,0.0,0.0,0.0,6026.859288303538
2023-04-28,5983.998589117841,-278.56475239035956,11775.39683674956,5983.998589117841,5983.998589117841,147.32999896279597,147.32999896279597,147.32999896279597,147.32999896279597,147.32999896279597,147.32999896279597,0.0,0.0,0.0,6131.328588080637
2023-04-29,5983.264739700813,-278.26958310218174,12307.046475919333,5983.264739700813,5983.264739700813,55.782772118081,55.782772118081,55.782772118081,55.782772118081,55.782772118081,55.782772118081,0.0,0.0,0.0,6039.047511818894
2023-04-30,5982.530890283785,446.8490711971721,13013.356651363893,5982.530890283785,5982.530890283785,642.0742215628331,642.0742215628331,642.0742215628331,642.0742215628331,642.0742215628331,642.0742215628331,0.0,0.0,0.0,6624.6051118466185
2023-05-02,5981.063191449727,-309.22135319218603,11533.290925829635,5981.063191449727,5981.063191449727,-604.2459510536866,-604.2459510536866,-604.2459510536866,-604.2459510536866,-604.2459510536866,-604.2459510536866,0.0,0.0,0.0,5376.817240396041
2023-05-03,5980.329342032699,-503.49896544203074,11809.413475558245,5980.329342032699,5980.329342032699,-199.95111420971014,-199.95111420971014,-199.95111420971014,-199.95111420971014,-199.95111420971014,-199.95111420971014,0.0,0.0,0.0,5780.378227822989
2023-05-04,5979.595492615671,161.50886179943478,12247.293487737606,5979.595492615671,5979.595492615671,42.126849768336626,42.126849768336626,42.126849768336626,42.126849768336626,42.126849768336626,42.126849768336626,0.0,0.0,0.0,6021.722342384008
2023-05-05,5978.861643198642,150.22070181852763,12190.694533768712,5978.861643198642,5978.861643198642,147.32999896307726,147.32999896307726,147.32999896307726,147.32999896307726,147.32999896307726,147.32999896307726,0.0,0.0,0.0,6126.191642161719
2023-05-06,5978.127793781614,-242.53858841769716,12383.724227775825,5978.127793781614,5978.127793781614,55.78277211845826,55.78277211845826,55.78277211845826,55.78277211845826,55.78277211845826,55.78277211845826,0.0,0.0,0.0,6033.9105659000725
2023-05-07,5977.393944364586,609.189074842383,13094.704629492117,5977.393944364586,5977.393944364586,642.0742215632656,642.0742215632656,642.0742215632656,642.0742215632656,642.0742215632656,642.0742215632656,0.0,0.0,0.0,6619.468165927851
2023-05-09,5975.92624553053,-831.2311811333088,11597.298194565126,5975.92624553053,5975.92624553053,-604.2459510529633,-604.2459510529633,-604.2459510529633,-604.2459510529633,-604.2459510529633,-604.2459510529633,0.0,0.0,0.0,5371.680294477566
2023-05-10,5975.192396113501,-117.43857973624408,12121.756128590107,5975.192396113501,5975.192396113501,-199.95111421000394,-199.95111421000394,-199.95111421000394,-199.95111421000394,-199.95111421000394,-199.95111421000394,0.0,0.0,0.0,5775.241281903497
2023-05-11,5974.458546696473,-574.1424726411485,12905.430768691213,5974.458546696473,5974.458546696473,42.12684976821272,42.12684976821272,42.12684976821272,42.12684976821272,42.12684976821272,42.12684976821272,0.0,0.0,0.0,6016.585396464686
2023-05-12,5973.724697279445,-113.53089066317325,12035.065770463045,5973.724697279445,5973.724697279445,147.32999896275842,147.32999896275842,147.32999896275842,147.32999896275842,147.32999896275842,147.32999896275842,0.0,0.0,0.0,6121.054696242203
2023-05-13,5972.990847862416,-547.0799652032547,11969.841597125753,5972.990847862416,5972.990847862416,55.782772118835624,55.782772118835624,55.782772118835624,55.782772118835624,55.782772118835624,55.782772118835624,0.0,0.0,0.0,6028.773619981252
2023-05-14,5972.256998445388,12.416300038703838,12525.314460455815,5972.256998445388,5972.256998445388,642.0742215630926,642.0742215630926,642.0742215630926,642.0742215630926,642.0742215630926,642.0742215630926,0.0,0.0,0.0,6614.33122000848
2023-05-16,5970.7892996113305,-1052.953683064878,11448.254764527594,5970.7892996113305,5970.7892996113305,-604.2459510543507,-604.2459510543507,-604.2459510543507,-604.2459510543507,-604.2459510543507,-604.2459510543507,0.0,0.0,0.0,5366.54334855698
2023-05-17,5970.055456414159,-771.3268486553239,11960.134657626993,5970.055456414159,5970.055456414159,-199.9511142083382,-199.9511142083382,-199.9511142083382,-199.9511142083382,-199.9511142083382,-199.9511142083382,0.0,0.0,0.0,5770.104342205821
2023-05-19,5968.587770019816,-420.5538034409859,12116.040693369096,5968.587770019816,5968.587770019816,147.32999896273972,147.32999896273972,147.32999896273972,147.32999896273972,147.32999896273972,147.32999896273972,0.0,0.0,0.0,6115.917768982556
2023-05-20,5967.853926822645,287.9288842225083,11920.521637883585,5967.853926822645,5967.853926822645,55.78277211734743,55.78277211734743,55.78277211734743,55.78277211734743,55.78277211734743,55.78277211734743,0.0,0.0,0.0,6023.636698939992
2023-05-21,5967.120083625473,608.730615708203,12951.007679223434,5967.120083625473,5967.120083625473,642.0742215635252,642.0742215635252,642.0742215635252,642.0742215635252,642.0742215635252,642.0742215635252,0.0,0.0,0.0,6609.194305188998
2023-05-23,5965.65239723113,-882.869907467907,11929.545411513665,5965.65239723113,5965.65239723113,-604.2459510536276,-604.2459510536276,-604.2459510536276,-604.2459510536276,-604.2459510536276,-604.2459510536276,0.0,0.0,0.0,5361.406446177502
2023-05-24,5964.918554033959,-192.92030884464788,11677.693052753024,5964.918554033959,5964.918554033959,-199.951114208632,-199.951114208632,-199.951114208632,-199.951114208632,-199.951114208632,-199.951114208632,0.0,0.0,0.0,5764.967439825326
2023-05-25,5964.1847108367865,-212.81994296215842,12038.703020734423,5964.1847108367865,5964.1847108367865,42.126849768675115,42.126849768675115,42.126849768675115,42.126849768675115,42.126849768675115,42.126849768675115,0.0,0.0,0.0,6006.311560605462
2023-05-26,5963.450867639615,-96.71144346352483,11859.601932054158,5963.450867639615,5963.450867639615,147.32999896320038,147.32999896320038,147.32999896320038,147.32999896320038,147.32999896320038,147.32999896320038,0.0,0.0,0.0,6110.780866602816
2023-05-27,5962.717024442443,-124.45637128042986,12439.311663699036,5962.717024442443,5962.717024442443,55.78277211772474,55.78277211772474,55.78277211772474,55.78277211772474,55.78277211772474,55.78277211772474,0.0,0.0,0.0,6018.499796560168
2023-05-28,5961.983181245272,476.3348401201482,12561.060306646665,5961.983181245272,5961.983181245272,642.0742215627464,642.0742215627464,642.0742215627464,642.0742215627464,642.0742215627464,642.0742215627464,0.0,0.0,0.0,6604.057402808018
2023-05-29,5961.2493380481,-510.9851686185719,11934.413811018952,5961.2493380481,5961.2493380481,-83.11677715022296,-83.11677715022296,-83.11677715022296,-83.11677715022296,-83.11677715022296,-83.11677715022296,0.0,0.0,0.0,5878.132560897877
2023-05-30,5960.515494850929,-901.447319499939,11556.615237892036,5960.515494850929,5960.515494850929,-604.245951054509,-604.245951054509,-604.245951054509,-604.245951054509,-604.245951054509,-604.245951054509,0.0,0.0,0.0,5356.26954379642
2023-06-01,5959.047808456586,-57.467107912818484,11895.75978751621,5959.047808456586,5959.047808456586,42.12684976926143,42.12684976926143,42.12684976926143,42.12684976926143,42.12684976926143,42.12684976926143,0.0,0.0,0.0,6001.174658225847
2023-06-02,5958.3139652594145,289.05041735245703,12400.705175730634,5958.3139652594145,5958.3139652594145,147.32999896318168,147.32999896318168,147.32999896318168,147.32999896318168,147.32999896318168,147.32999896318168,0.0,0.0,0.0,6105.643964222596
2023-06-03,5957.5801220622425,-273.4409490970852,12105.952508484746,5957.5801220622425,5957.5801220622425,55.78277211810206,55.78277211810206,55.78277211810206,55.78277211810206,55.78277211810206,55.78277211810206,0.0,0.0,0.0,6013.3628941803445
2023-06-05,5956.112435667899,-322.86473526342104,11889.423762555813,5956.112435667899,5956.112435667899,-83.11677715063848,-83.11677715063848,-83.11677715063848,-83.11677715063848,-83.11677715063848,-83.11677715063848,0.0,0.0,0.0,5872.99565851726
2023-06-08,5953.910906076385,-565.1310950049193,12088.835783412289,5953.910906076385,5953.910906076385,42.126849768427235,42.126849768427235,42.126849768427235,42.126849768427235,42.126849768427235,42.126849768427235,0.0,0.0,0.0,5996.037755844812
2023-06-09,5953.374524764277,-50.85003778834634,12388.077270457745,5953.374524764277,5953.374524764277,147.3299989631628,147.3299989631628,147.3299989631628,147.3299989631628,147.3299989631628,147.3299989631628,0.0,0.0,0.0,6100.704523727441
2023-06-10,5952.838143452172,-278.9397012573833,11971.994274610053,5952.838143452172,5952.838143452172,55.78277211830983,55.78277211830983,55.78277211830983,55.78277211830983,55.78277211830983,55.78277211830983,0.0,0.0,0.0,6008.620915570482
2023-06-12,5951.765380827959,-424.35191566780725,11857.083290993383,5951.765380827959,5951.765380827959,-83.11677715197568,-83.11677715197568,-83.11677715197568,-83.11677715197568,-83.11677715197568,-83.11677715197568,0.0,0.0,0.0,5868.648603675983
2023-06-13,5951.228999515852,-886.8558226899389,11618.59340253482,5951.228999515852,5951.228999515852,-604.2459510541179,-604.2459510541179,-604.2459510541179,-604.2459510541179,-604.2459510541179,-604.2459510541179,0.0,0.0,0.0,5346.983048461734
2023-06-14,5950.692618203746,-460.04042198840745,12067.653724527061,5950.692618203746,5950.692618203746,-199.95111420912366,-199.95111420912366,-199.95111420912366,-199.95111420912366,-199.95111420912366,-199.95111420912366,0.0,0.0,0.0,5750.741503994623
2023-06-17,5949.083474267426,-55.6276674375619,11900.816333765619,5949.083474267426,5949.083474267426,55.78277211851762,55.78277211851762,55.78277211851762,55.78277211851762,55.78277211851762,55.78277211851762,0.0,0.0,0.0,6004.866246385944
2023-06-18,5948.54709295532,239.89670560587751,12963.033560953081,5948.54709295532,5948.54709295532,642.0742215630268,642.0742215630268,642.0742215630268,642.0742215630268,642.0742215630268,642.0742215630268,0.0,0.0,0.0,6590.621314518347
2023-06-19,5948.010711643214,-444.51369383039594,12142.437134830412,5948.010711643214,5948.010711643214,-83.1167771514694,-83.1167771514694,-83.1167771514694,-83.1167771514694,-83.1167771514694,-83.1167771514694,0.0,0.0,0.0,5864.893934491744
2023-06-20,5947.474330331107,-1074.2742158722654,11135.01456756722,5947.474330331107,5947.474330331107,-604.24595105445,-604.24595105445,-604.24595105445,-604.24595105445,-604.24595105445,-604.24595105445,0.0,0.0,0.0,5343.2283792766575
2023-06-21,5946.937949019,-615.035619840327,11947.862025920242,5946.937949019,5946.937949019,-199.95111420941748,-199.95111420941748,-199.95111420941748,-199.95111420941748,-199.95111420941748,-199.95111420941748,0.0,0.0,0.0,5746.986834809582
2023-06-22,5946.401567706894,-264.8280316775287,11730.98092085939,5946.401567706894,5946.401567706894,42.12684976868172,42.12684976868172,42.12684976868172,42.12684976868172,42.12684976868172,42.12684976868172,0.0,0.0,0.0,5988.528417475575
2023-06-23,5945.865186394788,-800.2970840193941,12294.199624206589,5945.865186394788,5945.865186394788,147.32999896330472,147.32999896330472,147.32999896330472,147.32999896330472,147.32999896330472,147.32999896330472,0.0,0.0,0.0,6093.195185358093
2023-06-24,5945.328805082681,-125.6153532738093,12173.11975809149,5945.328805082681,5945.328805082681,55.78277211889494,55.78277211889494,55.78277211889494,55.78277211889494,55.78277211889494,55.78277211889494,0.0,0.0,0.0,6001.111577201576
2023-06-25,5944.792423770575,334.2165979932438,13459.216798740958,5944.792423770575,5944.792423770575,642.0742215628538,642.0742215628538,642.0742215628538,642.0742215628538,642.0742215628538,642.0742215628538,0.0,0.0,0.0,6586.866645333428
2023-06-26,5944.256042458468,-590.9002601500309,12247.683075510333,5944.256042458468,5944.256042458468,-83.11677714844113,-83.11677714844113,-83.11677714844113,-83.11677714844113,-83.11677714844113,-83.11677714844113,0.0,0.0,0.0,5861.1392653100265
2023-06-27,5943.719661146362,-1307.7108986375206,11915.101131827128,5943.719661146362,5943.719661146362,-604.245951054276,-604.245951054276,-604.245951054276,-604.245951054276,-604.245951054276,-604.245951054276,0.0,0.0,0.0,5339.473710092087
2023-06-28,5943.183279834256,-448.19030177297145,12113.34962779358,5943.183279834256,5943.183279834256,-199.9511142097113,-199.9511142097113,-199.9511142097113,-199.9511142097113,-199.9511142097113,-199.9511142097113,0.0,0.0,0.0,5743.232165624544
2023-06-29,5942.646898522149,-450.86331051349094,12126.62156047431,5942.646898522149,5942.646898522149,42.12684976855779,42.12684976855779,42.12684976855779,42.12684976855779,42.12684976855779,42.12684976855779,0.0,0.0,0.0,5984.773748290707
2023-06-30,5942.110982039216,-523.1925996385513,12137.268780508692,5942.110982039216,5942.110982039216,147.32999896358606,147.32999896358606,147.32999896358606,147.32999896358606,147.32999896358606,147.32999896358606,0.0,0.0,0.0,6089.440981002802
2023-07-01,5941.575065556283,-637.7239444512632,12543.266879054272,5941.575065556283,5941.575065556283,55.78277211927225,55.78277211927225,55.78277211927225,55.78277211927225,55.78277211927225,55.78277211927225,0.0,0.0,0.0,5997.357837675556
2023-07-03,5940.5032325904185,392.0537709792491,12440.310025276414,5940.5032325904185,5940.5032325904185,-83.1167771488566,-83.1167771488566,-83.1167771488566,-83.1167771488566,-83.1167771488566,-83.1167771488566,0.0,0.0,0.0,5857.386455441562
2023-07-04,5939.967316107485,-889.4814143627232,11846.626876038887,5939.967316107485,5939.967316107485,-604.2459510535527,-604.2459510535527,-604.2459510535527,-604.2459510535527,-604.2459510535527,-604.2459510535527,0.0,0.0,0.0,5335.7213650539325
2023-07-05,5939.431399624552,-444.13975079166624,12550.724990303392,5939.431399624552,5939.431399624552,-199.95111420902535,-199.95111420902535,-199.95111420902535,-199.95111420902535,-199.95111420902535,-199.95111420902535,0.0,0.0,0.0,5739.480285415527
2023-07-06,5938.8954831416195,-226.90939026358683,11956.531338322417,5938.8954831416195,5938.8954831416195,42.126849768433864,42.126849768433864,42.126849768433864,42.126849768433864,42.126849768433864,42.126849768433864,0.0,0.0,0.0,5981.022332910054
2023-07-07,5938.359566658687,-105.88610533417308,12391.197633845322,5938.359566658687,5938.359566658687,147.32999896326723,147.32999896326723,147.32999896326723,147.32999896326723,147.32999896326723,147.32999896326723,0.0,0.0,0.0,6085.689565621954
2023-07-09,5937.287733692821,-110.2124873002544,12802.935248930125,5937.287733692821,5937.287733692821,642.0742215637188,642.0742215637188,642.0742215637188,642.0742215637188,642.0742215637188,642.0742215637188,0.0,0.0,0.0,6579.36195525654
2023-07-10,5936.751817209888,-1100.5447723147984,12079.002114454557,5936.751817209888,5936.751817209888,-83.11677715019378,-83.11677715019378,-83.11677715019378,-83.11677715019378,-83.11677715019378,-83.11677715019378,0.0,0.0,0.0,5853.635040059694
2023-07-11,5936.215900726956,-757.7058222686836,11444.06576562405,5936.215900726956,5936.215900726956,-604.2459510549401,-604.2459510549401,-604.2459510549401,-604.2459510549401,-604.2459510549401,-604.2459510549401,0.0,0.0,0.0,5331.969949672016
2023-07-12,5935.679984244023,-682.5276530389565,11866.248464647548,5935.679984244023,5935.679984244023,-199.9511142083394,-199.9511142083394,-199.9511142083394,-199.9511142083394,-199.9511142083394,-199.9511142083394,0.0,0.0,0.0,5735.728870035684
2023-07-13,5935.14406776109,-278.75481081014107,11886.649718428498,5935.14406776109,5935.14406776109,42.12684976810198,42.12684976810198,42.12684976810198,42.12684976810198,42.12684976810198,42.12684976810198,0.0,0.0,0.0,5977.270917529192
2023-07-14,5934.6081512781575,370.2205984439599,11982.184912399589,5934.6081512781575,5934.6081512781575,147.32999896324853,147.32999896324853,147.32999896324853,147.32999896324853,147.32999896324853,147.32999896324853,0.0,0.0,0.0,6081.938150241406
2023-07-15,5934.072234795225,-464.76685062608414,13111.111588169186,5934.072234795225,5934.072234795225,55.782772117991776,55.782772117991776,55.782772117991776,55.782772117991776,55.782772117991776,55.782772117991776,0.0,0.0,0.0,5989.855006913217
2023-07-18,5932.464485346426,-772.4070201834194,11606.763409411993,5932.464485346426,5932.464485346426,-604.2459510542171,-604.2459510542171,-604.2459510542171,-604.2459510542171,-604.2459510542171,-604.2459510542171,0.0,0.0,0.0,5328.218534292209
2023-07-19,5931.928568863494,-153.32454588357493,11519.247765285894,5931.928568863494,5931.928568863494,-199.95111421020295,-199.95111421020295,-199.95111421020295,-199.95111421020295,-199.95111421020295,-199.95111421020295,0.0,0.0,0.0,5731.977454653291
2023-07-21,5930.856735897628,-78.92084881451575,12080.539492435977,5930.856735897628,5930.856735897628,147.32999896292975,147.32999896292975,147.32999896292975,147.32999896292975,147.32999896292975,147.32999896292975,0.0,0.0,0.0,6078.186734860557
2023-07-22,5930.320819414695,-98.69490902552111,12743.429714131882,5930.320819414695,5930.320819414695,55.78277211853872,55.78277211853872,55.78277211853872,55.78277211853872,55.78277211853872,55.78277211853872,0.0,0.0,0.0,5986.103591533233
2023-07-23,5929.785047687885,4.336552817913795,12621.77759416089,5929.785047687885,5929.785047687885,642.0742215623552,642.0742215623552,642.0742215623552,642.0742215623552,642.0742215623552,642.0742215623552,0.0,0.0,0.0,6571.85926925024
2023-07-24,5929.249275961075,-490.388927948044,11885.85181942445,5929.249275961075,5929.249275961075,-83.11677714758103,-83.11677714758103,-83.11677714758103,-83.11677714758103,-83.11677714758103,-83.11677714758103,0.0,0.0,0.0,5846.132498813494
2023-07-26,5928.177732507455,-527.4761452225417,12039.92976050654,5928.177732507455,5928.177732507455,-199.95111421049674,-199.95111421049674,-199.95111421049674,-199.95111421049674,-199.95111421049674,-199.95111421049674,0.0,0.0,0.0,5728.226618296959
2023-07-27,5927.6419607806465,19.72151521770698,12585.823244094956,5927.6419607806465,5927.6419607806465,42.12684976856437,42.12684976856437,42.12684976856437,42.12684976856437,42.12684976856437,42.12684976856437,0.0,0.0,0.0,5969.768810549211
2023-07-29,5926.570417327027,-391.91540216651964,11731.006001725193,5926.570417327027,5926.570417327027,55.78277211874655,55.78277211874655,55.78277211874655,55.78277211874655,55.78277211874655,55.78277211874655,0.0,0.0,0.0,5982.353189445774
2023-07-30,5926.034645600217,559.7775802089388,13101.23542290202,5926.034645600217,5926.034645600217,642.0742215627879,642.0742215627879,642.0742215627879,642.0742215627879,642.0742215627879,642.0742215627879,0.0,0.0,0.0,6568.108867163005
2023-07-31,5925.498873873407,-520.56582749564,11648.287484810942,5925.498873873407,5925.498873873407,-83.11677714799649,-83.11677714799649,-83.11677714799649,-83.11677714799649,-83.11677714799649,-83.11677714799649,0.0,0.0,0.0,5842.3820967254105
2023-08-01,5924.9631021465975,-783.0163004397057,11609.578831158946,5924.9631021465975,5924.9631021465975,-604.245951053826,-604.245951053826,-604.245951053826,-604.245951053826,-604.245951053826,-604.245951053826,0.0,0.0,0.0,5320.717151092771
2023-08-02,5924.427330419788,-897.8814428521777,12122.32116010903,5924.427330419788,5924.427330419788,-199.951114208831,-199.951114208831,-199.951114208831,-199.951114208831,-199.951114208831,-199.951114208831,0.0,0.0,0.0,5724.476216210956
2023-08-03,5923.891558692978,-493.7207815565142,12211.136564558326,5923.891558692978,5923.891558692978,42.12684976773025,42.12684976773025,42.12684976773025,42.12684976773025,42.12684976773025,42.12684976773025,0.0,0.0,0.0,5966.018408460708
2023-08-05,5922.820015239359,-403.37592159469136,12335.325622019292,5922.820015239359,5922.820015239359,55.782772119123806,55.782772119123806,55.782772119123806,55.782772119123806,55.782772119123806,55.782772119123806,0.0,0.0,0.0,5978.602787358483
2023-08-06,5922.284243512549,189.6035494064297,12706.518609928919,5922.284243512549,5922.284243512549,642.0742215632204,642.0742215632204,642.0742215632204,642.0742215632204,642.0742215632204,642.0742215632204,0.0,0.0,0.0,6564.358465075769
2023-08-07,5921.74847178574,-605.1843374942755,12436.33620505359,5921.74847178574,5921.74847178574,-83.11677714933369,-83.11677714933369,-83.11677714933369,-83.11677714933369,-83.11677714933369,-83.11677714933369,0.0,0.0,0.0,5838.631694636406
2023-08-08,5921.21270005893,-647.4005894792493,11540.504802839383,5921.21270005893,5921.21270005893,-604.245951054158,-604.245951054158,-604.245951054158,-604.245951054158,-604.245951054158,-604.245951054158,0.0,0.0,0.0,5316.966749004772
2023-08-09,5920.67692833212,-419.26374085097365,11952.309698606414,5920.67692833212,5920.67692833212,-199.9511142116743,-199.9511142116743,-199.9511142116743,-199.9511142116743,-199.9511142116743,-199.9511142116743,0.0,0.0,0.0,5720.725814120446
2023-08-10,5920.14115660531,-205.54043440983216,12413.51832801967,5920.14115660531,5920.14115660531,42.12684976831657,42.12684976831657,42.12684976831657,42.12684976831657,42.12684976831657,42.12684976831657,0.0,0.0,0.0,5962.268006373627
2023-08-11,5919.6053848785,-265.51084241421296,12523.409216816886,5919.6053848785,5919.6053848785,147.3299989633529,147.3299989633529,147.3299989633529,147.3299989633529,147.3299989633529,147.3299989633529,0.0,0.0,0.0,6066.935383841854
2023-08-12,5919.069613151692,-590.0263474216498,11945.91610044483,5919.069613151692,5919.069613151692,55.782772119331646,55.782772119331646,55.782772119331646,55.782772119331646,55.782772119331646,55.782772119331646,0.0,0.0,0.0,5974.852385271023
2023-08-13,5918.55902580543,57.625710952638656,12822.132730195986,5918.55902580543,5918.55902580543,642.0742215630474,642.0742215630474,642.0742215630474,642.0742215630474,642.0742215630474,642.0742215630474,0.0,0.0,0.0,6560.633247368477
2023-08-14,5918.048438459169,-456.23454783615296,11549.378436328714,5918.048438459169,5918.048438459169,-83.11677714882741,-83.11677714882741,-83.11677714882741,-83.11677714882741,-83.11677714882741,-83.11677714882741,0.0,0.0,0.0,5834.931661310342
2023-08-15,5917.537851112907,-832.916469387695,11448.451323056956,5917.537851112907,5917.537851112907,-604.2459510539842,-604.2459510539842,-604.2459510539842,-604.2459510539842,-604.2459510539842,-604.2459510539842,0.0,0.0,0.0,5313.291900058924
2023-08-16,5917.027263766647,-736.8260513882997,11513.144029732817,5917.027263766647,5917.027263766647,-199.95111421000854,-199.95111421000854,-199.95111421000854,-199.95111421000854,-199.95111421000854,-199.95111421000854,0.0,0.0,0.0,5717.0761495566385
2023-08-17,5916.516676420385,-260.1556428400305,12146.534788816962,5916.516676420385,5916.516676420385,42.126849768902886,42.126849768902886,42.126849768902886,42.126849768902886,42.126849768902886,42.126849768902886,0.0,0.0,0.0,5958.6435261892875
2023-08-18,5916.006089074124,2.2164812127986178,12500.172474363395,5916.006089074124,5916.006089074124,147.32999896303417,147.32999896303417,147.32999896303417,147.32999896303417,147.32999896303417,147.32999896303417,0.0,0.0,0.0,6063.336088037158
2023-08-19,5915.495501727863,-55.908361455138454,12323.82497415949,5915.495501727863,5915.495501727863,55.78277211970902,55.78277211970902,55.78277211970902,55.78277211970902,55.78277211970902,55.78277211970902,0.0,0.0,0.0,5971.278273847572
2023-08-20,5914.984914381602,701.5635412218518,12666.30563852538,5914.984914381602,5914.984914381602,642.0742215636739,642.0742215636739,642.0742215636739,642.0742215636739,642.0742215636739,642.0742215636739,0.0,0.0,0.0,6557.059135945276
2023-08-21,5914.474327035339,-768.8712096646287,12365.319038102161,5914.474327035339,5914.474327035339,-83.11677715016462,-83.11677715016462,-83.11677715016462,-83.11677715016462,-83.11677715016462,-83.11677715016462,0.0,0.0,0.0,5831.357549885174
2023-08-22,5913.9637396890785,-768.1763470608669,11744.05591136628,5913.9637396890785,5913.9637396890785,-604.2459510543163,-604.2459510543163,-604.2459510543163,-604.2459510543163,-604.2459510543163,-604.2459510543163,0.0,0.0,0.0,5309.717788634762
2023-08-23,5913.453152342817,-592.4462139318424,11605.960716191816,5913.453152342817,5913.453152342817,-199.9511142103024,-199.9511142103024,-199.9511142103024,-199.9511142103024,-199.9511142103024,-199.9511142103024,0.0,0.0,0.0,5713.502038132515
2023-08-24,5912.942564996555,-202.39706071072743,12390.631266095932,5912.942564996555,5912.942564996555,42.12684976877896,42.12684976877896,42.12684976877896,42.12684976877896,42.12684976877896,42.12684976877896,0.0,0.0,0.0,5955.069414765334
2023-08-25,5912.431977650294,-174.5962155348769,12438.12396960771,5912.431977650294,5912.431977650294,147.3299989633154,147.3299989633154,147.3299989633154,147.3299989633154,147.3299989633154,147.3299989633154,0.0,0.0,0.0,6059.7619766136095
2023-08-26,5911.921390304034,-180.2507107940969,12569.358419326847,5911.921390304034,5911.921390304034,55.78277211839021,55.78277211839021,55.78277211839021,55.78277211839021,55.78277211839021,55.78277211839021,0.0,0.0,0.0,5967.704162422424
2023-08-27,5911.410802957772,-47.4633368952032,12596.858945246911,5911.410802957772,5911.410802957772,642.0742215628952,642.0742215628952,642.0742215628952,642.0742215628952,642.0742215628952,642.0742215628952,0.0,0.0,0.0,6553.485024520667
2023-08-28,5910.90021561151,-221.7976597903144,12168.054393930643,5910.90021561151,5910.90021561151,-83.11677715150176,-83.11677715150176,-83.11677715150176,-83.11677715150176,-83.11677715150176,-83.11677715150176,0.0,0.0,0.0,5827.783438460008
2023-08-29,5910.3896282652495,-1054.132098677957,11590.339741268768,5910.3896282652495,5910.3896282652495,-604.2459510535931,-604.2459510535931,-604.2459510535931,-604.2459510535931,-604.2459510535931,-604.2459510535931,0.0,0.0,0.0,5306.143677211657
2023-08-30,5909.879040918989,-624.3206656061993,11910.384235491247,5909.879040918989,5909.879040918989,-199.95111420961646,-199.95111420961646,-199.95111420961646,-199.95111420961646,-199.95111420961646,-199.95111420961646,0.0,0.0,0.0,5709.9279267093725
2023-08-31,5909.392203996186,-446.24006492223924,12135.066092092173,5909.392203996186,5909.392203996186,42.12684976915732,42.12684976915732,42.12684976915732,42.12684976915732,42.12684976915732,42.12684976915732,0.0,0.0,0.0,5951.519053765343
2023-09-01,5908.905367073384,362.8254047654997,12376.707793482175,5908.905367073384,5908.905367073384,147.3299989629966,147.3299989629966,147.3299989629966,147.3299989629966,147.3299989629966,147.3299989629966,0.0,0.0,0.0,6056.235366036381
2023-09-02,5908.41853015058,176.60474051372432,11941.468150984345,5908.41853015058,5908.41853015058,55.7827721187676,55.7827721187676,55.7827721187676,55.7827721187676,55.7827721187676,55.7827721187676,0.0,0.0,0.0,5964.201302269348
2023-09-03,5907.931693227778,428.4145986334921,12913.000892716676,5907.931693227778,5907.931693227778,642.0742215633276,642.0742215633276,642.0742215633276,642.0742215633276,642.0742215633276,642.0742215633276,0.0,0.0,0.0,6550.005914791105
2023-09-04,5907.4448563049755,64.87660432211398,12396.96649623322,5907.4448563049755,5907.4448563049755,-83.11677715191729,-83.11677715191729,-83.11677715191729,-83.11677715191729,-83.11677715191729,-83.11677715191729,0.0,0.0,0.0,5824.328079153058
2023-09-05,5906.958019382174,-387.5071864291528,11619.073880958895,5906.958019382174,5906.958019382174,-604.2459510544744,-604.2459510544744,-604.2459510544744,-604.2459510544744,-604.2459510544744,-604.2459510544744,0.0,0.0,0.0,5302.7120683277
2023-09-06,5906.471182459371,-815.1226176759204,11539.56208079022,5906.471182459371,5906.471182459371,-199.95111420893045,-199.95111420893045,-199.95111420893045,-199.95111420893045,-199.95111420893045,-199.95111420893045,0.0,0.0,0.0,5706.520068250441
2023-09-07,5905.984345536569,-1006.6421991247221,12436.53970708212,5905.984345536569,5905.984345536569,42.12684976832314,42.12684976832314,42.12684976832314,42.12684976832314,42.12684976832314,42.12684976832314,0.0,0.0,0.0,5948.111195304892
2023-09-08,5905.497508613766,31.440392487289284,11880.2269355203,5905.497508613766,5905.497508613766,147.32999896267785,147.32999896267785,147.32999896267785,147.32999896267785,147.32999896267785,147.32999896267785,0.0,0.0,0.0,6052.827507576443
2023-09-09,5905.010671690963,-390.98793128816504,11947.9025167543,5905.010671690963,5905.010671690963,55.78277211897537,55.78277211897537,55.78277211897537,55.78277211897537,55.78277211897537,55.78277211897537,0.0,0.0,0.0,5960.793443809938
2023-09-10,5904.523834768161,404.0346990109723,12605.166769843197,5904.523834768161,5904.523834768161,642.0742215631544,642.0742215631544,642.0742215631544,642.0742215631544,642.0742215631544,642.0742215631544,0.0,0.0,0.0,6546.598056331315
2023-09-11,5904.036997845358,-86.89800729474399,12414.269264865758,5904.036997845358,5904.036997845358,-83.11677714981074,-83.11677714981074,-83.11677714981074,-83.11677714981074,-83.11677714981074,-83.11677714981074,0.0,0.0,0.0,5820.920220695548
2023-09-12,5903.550160922556,-721.0703971784907,11357.008492874887,5903.550160922556,5903.550160922556,-604.2459510537511,-604.2459510537511,-604.2459510537511,-604.2459510537511,-604.2459510537511,-604.2459510537511,0.0,0.0,0.0,5299.304209868805
2023-09-13,5903.063323999754,-649.6324597967932,12103.422738840032,5903.063323999754,5903.063323999754,-199.95111420824458,-199.95111420824458,-199.95111420824458,-199.95111420824458,-199.95111420824458,-199.95111420824458,0.0,0.0,0.0,5703.1122097915095
2023-09-14,5902.576487076951,-383.789362485893,11893.085988717145,5902.576487076951,5902.576487076951,42.126849768909466,42.126849768909466,42.126849768909466,42.126849768909466,42.126849768909466,42.126849768909466,0.0,0.0,0.0,5944.703336845861
2023-09-16,5901.602813231346,-551.9627575641948,12195.836693159412,5901.602813231346,5901.602813231346,55.7827721174872,55.7827721174872,55.7827721174872,55.7827721174872,55.7827721174872,55.7827721174872,0.0,0.0,0.0,5957.385585348833
2023-09-17,5901.115976308543,47.886787339178,12698.210997077122,5901.115976308543,5901.115976308543,642.0742215629815,642.0742215629815,642.0742215629815,642.0742215629815,642.0742215629815,642.0742215629815,0.0,0.0,0.0,6543.190197871525
2023-09-18,5900.629139385741,-251.32987841410238,12277.419214189944,5900.629139385741,5900.629139385741,-83.11677714930448,-83.11677714930448,-83.11677714930448,-83.11677714930448,-83.11677714930448,-83.11677714930448,0.0,0.0,0.0,5817.512362236436
2023-09-19,5900.214168858928,-888.1810097277017,11904.269655046892,5900.214168858928,5900.214168858928,-604.2459510551386,-604.2459510551386,-604.2459510551386,-604.2459510551386,-604.2459510551386,-604.2459510551386,0.0,0.0,0.0,5295.968217803789
2023-09-20,5899.799198332115,-618.4612310676507,12295.445123880105,5899.799198332115,5899.799198332115,-199.95111420853834,-199.95111420853834,-199.95111420853834,-199.95111420853834,-199.95111420853834,-199.95111420853834,0.0,0.0,0.0,5699.848084123577
2023-09-22,5898.96925727849,-131.33113899954407,12184.779124360342,5898.96925727849,5898.96925727849,147.32999896311975,147.32999896311975,147.32999896311975,147.32999896311975,147.32999896311975,147.32999896311975,0.0,0.0,0.0,6046.299256241609
2023-09-23,5898.554286751677,-618.7453696756777,12128.336677352037,5898.554286751677,5898.554286751677,55.78277211769493,55.78277211769493,55.78277211769493,55.78277211769493,55.78277211769493,55.78277211769493,0.0,0.0,0.0,5954.3370588693715
2023-09-24,5898.139316224864,335.73157798557867,12675.333679611773,5898.139316224864,5898.139316224864,642.0742215628085,642.0742215628085,642.0742215628085,642.0742215628085,642.0742215628085,642.0742215628085,0.0,0.0,0.0,6540.213537787673
2023-09-26,5897.309375171239,-778.5709463885013,11934.646595765222,5897.309375171239,5897.309375171239,-604.2459510544155,-604.2459510544155,-604.2459510544155,-604.2459510544155,-604.2459510544155,-604.2459510544155,0.0,0.0,0.0,5293.063424116823
2023-09-29,5896.0644635908,-596.7512412888506,12298.105468336496,5896.0644635908,5896.0644635908,147.32999896340107,147.32999896340107,147.32999896340107,147.32999896340107,147.32999896340107,147.32999896340107,0.0,0.0,0.0,6043.394462554201
2023-09-30,5895.649493063987,455.574304866572,12433.225792828982,5895.649493063987,5895.649493063987,55.78277211824184,55.78277211824184,55.78277211824184,55.78277211824184,55.78277211824184,55.78277211824184,0.0,0.0,0.0,5951.4322651822295
2023-10-01,5895.234522537175,531.8308971824273,12666.344483650342,5895.234522537175,5895.234522537175,642.074221563241,642.074221563241,642.074221563241,642.074221563241,642.074221563241,642.074221563241,0.0,0.0,0.0,6537.308744100415
2023-10-02,5894.819552010362,-50.3816990349384,11578.473961303647,5894.819552010362,5894.819552010362,-83.11677715105711,-83.11677715105711,-83.11677715105711,-83.11677715105711,-83.11677715105711,-83.11677715105711,0.0,0.0,0.0,5811.702774859305
2023-10-04,5893.989610956736,-232.3220623935853,12052.154360798546,5893.989610956736,5893.989610956736,-199.9511142106957,-199.9511142106957,-199.9511142106957,-199.9511142106957,-199.9511142106957,-199.9511142106957,0.0,0.0,0.0,5694.03849674604
2023-10-06,5893.159669903111,52.335886987641196,11965.760937729563,5893.159669903111,5893.159669903111,147.32999896308226,147.32999896308226,147.32999896308226,147.32999896308226,147.32999896308226,147.32999896308226,0.0,0.0,0.0,6040.489668866193
2023-10-07,5892.744699376297,-433.93592804755576,12176.895694359437,5892.744699376297,5892.744699376297,55.78277211844961,55.78277211844961,55.78277211844961,55.78277211844961,55.78277211844961,55.78277211844961,0.0,0.0,0.0,5948.527471494746
2023-10-08,5892.329728849485,591.7802724052084,12770.500177410473,5892.329728849485,5892.329728849485,642.0742215632617,642.0742215632617,642.0742215632617,642.0742215632617,642.0742215632617,642.0742215632617,0.0,0.0,0.0,6534.403950412747
2023-10-09,5891.914758322672,-79.16547250472375,11712.058776724134,5891.914758322672,5891.914758322672,-83.11677714802887,-83.11677714802887,-83.11677714802887,-83.11677714802887,-83.11677714802887,-83.11677714802887,0.0,0.0,0.0,5808.797981174644
2023-10-11,5891.084817269047,-444.74275892585814,12008.78250881901,5891.084817269047,5891.084817269047,-199.95111420903,-199.95111420903,-199.95111420903,-199.95111420903,-199.95111420903,-199.95111420903,0.0,0.0,0.0,5691.133703060017
2023-10-13,5890.254876215421,-412.8604043586551,12127.151292091992,5890.254876215421,5890.254876215421,147.32999896354295,147.32999896354295,147.32999896354295,147.32999896354295,147.32999896354295,147.32999896354295,0.0,0.0,0.0,6037.584875178964
2023-10-16,5889.009964634982,-859.7985350359775,11758.280069562627,5889.009964634982,5889.009964634982,-83.11677714844433,-83.11677714844433,-83.11677714844433,-83.11677714844433,-83.11677714844433,-83.11677714844433,0.0,0.0,0.0,5805.8931874865375
2023-10-18,5888.180752246635,-183.48642743855675,11844.90482924659,5888.180752246635,5888.180752246635,-199.95111420932375,-199.95111420932375,-199.95111420932375,-199.95111420932375,-199.95111420932375,-199.95111420932375,0.0,0.0,0.0,5688.229638037312
2023-10-19,5887.766146052462,-161.10014156028518,12079.547292989939,5887.766146052462,5887.766146052462,42.12684976808192,42.12684976808192,42.12684976808192,42.12684976808192,42.12684976808192,42.12684976808192,0.0,0.0,0.0,5929.8929958205445
2023-10-20,5887.3515398582895,284.4655543390785,12632.537480996425,5887.3515398582895,5887.3515398582895,147.32999896322409,147.32999896322409,147.32999896322409,147.32999896322409,147.32999896322409,147.32999896322409,0.0,0.0,0.0,6034.681538821514
2023-10-21,5886.936933664116,-424.69561894260534,12213.851613692532,5886.936933664116,5886.936933664116,55.782772119204296,55.782772119204296,55.782772119204296,55.782772119204296,55.782772119204296,55.782772119204296,0.0,0.0,0.0,5942.71970578332
2023-10-22,5886.522327469943,832.6186260437235,12738.812372266628,5886.522327469943,5886.522327469943,642.0742215629158,642.0742215629158,642.0742215629158,642.0742215629158,642.0742215629158,642.0742215629158,0.0,0.0,0.0,6528.596549032859
2023-10-23,5886.10772127577,-90.01054644168993,11838.359112761998,5886.10772127577,5886.10772127577,-83.11677714885982,-83.11677714885982,-83.11677714885982,-83.11677714885982,-83.11677714885982,-83.11677714885982,0.0,0.0,0.0,5802.99094412691
2023-10-24,5885.693115081596,-1246.698865628228,11640.595180125829,5885.693115081596,5885.693115081596,-604.2459510541825,-604.2459510541825,-604.2459510541825,-604.2459510541825,-604.2459510541825,-604.2459510541825,0.0,0.0,0.0,5281.447164027414
2023-10-25,5885.278508887423,-509.77307134644815,11464.454315489307,5885.278508887423,5885.278508887423,-199.95111420961754,-199.95111420961754,-199.95111420961754,-199.95111420961754,-199.95111420961754,-199.95111420961754,0.0,0.0,0.0,5685.327394677806
2023-10-26,5884.863902693251,-808.3389849818032,12283.783967978887,5884.863902693251,5884.863902693251,42.12684976866824,42.12684976866824,42.12684976866824,42.12684976866824,42.12684976866824,42.12684976866824,0.0,0.0,0.0,5926.990752461918
2023-10-28,5884.034690304904,-318.28595693359057,12013.094942726746,5884.034690304904,5884.034690304904,55.78277211941199,55.78277211941199,55.78277211941199,55.78277211941199,55.78277211941199,55.78277211941199,0.0,0.0,0.0,5939.817462424316
2023-10-29,5883.620084110731,174.98350209120838,13230.133988765057,5883.620084110731,5883.620084110731,642.0742215633484,642.0742215633484,642.0742215633484,642.0742215633484,642.0742215633484,642.0742215633484,0.0,0.0,0.0,6525.694305674079
2023-10-31,5882.790871722384,-946.140534177824,11530.299726526673,5882.790871722384,5882.790871722384,-604.2459510534594,-604.2459510534594,-604.2459510534594,-604.2459510534594,-604.2459510534594,-604.2459510534594,0.0,0.0,0.0,5278.5449206689245
2023-11-03,5881.547053139864,-335.19904536002525,12219.50519677344,5881.547053139864,5881.547053139864,147.32999896318668,147.32999896318668,147.32999896318668,147.32999896318668,147.32999896318668,147.32999896318668,0.0,0.0,0.0,6028.877052103051
2023-11-04,5881.132446945691,-414.21838781904165,12149.118731171713,5881.132446945691,5881.132446945691,55.78277211792382,55.78277211792382,55.78277211792382,55.78277211792382,55.78277211792382,55.78277211792382,0.0,0.0,0.0,5936.915219063615
2023-11-05,5880.7178407515175,449.7320286708996,13046.779474049841,5880.7178407515175,5880.7178407515175,642.0742215627635,642.0742215627635,642.0742215627635,642.0742215627635,642.0742215627635,642.0742215627635,0.0,0.0,0.0,6522.792062314281
2023-11-06,5880.303234557345,-125.62661677388017,11900.607831013642,5880.303234557345,5880.303234557345,-83.11677715061249,-83.11677715061249,-83.11677715061249,-83.11677715061249,-83.11677715061249,-83.11677715061249,0.0,0.0,0.0,5797.186457406732
2023-11-08,5879.474022168998,-143.1528229203127,12076.53648586651,5879.474022168998,5879.474022168998,-199.9511142082457,-199.9511142082457,-199.9511142082457,-199.9511142082457,-199.9511142082457,-199.9511142082457,0.0,0.0,0.0,5679.5229079607525
2023-11-09,5879.059415974825,-388.2635441839244,12059.10474981307,5879.059415974825,5879.059415974825,42.12684976821245,42.12684976821245,42.12684976821245,42.12684976821245,42.12684976821245,42.12684976821245,0.0,0.0,0.0,5921.186265743037
2023-11-10,5878.690939885983,-157.57340391188905,12312.638092806385,5878.690939885983,5878.690939885983,147.32999896316792,147.32999896316792,147.32999896316792,147.32999896316792,147.32999896316792,147.32999896316792,0.0,0.0,0.0,6026.020938849151
2023-11-11,5878.322463797142,-550.3908041853247,11768.73169334228,5878.322463797142,5878.322463797142,55.782772118131554,55.782772118131554,55.782772118131554,55.782772118131554,55.782772118131554,55.782772118131554,0.0,0.0,0.0,5934.105235915273
2023-11-12,5877.953987708301,-49.73080095364877,12935.849225292732,5877.953987708301,5877.953987708301,642.0742215631959,642.0742215631959,642.0742215631959,642.0742215631959,642.0742215631959,642.0742215631959,0.0,0.0,0.0,6520.028209271497
2023-11-13,5877.58551161946,-548.8387955827825,12199.835712673448,5877.58551161946,5877.58551161946,-83.1167771501062,-83.1167771501062,-83.1167771501062,-83.1167771501062,-83.1167771501062,-83.1167771501062,0.0,0.0,0.0,5794.468734469354
2023-11-15,5876.848559441776,-654.5790133161172,11281.075440697128,5876.848559441776,5876.848559441776,-199.95111421010927,-199.95111421010927,-199.95111421010927,-199.95111421010927,-199.95111421010927,-199.95111421010927,0.0,0.0,0.0,5676.897445231667
2023-11-16,5876.480083352935,-805.8466407303038,12168.75105244159,5876.480083352935,5876.480083352935,42.12684976808852,42.12684976808852,42.12684976808852,42.12684976808852,42.12684976808852,42.12684976808852,0.0,0.0,0.0,5918.606933121024
2023-11-19,5875.374655086411,387.50272758816254,12875.763313070334,5875.374655086411,5875.374655086411,642.0742215636285,642.0742215636285,642.0742215636285,642.0742215636285,642.0742215636285,642.0742215636285,0.0,0.0,0.0,6517.448876650039
2023-11-20,5875.00617899757,-250.6197644497929,11894.87340073002,5875.00617899757,5875.00617899757,-83.1167771479997,-83.1167771479997,-83.1167771479997,-83.1167771479997,-83.1167771479997,-83.1167771479997,0.0,0.0,0.0,5791.88940184957
2023-11-21,5874.637702908728,-868.8226349106535,11707.286386062668,5874.637702908728,5874.637702908728,-604.2459510544558,-604.2459510544558,-604.2459510544558,-604.2459510544558,-604.2459510544558,-604.2459510544558,0.0,0.0,0.0,5270.391751854272
2023-11-22,5874.269226819886,-632.8943714688036,11425.836421383123,5874.269226819886,5874.269226819886,-199.95111420942328,-199.95111420942328,-199.95111420942328,-199.95111420942328,-199.95111420942328,-199.95111420942328,0.0,0.0,0.0,5674.318112610463
2023-11-23,5873.900750731045,-250.80938719987338,12236.704622304027,5873.900750731045,5873.900750731045,42.126849768674845,42.126849768674845,42.126849768674845,42.126849768674845,42.126849768674845,42.126849768674845,0.0,0.0,0.0,5916.02760049972
2023-11-24,5873.532274642203,-186.55570852419717,12012.659437848964,5873.532274642203,5873.532274642203,147.32999896313044,147.32999896313044,147.32999896313044,147.32999896313044,147.32999896313044,147.32999896313044,0.0,0.0,0.0,6020.862273605334
2023-11-25,5873.163798553362,151.72734130820982,12323.486053375173,5873.163798553362,5873.163798553362,55.78277211888623,55.78277211888623,55.78277211888623,55.78277211888623,55.78277211888623,55.78277211888623,0.0,0.0,0.0,5928.946570672248
2023-11-26,5872.795322464521,490.3036297938741,12712.657897971243,5872.795322464521,5872.795322464521,642.0742215628499,642.0742215628499,642.0742215628499,642.0742215628499,642.0742215628499,642.0742215628499,0.0,0.0,0.0,6514.8695440273705
2023-11-27,5872.426846375679,-357.9629709319682,11701.334373236936,5872.426846375679,5872.426846375679,-83.11677714841514,-83.11677714841514,-83.11677714841514,-83.11677714841514,-83.11677714841514,-83.11677714841514,0.0,0.0,0.0,5789.310069227264
2023-11-28,5872.058370286838,-1213.3152097291834,11339.349413668499,5872.058370286838,5872.058370286838,-604.2459510537327,-604.2459510537327,-604.2459510537327,-604.2459510537327,-604.2459510537327,-604.2459510537327,0.0,0.0,0.0,5267.812419233105
2023-11-29,5871.689894197996,-1035.9115302713174,11411.403651178041,5871.689894197996,5871.689894197996,-199.95111420873732,-199.95111420873732,-199.95111420873732,-199.95111420873732,-199.95111420873732,-199.95111420873732,0.0,0.0,0.0,5671.738779989259
2023-11-30,5871.321418109154,29.37209086917175,12464.47085872215,5871.321418109154,5871.321418109154,42.12684976926119,42.12684976926119,42.12684976926119,42.12684976926119,42.12684976926119,42.12684976926119,0.0,0.0,0.0,5913.448267878415
2023-12-01,5871.052019026375,35.443604532717174,12244.157254841744,5871.052019026375,5871.052019026375,147.32999896329105,147.32999896329105,147.32999896329105,147.32999896329105,147.32999896329105,147.32999896329105,0.0,0.0,0.0,6018.382017989667
2023-12-03,5870.5132208608175,160.61214292513276,12904.270671143458,5870.5132208608175,5870.5132208608175,642.0742215632823,642.0742215632823,642.0742215632823,642.0742215632823,642.0742215632823,642.0742215632823,0.0,0.0,0.0,6512.5874424241
2023-12-04,5870.243821778038,-601.4601427441942,11655.973236222806,5870.243821778038,5870.243821778038,-83.11677714975235,-83.11677714975235,-83.11677714975235,-83.11677714975235,-83.11677714975235,-83.11677714975235,0.0,0.0,0.0,5787.127044628286
2023-12-06,5869.70502361248,-952.3149524347951,11847.148112043773,5869.70502361248,5869.70502361248,-199.95111421060085,-199.95111421060085,-199.95111421060085,-199.95111421060085,-199.95111421060085,-199.95111421060085,0.0,0.0,0.0,5669.753909401878
2023-12-07,5869.4356245297,-152.6388624397332,12034.413109432982,5869.4356245297,5869.4356245297,42.126849768427014,42.126849768427014,42.126849768427014,42.126849768427014,42.126849768427014,42.126849768427014,0.0,0.0,0.0,5911.562474298127
2023-12-08,5869.166225446921,80.8373315181898,12127.17630549476,5869.166225446921,5869.166225446921,147.32999896327226,147.32999896327226,147.32999896327226,147.32999896327226,147.32999896327226,147.32999896327226,0.0,0.0,0.0,6016.4962244101935
2023-12-09,5868.896826364143,-116.38190203572448,12309.535189640428,5868.896826364143,5868.896826364143,55.78277211777541,55.78277211777541,55.78277211777541,55.78277211777541,55.78277211777541,55.78277211777541,0.0,0.0,0.0,5924.679598481918
2023-12-10,5868.6274272813625,-21.233208542742247,12697.674658534297,5868.6274272813625,5868.6274272813625,642.0742215631094,642.0742215631094,642.0742215631094,642.0742215631094,642.0742215631094,642.0742215631094,0.0,0.0,0.0,6510.7016488444715
2023-12-11,5868.358028198583,81.70819329156267,11699.375370861235,5868.358028198583,5868.358028198583,-83.1167771510895,-83.1167771510895,-83.1167771510895,-83.1167771510895,-83.1167771510895,-83.1167771510895,0.0,0.0,0.0,5785.241251047494
2023-12-12,5868.088629115805,-961.6231322407847,11144.601734719934,5868.088629115805,5868.088629115805,-604.2459510538907,-604.2459510538907,-604.2459510538907,-604.2459510538907,-604.2459510538907,-604.2459510538907,0.0,0.0,0.0,5263.842678061914
2023-12-13,5867.819230033026,-318.4922154678137,11603.14861627804,5867.819230033026,5867.819230033026,-199.95111420991492,-199.95111420991492,-199.95111420991492,-199.95111420991492,-199.95111420991492,-199.95111420991492,0.0,0.0,0.0,5667.868115823111
2023-12-16,5867.011032784688,-636.0480345017257,11926.6232549241,5867.011032784688,5867.011032784688,55.78277211815267,55.78277211815267,55.78277211815267,55.78277211815267,55.78277211815267,55.78277211815267,0.0,0.0,0.0,5922.793804902841
2023-12-17,5866.7416337019085,248.57993399876736,12896.530749202453,5866.7416337019085,5866.7416337019085,642.0742215631302,642.0742215631302,642.0742215631302,642.0742215631302,642.0742215631302,642.0742215631302,0.0,0.0,0.0,6508.815855265038
2023-12-18,5866.47223461913,-859.1138930881218,11759.993146674371,5866.47223461913,5866.47223461913,-83.11677715058329,-83.11677715058329,-83.11677715058329,-83.11677715058329,-83.11677715058329,-83.11677715058329,0.0,0.0,0.0,5783.355457468547
2023-12-19,5866.202835536351,-746.3603369273773,11650.59569900447,5866.202835536351,5866.202835536351,-604.245951055278,-604.245951055278,-604.245951055278,-604.245951055278,-604.245951055278,-604.245951055278,0.0,0.0,0.0,5261.956884481073
2023-12-20,5865.933436453572,-531.9145042491125,11911.661723207757,5865.933436453572,5865.933436453572,-199.95111421020866,-199.95111421020866,-199.95111421020866,-199.95111421020866,-199.95111421020866,-199.95111421020866,0.0,0.0,0.0,5665.982322243363
2023-12-21,5865.664037370792,59.211431106971744,12203.50043281877,5865.664037370792,5865.664037370792,42.12684976888941,42.12684976888941,42.12684976888941,42.12684976888941,42.12684976888941,42.12684976888941,0.0,0.0,0.0,5907.790887139682
2023-12-23,5865.125239205235,267.78454720386253,12047.20994027578,5865.125239205235,5865.125239205235,55.782772118360434,55.782772118360434,55.782772118360434,55.782772118360434,55.782772118360434,55.782772118360434,0.0,0.0,0.0,5920.908011323595
2023-12-25,5864.586445524965,-923.6846661943739,11847.823306531474,5864.586445524965,5864.586445524965,-83.11677715192049,-83.11677715192049,-83.11677715192049,-83.11677715192049,-83.11677715192049,-83.11677715192049,0.0,0.0,0.0,5781.469668373044
2023-12-26,5864.31704868483,-1166.6871656767482,11432.20092602495,5864.31704868483,5864.31704868483,-604.2459510545549,-604.2459510545549,-604.2459510545549,-604.2459510545549,-604.2459510545549,-604.2459510545549,0.0,0.0,0.0,5260.071097630275
2023-12-28,5863.77825500456,-432.4611426285237,12005.966731549794,5863.77825500456,5863.77825500456,42.12684976855752,42.12684976855752,42.12684976855752,42.12684976855752,42.12684976855752,42.12684976855752,0.0,0.0,0.0,5905.905104773118
2023-12-29,5863.508858164426,-32.84066241564908,12542.269106103458,5863.508858164426,5863.508858164426,147.329998962916,147.329998962916,147.329998962916,147.329998962916,147.329998962916,147.329998962916,0.0,0.0,0.0,6010.838857127342
2023-12-30,5863.239461324291,-605.9225897952223,11989.260406065125,5863.239461324291,5863.239461324291,55.78277211890739,55.78277211890739,55.78277211890739,55.78277211890739,55.78277211890739,55.78277211890739,0.0,0.0,0.0,5919.022233443199
2024-01-01,5862.700667644021,-630.0158382869687,11424.350993817943,5862.700667644021,5862.700667644021,-83.11677715233593,-83.11677715233593,-83.11677715233593,-83.11677715233593,-83.11677715233593,-83.11677715233593,0.0,0.0,0.0,5779.583890491685
2024-01-02,5862.431270803887,-685.4754009505608,11355.368121213096,5862.431270803887,5862.431270803887,-604.2459510543808,-604.2459510543808,-604.2459510543808,-604.2459510543808,-604.2459510543808,-604.2459510543808,0.0,0.0,0.0,5258.185319749506
2024-01-03,5862.161873963752,-594.5206150669791,12317.811411746708,5862.161873963752,5862.161873963752,-199.9511142098166,-199.9511142098166,-199.9511142098166,-199.9511142098166,-199.9511142098166,-199.9511142098166,0.0,0.0,0.0,5662.210759753936
2024-01-04,5861.892477123617,-147.65511625178323,12002.079892647447,5861.892477123617,5861.892477123617,42.12684976843359,42.12684976843359,42.12684976843359,42.12684976843359,42.12684976843359,42.12684976843359,0.0,0.0,0.0,5904.01932689205
2024-01-05,5861.6230802834825,173.48209493082715,12324.23074823265,5861.6230802834825,5861.6230802834825,147.32999896367667,147.32999896367667,147.32999896367667,147.32999896367667,147.32999896367667,147.32999896367667,0.0,0.0,0.0,6008.95307924716
2024-01-06,5861.353683443348,-20.297994546379552,12160.743530736969,5861.353683443348,5861.353683443348,55.78277211911513,55.78277211911513,55.78277211911513,55.78277211911513,55.78277211911513,55.78277211911513,0.0,0.0,0.0,5917.136455562463
2024-01-07,5861.084286603213,273.489234235625,12955.189864602919,5861.084286603213,5861.084286603213,642.0742215632166,642.0742215632166,642.0742215632166,642.0742215632166,642.0742215632166,642.0742215632166,0.0,0.0,0.0,6503.158508166429
2024-01-08,5860.814889763078,-809.6120095034595,11934.400465067127,5860.814889763078,5860.814889763078,-83.11677714930768,-83.11677714930768,-83.11677714930768,-83.11677714930768,-83.11677714930768,-83.11677714930768,0.0,0.0,0.0,5777.698112613771
2024-01-09,5860.545492922944,-1180.0536803468606,11603.927497252846,5860.545492922944,5860.545492922944,-604.2459510547131,-604.2459510547131,-604.2459510547131,-604.2459510547131,-604.2459510547131,-604.2459510547131,0.0,0.0,0.0,5256.29954186823
2024-01-10,5860.276096082809,-906.6460778580695,11975.3371797284,5860.276096082809,5860.276096082809,-199.9511142081509,-199.9511142081509,-199.9511142081509,-199.9511142081509,-199.9511142081509,-199.9511142081509,0.0,0.0,0.0,5660.324981874658
2024-01-11,5860.006699242674,-821.9727561739453,12253.845059901056,5860.006699242674,5860.006699242674,42.126849769019934,42.126849769019934,42.126849769019934,42.126849769019934,42.126849769019934,42.126849769019934,0.0,0.0,0.0,5902.1335490116935
2024-01-12,5859.737302402539,-298.4604393469761,12231.287282583853,5859.737302402539,5859.737302402539,147.3299989633579,147.3299989633579,147.3299989633579,147.3299989633579,147.3299989633579,147.3299989633579,0.0,0.0,0.0,6007.067301365897
2024-01-13,5859.467905562405,-206.85884571795688,12316.786460004798,5859.467905562405,5859.467905562405,55.78277211762686,55.78277211762686,55.78277211762686,55.78277211762686,55.78277211762686,55.78277211762686,0.0,0.0,0.0,5915.250677680032
2024-01-14,5859.198525605788,177.56838540764548,12415.846773729463,5859.198525605788,5859.198525605788,642.0742215636491,642.0742215636491,642.0742215636491,642.0742215636491,642.0742215636491,642.0742215636491,0.0,0.0,0.0,6501.272747169437
2024-01-15,5858.929145649171,-421.4848996279932,12197.400671727237,5858.929145649171,5858.929145649171,-83.11677714972312,-83.11677714972312,-83.11677714972312,-83.11677714972312,-83.11677714972312,-83.11677714972312,0.0,0.0,0.0,5775.812368499448
2024-01-16,5858.659765692554,-949.3435430657039,11331.906396040726,5858.659765692554,5858.659765692554,-604.2459510550451,-604.2459510550451,-604.2459510550451,-604.2459510550451,-604.2459510550451,-604.2459510550451,0.0,0.0,0.0,5254.413814637509
2024-01-17,5858.390385735937,-854.4516857388136,12255.565377164417,5858.390385735937,5858.390385735937,-199.9511142084447,-199.9511142084447,-199.9511142084447,-199.9511142084447,-199.9511142084447,-199.9511142084447,0.0,0.0,0.0,5658.439271527493
2024-01-18,5858.1210057793205,-452.4799852234178,12167.60269049821,5858.1210057793205,5858.1210057793205,42.12684976889604,42.12684976889604,42.12684976889604,42.12684976889604,42.12684976889604,42.12684976889604,0.0,0.0,0.0,5900.247855548217
2024-01-19,5857.851625822704,-3.132789566864183,12150.898073061084,5857.851625822704,5857.851625822704,147.32999896303915,147.32999896303915,147.32999896303915,147.32999896303915,147.32999896303915,147.32999896303915,0.0,0.0,0.0,6005.181624785743
2024-01-20,5857.582245866087,-424.8855112906927,11834.089617915986,5857.582245866087,5857.582245866087,55.78277211800428,55.78277211800428,55.78277211800428,55.78277211800428,55.78277211800428,55.78277211800428,0.0,0.0,0.0,5913.3650179840915
2024-01-22,5857.043485952853,-856.9319719737124,11962.437599422883,5857.043485952853,5857.043485952853,-83.1167771501386,-83.1167771501386,-83.1167771501386,-83.1167771501386,-83.1167771501386,-83.1167771501386,0.0,0.0,0.0,5773.9267088027145
2024-01-23,5856.774105996236,-1305.3978458190986,11336.4269401075,5856.774105996236,5856.774105996236,-604.2459510543221,-604.2459510543221,-604.2459510543221,-604.2459510543221,-604.2459510543221,-604.2459510543221,0.0,0.0,0.0,5252.528154941914
2024-01-24,5856.50472603962,-651.1214547489989,11408.000678649547,5856.50472603962,5856.50472603962,-199.9511142103082,-199.9511142103082,-199.9511142103082,-199.9511142103082,-199.9511142103082,-199.9511142103082,0.0,0.0,0.0,5656.553611829312
2024-01-25,5856.235346083004,178.30127877591747,12392.02636183145,5856.235346083004,5856.235346083004,42.126849769482355,42.126849769482355,42.126849769482355,42.126849769482355,42.126849769482355,42.126849769482355,0.0,0.0,0.0,5898.362195852486
2024-01-27,5855.696586169769,-409.30974024239373,12359.552026200581,5855.696586169769,5855.696586169769,55.78277211838162,55.78277211838162,55.78277211838162,55.78277211838162,55.78277211838162,55.78277211838162,0.0,0.0,0.0,5911.47935828815
2024-01-28,5855.427206213152,415.5203258914361,12441.652311660462,5855.427206213152,5855.427206213152,642.0742215633029,642.0742215633029,642.0742215633029,642.0742215633029,642.0742215633029,642.0742215633029,0.0,0.0,0.0,6497.501427776455
2024-01-29,5855.157826256535,-767.4869230162346,11486.574247621957,5855.157826256535,5855.157826256535,-83.11677714711034,-83.11677714711034,-83.11677714711034,-83.11677714711034,-83.11677714711034,-83.11677714711034,0.0,0.0,0.0,5772.041049109425
2024-01-30,5854.8884462999185,-346.7687237960035,11786.389595512896,5854.8884462999185,5854.8884462999185,-604.2459510535989,-604.2459510535989,-604.2459510535989,-604.2459510535989,-604.2459510535989,-604.2459510535989,0.0,0.0,0.0,5250.642495246319
2024-01-31,5854.619066343302,-761.0771244108629,11568.299969702059,5854.619066343302,5854.619066343302,-199.95111420962223,-199.95111420962223,-199.95111420962223,-199.95111420962223,-199.95111420962223,-199.95111420962223,0.0,0.0,0.0,5654.667952133679
2024-02-01,5854.349686386685,-304.4621768048397,11876.823359567132,5854.349686386685,5854.349686386685,42.12684976772997,42.12684976772997,42.12684976772997,42.12684976772997,42.12684976772997,42.12684976772997,0.0,0.0,0.0,5896.476536154415
2024-02-03,5853.810926473451,-483.7117659704736,12323.942364430506,5853.810926473451,5853.810926473451,55.78277211858935,55.78277211858935,55.78277211858935,55.78277211858935,55.78277211858935,55.78277211858935,0.0,0.0,0.0,5909.593698592041
2024-02-04,5853.541550835941,-250.08827837023634,12903.502414590987,5853.541550835941,5853.541550835941,642.0742215633237,642.0742215633237,642.0742215633237,642.0742215633237,642.0742215633237,642.0742215633237,0.0,0.0,0.0,6495.615772399265
2024-02-05,5853.27217519843,-376.71289130473934,12052.856674205084,5853.27217519843,5853.27217519843,-83.11677714844758,-83.11677714844758,-83.11677714844758,-83.11677714844758,-83.11677714844758,-83.11677714844758,0.0,0.0,0.0,5770.155398049982
2024-02-06,5853.002799560919,-930.5833377977802,11540.228105582299,5853.002799560919,5853.002799560919,-604.2459510539311,-604.2459510539311,-604.2459510539311,-604.2459510539311,-604.2459510539311,-604.2459510539311,0.0,0.0,0.0,5248.756848506988
2024-02-07,5852.733423923409,-281.5969259250442,11772.82765573794,5852.733423923409,5852.733423923409,-199.95111420893633,-199.95111420893633,-199.95111420893633,-199.95111420893633,-199.95111420893633,-199.95111420893633,0.0,0.0,0.0,5652.782309714473
2024-02-08,5852.464048285898,-27.438638271653403,12210.88173884342,5852.464048285898,5852.464048285898,42.12684976831629,42.12684976831629,42.12684976831629,42.12684976831629,42.12684976831629,42.12684976831629,0.0,0.0,0.0,5894.5908980542135
2024-02-09,5852.1946726483875,-693.3669098701278,12580.670207532206,5852.1946726483875,5852.1946726483875,147.3299989634623,147.3299989634623,147.3299989634623,147.3299989634623,147.3299989634623,147.3299989634623,0.0,0.0,0.0,5999.52467161185
2024-02-10,5851.925297010876,15.27617945997012,12254.773224923169,5851.925297010876,5851.925297010876,55.782772118797155,55.782772118797155,55.782772118797155,55.782772118797155,55.782772118797155,55.782772118797155,0.0,0.0,0.0,5907.708069129673
2024-02-13,5851.117170098343,-903.8853889261172,10816.235911808788,5851.117170098343,5851.117170098343,-604.2459510542632,-604.2459510542632,-604.2459510542632,-604.2459510542632,-604.2459510542632,-604.2459510542632,0.0,0.0,0.0,5246.87121904408
2024-02-14,5850.847794460833,-455.40856703833833,11729.570467643023,5850.847794460833,5850.847794460833,-199.95111420923013,-199.95111420923013,-199.95111420923013,-199.95111420923013,-199.95111420923013,-199.95111420923013,0.0,0.0,0.0,5650.896680251602
2024-02-15,5850.578418823323,-508.74973223975684,12069.502665470849,5850.578418823323,5850.578418823323,42.126849768192365,42.126849768192365,42.126849768192365,42.126849768192365,42.126849768192365,42.126849768192365,0.0,0.0,0.0,5892.705268591515
2024-02-16,5850.309043185812,-112.75243122610031,12184.68807744698,5850.309043185812,5850.309043185812,147.3299989631435,147.3299989631435,147.3299989631435,147.3299989631435,147.3299989631435,147.3299989631435,0.0,0.0,0.0,5997.639042148955
2024-02-17,5850.039667548301,-296.58068545132784,11837.840029033718,5850.039667548301,5850.039667548301,55.78277211917446,55.78277211917446,55.78277211917446,55.78277211917446,55.78277211917446,55.78277211917446,0.0,0.0,0.0,5905.822439667475
2024-02-18,5849.77029191079,449.52635119197834,12452.472716230162,5849.77029191079,5849.77029191079,642.0742215629778,642.0742215629778,642.0742215629778,642.0742215629778,642.0742215629778,642.0742215629778,0.0,0.0,0.0,6491.844513473768
2024-02-19,5849.5009162732795,-86.12174906437123,12184.478171342405,5849.5009162732795,5849.5009162732795,-83.11677714927848,-83.11677714927848,-83.11677714927848,-83.11677714927848,-83.11677714927848,-83.11677714927848,0.0,0.0,0.0,5766.384139124001
2024-02-20,5849.231540635769,-929.5010248488745,11753.860334173838,5849.231540635769,5849.231540635769,-604.2459510540892,-604.2459510540892,-604.2459510540892,-604.2459510540892,-604.2459510540892,-604.2459510540892,0.0,0.0,0.0,5244.98558958168
2024-02-21,5848.962164998257,-706.282734325364,12198.657704149553,5848.962164998257,5848.962164998257,-199.95111420952392,-199.95111420952392,-199.95111420952392,-199.95111420952392,-199.95111420952392,-199.95111420952392,0.0,0.0,0.0,5649.011050788733
2024-02-22,5848.692789360747,-26.06082680845949,12092.247434126903,5848.692789360747,5848.692789360747,42.12684976877871,42.12684976877871,42.12684976877871,42.12684976877871,42.12684976877871,42.12684976877871,0.0,0.0,0.0,5890.819639129526
2024-02-23,5848.423414356434,126.45479579296027,12552.985789798282,5848.423414356434,5848.423414356434,147.32999896342477,147.32999896342477,147.32999896342477,147.32999896342477,147.32999896342477,147.32999896342477,0.0,0.0,0.0,5995.753413319859
2024-02-24,5848.154039352122,-401.33160273287046,11462.398036610593,5848.154039352122,5848.154039352122,55.78277211955178,55.78277211955178,55.78277211955178,55.78277211955178,55.78277211955178,55.78277211955178,0.0,0.0,0.0,5903.9368114716735
2024-02-25,5847.884664347808,84.47466275363453,12680.800519362723,5847.884664347808,5847.884664347808,642.0742215629986,642.0742215629986,642.0742215629986,642.0742215629986,642.0742215629986,642.0742215629986,0.0,0.0,0.0,6489.958885910807
2024-02-26,5847.6152893434955,-131.5198645584781,11996.702464424758,5847.6152893434955,5847.6152893434955,-83.11677714969389,-83.11677714969389,-83.11677714969389,-83.11677714969389,-83.11677714969389,-83.11677714969389,0.0,0.0,0.0,5764.498512193802
2024-02-28,5847.076539334869,-215.50697208344735,11714.263509978422,5847.076539334869,5847.076539334869,-199.95111421040764,-199.95111421040764,-199.95111421040764,-199.95111421040764,-199.95111421040764,-199.95111421040764,0.0,0.0,0.0,5647.125425124462
2024-02-29,5846.8071643305575,-156.16952151730112,12828.216310920887,5846.8071643305575,5846.8071643305575,42.12684976865481,42.12684976865481,42.12684976865481,42.12684976865481,42.12684976865481,42.12684976865481,0.0,0.0,0.0,5888.934014099213
2024-03-01,5846.537789326244,-217.21195783588433,12533.956281634026,5846.537789326244,5846.537789326244,147.32999896310602,147.32999896310602,147.32999896310602,147.32999896310602,147.32999896310602,147.32999896310602,0.0,0.0,0.0,5993.86778828935
2024-03-03,5845.999039317619,326.01351424915714,12569.129097602192,5845.999039317619,5845.999039317619,642.0742215628255,642.0742215628255,642.0742215628255,642.0742215628255,642.0742215628255,642.0742215628255,0.0,0.0,0.0,6488.073260880444
2024-03-04,5845.729664313306,-749.3970725185285,12369.460833698395,5845.729664313306,5845.729664313306,-83.11677715103113,-83.11677715103113,-83.11677715103113,-83.11677715103113,-83.11677715103113,-83.11677715103113,0.0,0.0,0.0,5762.612887162275
2024-03-05,5845.460289308992,-709.4012310114824,11442.181361897476,5845.460289308992,5845.460289308992,-604.2459510547533,-604.2459510547533,-604.2459510547533,-604.2459510547533,-604.2459510547533,-604.2459510547533,0.0,0.0,0.0,5241.214338254239
2024-03-06,5845.19091430468,-711.8871556874335,12139.460973303836,5845.19091430468,5845.19091430468,-199.95111420874196,-199.95111420874196,-199.95111420874196,-199.95111420874196,-199.95111420874196,-199.95111420874196,0.0,0.0,0.0,5645.239800095937
2024-03-07,5844.921539300367,7.634073673274589,12017.741859369578,5844.921539300367,5844.921539300367,42.12684976832292,42.12684976832292,42.12684976832292,42.12684976832292,42.12684976832292,42.12684976832292,0.0,0.0,0.0,5887.04838906869
2024-03-09,5844.382789291742,-250.26013341917056,12304.076130518402,5844.382789291742,5844.382789291742,55.78277211827131,55.78277211827131,55.78277211827131,55.78277211827131,55.78277211827131,55.78277211827131,0.0,0.0,0.0,5900.165561410013
2024-03-12,5843.574664278803,-1123.793129179568,11600.47899025249,5843.574664278803,5843.574664278803,-604.2459510540302,-604.2459510540302,-604.2459510540302,-604.2459510540302,-604.2459510540302,-604.2459510540302,0.0,0.0,0.0,5239.328713224772
2024-03-14,5843.035914270177,-268.420989908742,12436.646014636794,5843.035914270177,5843.035914270177,42.126849768198966,42.126849768198966,42.126849768198966,42.126849768198966,42.126849768198966,42.126849768198966,0.0,0.0,0.0,5885.162764038376
2024-03-15,5842.766539265864,-249.643041802221,12010.863168874845,5842.766539265864,5842.766539265864,147.32999896276846,147.32999896276846,147.32999896276846,147.32999896276846,147.32999896276846,147.32999896276846,0.0,0.0,0.0,5990.096538228632
2024-03-17,5842.227789257238,248.99640531286803,12703.508030947221,5842.227789257238,5842.227789257238,642.0742215624792,642.0742215624792,642.0742215624792,642.0742215624792,642.0742215624792,642.0742215624792,0.0,0.0,0.0,6484.302010819718
2024-03-19,5841.689039248613,-1315.143517981403,11253.952685016082,5841.689039248613,5841.689039248613,-604.2459510543623,-604.2459510543623,-604.2459510543623,-604.2459510543623,-604.2459510543623,-604.2459510543623,0.0,0.0,0.0,5237.443088194251
2024-03-21,5841.150289249308,-331.8472491063418,12164.706130715686,5841.150289249308,5841.150289249308,42.12684976878531,42.12684976878531,42.12684976878531,42.12684976878531,42.12684976878531,42.12684976878531,0.0,0.0,0.0,5883.277139018093
2024-03-22,5840.880914249657,-392.6661816229936,12665.560288152175,5840.880914249657,5840.880914249657,147.32999896274973,147.32999896274973,147.32999896274973,147.32999896274973,147.32999896274973,147.32999896274973,0.0,0.0,0.0,5988.210913212406
2024-03-23,5840.611539250004,67.75655993365028,12208.009908838449,5840.611539250004,5840.611539250004,55.782772117160434,55.782772117160434,55.782772117160434,55.782772117160434,55.782772117160434,55.782772117160434,0.0,0.0,0.0,5896.394311367165
2024-03-24,5840.342164250352,-408.15324337166385,12539.532981305281,5840.342164250352,5840.342164250352,642.0742215629118,642.0742215629118,642.0742215629118,642.0742215629118,642.0742215629118,642.0742215629118,0.0,0.0,0.0,6482.416385813263
2024-03-25,5840.0727892507,-282.0409373886986,11916.484745154443,5840.0727892507,5840.0727892507,-83.1167771488338,-83.1167771488338,-83.1167771488338,-83.1167771488338,-83.1167771488338,-83.1167771488338,0.0,0.0,0.0,5756.956012101867
2024-03-26,5839.803414251048,-896.3497383474117,11862.169894444702,5839.803414251048,5839.803414251048,-604.2459510536391,-604.2459510536391,-604.2459510536391,-604.2459510536391,-604.2459510536391,-604.2459510536391,0.0,0.0,0.0,5235.557463197409
2024-03-29,5838.995289252091,-233.68972783784622,12093.241719009455,5838.995289252091,5838.995289252091,147.3299989632104,147.3299989632104,147.3299989632104,147.3299989632104,147.3299989632104,147.3299989632104,0.0,0.0,0.0,5986.325288215302
2024-03-30,5838.72591425244,-619.1310639312668,12171.869293825514,5838.72591425244,5838.72591425244,55.782772117707395,55.782772117707395,55.782772117707395,55.782772117707395,55.782772117707395,55.782772117707395,0.0,0.0,0.0,5894.508686370147
2024-03-31,5838.456539252787,722.4828666675446,12553.567803924057,5838.456539252787,5838.456539252787,642.0742215633444,642.0742215633444,642.0742215633444,642.0742215633444,642.0742215633444,642.0742215633444,0.0,0.0,0.0,6480.530760816131
2024-04-01,5838.187164253135,-362.7307471105007,11961.140380477791,5838.187164253135,5838.187164253135,-83.11677715017098,-83.11677715017098,-83.11677715017098,-83.11677715017098,-83.11677715017098,-83.11677715017098,0.0,0.0,0.0,5755.070387102964
2024-04-03,5837.648414253831,-657.8516402262949,12256.189707392261,5837.648414253831,5837.648414253831,-199.95111421148692,-199.95111421148692,-199.95111421148692,-199.95111421148692,-199.95111421148692,-199.95111421148692,0.0,0.0,0.0,5637.697300042344
2024-04-04,5837.379039254179,-481.8995029889755,12169.895342893433,5837.379039254179,5837.379039254179,42.12684976853746,42.12684976853746,42.12684976853746,42.12684976853746,42.12684976853746,42.12684976853746,0.0,0.0,0.0,5879.5058890227165
2024-04-05,5837.109664254526,19.93767565699529,12500.248696181465,5837.109664254526,5837.109664254526,147.32999896319168,147.32999896319168,147.32999896319168,147.32999896319168,147.32999896319168,147.32999896319168,0.0,0.0,0.0,5984.439663217718
2024-04-06,5836.840289254875,222.49231947578306,12066.277639657874,5836.840289254875,5836.840289254875,55.78277211791512,55.78277211791512,55.78277211791512,55.78277211791512,55.78277211791512,55.78277211791512,0.0,0.0,0.0,5892.62306137279
2024-04-07,5836.570914255222,596.3777838590815,12425.727691778762,5836.570914255222,5836.570914255222,642.0742215631714,642.0742215631714,642.0742215631714,642.0742215631714,642.0742215631714,642.0742215631714,0.0,0.0,0.0,6478.645135818394
2024-04-08,5836.30153925557,-243.35436620313914,12340.177275226177,5836.30153925557,5836.30153925557,-83.11677714966476,-83.11677714966476,-83.11677714966476,-83.11677714966476,-83.11677714966476,-83.11677714966476,0.0,0.0,0.0,5753.184762105905
2024-04-09,5836.032164255918,-946.8717704086899,11496.806369113707,5836.032164255918,5836.032164255918,-604.2459510548525,-604.2459510548525,-604.2459510548525,-604.2459510548525,-604.2459510548525,-604.2459510548525,0.0,0.0,0.0,5231.786213201066
2024-04-10,5835.762789256265,-210.29900301343233,12324.523329186308,5835.762789256265,5835.762789256265,-199.9511142098212,-199.9511142098212,-199.9511142098212,-199.9511142098212,-199.9511142098212,-199.9511142098212,0.0,0.0,0.0,5635.811675046444
2024-04-11,5835.493414407969,-720.1006871420118,11512.103758796587,5835.493414407969,5835.493414407969,42.12684976912381,42.12684976912381,42.12684976912381,42.12684976912381,42.12684976912381,42.12684976912381,0.0,0.0,0.0,5877.620264177092
2024-04-13,5834.954664711378,-475.67025436908716,11683.39521770868,5834.954664711378,5834.954664711378,55.78277211829249,55.78277211829249,55.78277211829249,55.78277211829249,55.78277211829249,55.78277211829249,0.0,0.0,0.0,5890.7374368296705
2024-04-15,5834.415915014787,-269.4875215315845,11772.165170536175,5834.415915014787,5834.415915014787,-83.11677715100193,-83.11677715100193,-83.11677715100193,-83.11677715100193,-83.11677715100193,-83.11677715100193,0.0,0.0,0.0,5751.299137863785
2024-04-16,5834.146540166492,-1517.3035530554166,11769.240204032183,5834.146540166492,5834.146540166492,-604.2459510551847,-604.2459510551847,-604.2459510551847,-604.2459510551847,-604.2459510551847,-604.2459510551847,0.0,0.0,0.0,5229.900589111307
2024-04-17,5833.877165318196,-808.3842973368024,11876.20932236485,5833.877165318196,5833.877165318196,-199.95111421011507,-199.95111421011507,-199.95111421011507,-199.95111421011507,-199.95111421011507,-199.95111421011507,0.0,0.0,0.0,5633.926051108081
2024-04-19,5833.338415621604,-305.80313008097113,11839.987850975172,5833.338415621604,5833.338415621604,147.32999896363356,147.32999896363356,147.32999896363356,147.32999896363356,147.32999896363356,147.32999896363356,0.0,0.0,0.0,5980.668414585238
2024-04-20,5833.069040773309,-293.2163333668816,12097.127294731814,5833.069040773309,5833.069040773309,55.7827721186698,55.7827721186698,55.7827721186698,55.7827721186698,55.7827721186698,55.7827721186698,0.0,0.0,0.0,5888.851812891979
2024-04-21,5832.799665925014,57.51829665050366,12729.227565735522,5832.799665925014,5832.799665925014,642.074221563019,642.074221563019,642.074221563019,642.074221563019,642.074221563019,642.074221563019,0.0,0.0,0.0,6474.873887488033
2024-04-22,5832.530291076718,-929.7485912778332,11831.035747631922,5832.530291076718,5832.530291076718,-83.11677715233914,-83.11677715233914,-83.11677715233914,-83.11677715233914,-83.11677715233914,-83.11677715233914,0.0,0.0,0.0,5749.413513924379
2024-04-23,5832.260916228422,-1100.1679543207706,11231.325054176954,5832.260916228422,5832.260916228422,-604.2459510544616,-604.2459510544616,-604.2459510544616,-604.2459510544616,-604.2459510544616,-604.2459510544616,0.0,0.0,0.0,5228.01496517396
2024-04-24,5831.991541380126,-780.165526844596,12337.385176260188,5831.991541380126,5831.991541380126,-199.95111420942905,-199.95111420942905,-199.95111420942905,-199.95111420942905,-199.95111420942905,-199.95111420942905,0.0,0.0,0.0,5632.0404271706975
2024-04-25,5831.722166531831,-668.8414094813157,12034.95740527422,5831.722166531831,5831.722166531831,42.12684976937824,42.12684976937824,42.12684976937824,42.12684976937824,42.12684976937824,42.12684976937824,0.0,0.0,0.0,5873.849016301209
2024-04-26,5831.452791683535,-456.8658394708671,12430.86717716008,5831.452791683535,5831.452791683535,147.32999896331472,147.32999896331472,147.32999896331472,147.32999896331472,147.32999896331472,147.32999896331472,0.0,0.0,0.0,5978.78279064685
2024-04-28,5830.914041986944,194.60763099171743,12364.67718161215,5830.914041986944,5830.914041986944,642.0742215634517,642.0742215634517,642.0742215634517,642.0742215634517,642.0742215634517,642.0742215634517,0.0,0.0,0.0,6472.9882635503955
2024-04-29,5830.644667138648,-411.2649101192226,11656.84544731825,5830.644667138648,5830.644667138648,-83.11677714838915,-83.11677714838915,-83.11677714838915,-83.11677714838915,-83.11677714838915,-83.11677714838915,0.0,0.0,0.0,5747.52788999026
2024-04-30,5830.375292290353,-1439.4598531282616,11178.114121078903,5830.375292290353,5830.375292290353,-604.2459510542876,-604.2459510542876,-604.2459510542876,-604.2459510542876,-604.2459510542876,-604.2459510542876,0.0,0.0,0.0,5226.129341236066
2024-05-02,5829.836542593761,-236.1590417629477,12163.232842585041,5829.836542593761,5829.836542593761,42.12684976854406,42.12684976854406,42.12684976854406,42.12684976854406,42.12684976854406,42.12684976854406,0.0,0.0,0.0,5871.963392362305
2024-05-03,5829.567167745466,-99.59251553272712,12155.362781150041,5829.567167745466,5829.567167745466,147.3299989635961,147.3299989635961,147.3299989635961,147.3299989635961,147.3299989635961,147.3299989635961,0.0,0.0,0.0,5976.897166709062
2024-05-04,5829.297792633867,-311.3059901720452,12504.368645395003,5829.297792633867,5829.297792633867,55.78277211925491,55.78277211925491,55.78277211925491,55.78277211925491,55.78277211925491,55.78277211925491,0.0,0.0,0.0,5885.080564753122
2024-05-05,5829.028417522268,415.69931375038414,12565.102299668435,5829.028417522268,5829.028417522268,642.0742215632787,642.0742215632787,642.0742215632787,642.0742215632787,642.0742215632787,642.0742215632787,0.0,0.0,0.0,6471.102639085547
2024-05-06,5828.759042410668,-877.9583767061619,12227.460557955339,5828.759042410668,5828.759042410668,-83.11677714972636,-83.11677714972636,-83.11677714972636,-83.11677714972636,-83.11677714972636,-83.11677714972636,0.0,0.0,0.0,5745.642265260942
2024-05-08,5828.22029218747,-274.14887694595126,12184.144417463862,5828.22029218747,5828.22029218747,-199.9511142080572,-199.9511142080572,-199.9511142080572,-199.9511142080572,-199.9511142080572,-199.9511142080572,0.0,0.0,0.0,5628.269177979412
2024-05-11,5827.412166852673,-750.7829697531233,12356.37940159273,5827.412166852673,5827.412166852673,55.78277211776665,55.78277211776665,55.78277211776665,55.78277211776665,55.78277211776665,55.78277211776665,0.0,0.0,0.0,5883.19493897044
2024-05-13,5826.873416629474,-375.0633780643094,11654.60136424987,5826.873416629474,5826.873416629474,-83.11677714922008,-83.11677714922008,-83.11677714922008,-83.11677714922008,-83.11677714922008,-83.11677714922008,0.0,0.0,0.0,5743.756639480254
2024-05-14,5826.604041517876,-879.1127639878317,11653.560233505743,5826.604041517876,5826.604041517876,-604.2459510549517,-604.2459510549517,-604.2459510549517,-604.2459510549517,-604.2459510549517,-604.2459510549517,0.0,0.0,0.0,5222.358090462924
2024-05-16,5826.065291294678,-422.90895557769517,12393.601929165321,5826.065291294678,5826.065291294678,42.12684976808825,42.12684976808825,42.12684976808825,42.12684976808825,42.12684976808825,42.12684976808825,0.0,0.0,0.0,5868.1921410627665
2024-05-19,5825.257165959881,246.1305161265557,12623.427025521765,5825.257165959881,5825.257165959881,642.0742215629325,642.0742215629325,642.0742215629325,642.0742215629325,642.0742215629325,642.0742215629325,0.0,0.0,0.0,6467.331387522813
2024-05-20,5824.987790848281,-249.38899299887404,12118.238882338828,5824.987790848281,5824.987790848281,-83.11677715055725,-83.11677715055725,-83.11677715055725,-83.11677715055725,-83.11677715055725,-83.11677715055725,0.0,0.0,0.0,5741.871013697724
2024-05-21,5824.718415736682,-976.5956480072882,11647.034475973991,5824.718415736682,5824.718415736682,-604.2459510542286,-604.2459510542286,-604.2459510542286,-604.2459510542286,-604.2459510542286,-604.2459510542286,0.0,0.0,0.0,5220.472464682453
2024-05-22,5824.4490406250825,-589.7653483858749,12682.111114848218,5824.4490406250825,5824.4490406250825,-199.95111421021448,-199.95111421021448,-199.95111421021448,-199.95111421021448,-199.95111421021448,-199.95111421021448,0.0,0.0,0.0,5624.497926414868
2024-05-23,5824.179665513484,-161.68802312434676,11938.69225049347,5824.179665513484,5824.179665513484,42.126849768674596,42.126849768674596,42.126849768674596,42.126849768674596,42.126849768674596,42.126849768674596,0.0,0.0,0.0,5866.306515282158
2024-05-24,5823.9102904018855,-604.1935661600414,12411.37093261187,5823.9102904018855,5823.9102904018855,147.32999896323977,147.32999896323977,147.32999896323977,147.32999896323977,147.32999896323977,147.32999896323977,0.0,0.0,0.0,5971.240289365125
2024-05-25,5823.640915290286,401.03003292581866,12286.988473553161,5823.640915290286,5823.640915290286,55.78277211852139,55.78277211852139,55.78277211852139,55.78277211852139,55.78277211852139,55.78277211852139,0.0,0.0,0.0,5879.423687408807
2024-05-26,5823.371540178687,189.34053298047533,12277.885060058188,5823.371540178687,5823.371540178687,642.0742215629533,642.0742215629533,642.0742215629533,642.0742215629533,642.0742215629533,642.0742215629533,0.0,0.0,0.0,6465.44576174164
2024-05-28,5822.832789955488,-991.135289110736,11816.349757931715,5822.832789955488,5822.832789955488,-604.2459510535055,-604.2459510535055,-604.2459510535055,-604.2459510535055,-604.2459510535055,-604.2459510535055,0.0,0.0,0.0,5218.586838901982
2024-05-29,5822.563414843889,-568.6392719301733,12046.25276191261,5822.563414843889,5822.563414843889,-199.95111421050845,-199.95111421050845,-199.95111421050845,-199.95111421050845,-199.95111421050845,-199.95111421050845,0.0,0.0,0.0,5622.612300633381
2024-05-30,5822.294039760485,-168.23556485353626,12030.331638651069,5822.294039760485,5822.294039760485,42.12684976855069,42.12684976855069,42.12684976855069,42.12684976855069,42.12684976855069,42.12684976855069,0.0,0.0,0.0,5864.420889529036
2024-06-01,5821.755289593675,224.30266837740447,11713.778503845817,5821.755289593675,5821.755289593675,55.78277211872911,55.78277211872911,55.78277211872911,55.78277211872911,55.78277211872911,55.78277211872911,0.0,0.0,0.0,5877.538061712405
2024-06-02,5821.48591451027,8.745888760916408,12486.47424526704,5821.48591451027,5821.48591451027,642.0742215627802,642.0742215627802,642.0742215627802,642.0742215627802,642.0742215627802,642.0742215627802,0.0,0.0,0.0,6463.560136073051
2024-06-03,5821.216539426865,-1180.7325992322596,12017.272249478696,5821.216539426865,5821.216539426865,-83.1167771488662,-83.1167771488662,-83.1167771488662,-83.1167771488662,-83.1167771488662,-83.1167771488662,0.0,0.0,0.0,5738.099762277999
2024-06-04,5820.94716434346,-1556.796343685845,11260.205135611075,5820.94716434346,5820.94716434346,-604.2459510548929,-604.2459510548929,-604.2459510548929,-604.2459510548929,-604.2459510548929,-604.2459510548929,0.0,0.0,0.0,5216.701213288567
2024-06-05,5820.677789260055,-1007.2177539016461,11736.138556004722,5820.677789260055,5820.677789260055,-199.95111420884263,-199.95111420884263,-199.95111420884263,-199.95111420884263,-199.95111420884263,-199.95111420884263,0.0,0.0,0.0,5620.726675051213
2024-06-06,5820.40841417665,-475.20074547967306,11712.368292031915,5820.40841417665,5820.40841417665,42.126849768426766,42.126849768426766,42.126849768426766,42.126849768426766,42.126849768426766,42.126849768426766,0.0,0.0,0.0,5862.535263945077
2024-06-07,5820.139039093245,-301.66756008497333,11729.619799664,5820.139039093245,5820.139039093245,147.32999896338166,147.32999896338166,147.32999896338166,147.32999896338166,147.32999896338166,147.32999896338166,0.0,0.0,0.0,5967.469038056626
2024-06-09,5819.600288926435,93.4699005358789,12674.648533355381,5819.600288926435,5819.600288926435,642.0742215632127,642.0742215632127,642.0742215632127,642.0742215632127,642.0742215632127,642.0742215632127,0.0,0.0,0.0,6461.674510489647
2024-06-11,5819.061538759624,-690.6215803090481,11467.77860169833,5819.061538759624,5819.061538759624,-604.2459510541697,-604.2459510541697,-604.2459510541697,-604.2459510541697,-604.2459510541697,-604.2459510541697,0.0,0.0,0.0,5214.815587705455
2024-06-12,5818.792163676219,-16.098463582945822,12004.070712227312,5818.792163676219,5818.792163676219,-199.95111421070615,-199.95111421070615,-199.95111421070615,-199.95111421070615,-199.95111421070615,-199.95111421070615,0.0,0.0,0.0,5618.841049465514
2024-06-13,5818.522788592814,-334.36275825232167,11981.512028596802,5818.522788592814,5818.522788592814,42.12684976830284,42.12684976830284,42.12684976830284,42.12684976830284,42.12684976830284,42.12684976830284,0.0,0.0,0.0,5860.6496383611175
2024-06-14,5818.253413509409,200.37316678855316,12044.095637686585,5818.253413509409,5818.253413509409,147.32999896306288,147.32999896306288,147.32999896306288,147.32999896306288,147.32999896306288,147.32999896306288,0.0,0.0,0.0,5965.583412472472
2024-06-15,5817.984038426004,-993.9525320074546,11980.564392160724,5817.984038426004,5817.984038426004,55.7827721194838,55.7827721194838,55.7827721194838,55.7827721194838,55.7827721194838,55.7827721194838,0.0,0.0,0.0,5873.766810545488
2024-06-16,5817.714663342599,-13.37422509785695,12672.79021661061,5817.714663342599,5817.714663342599,642.0742215624341,642.0742215624341,642.0742215624341,642.0742215624341,642.0742215624341,642.0742215624341,0.0,0.0,0.0,6459.788884905033
2024-06-17,5817.445288259194,-216.85019997601793,11887.266164470138,5817.445288259194,5817.445288259194,-83.11677714969713,-83.11677714969713,-83.11677714969713,-83.11677714969713,-83.11677714969713,-83.11677714969713,0.0,0.0,0.0,5734.3285111094965
2024-06-18,5817.175913175789,-793.0778659692301,11533.565495607649,5817.175913175789,5817.175913175789,-604.2459510539958,-604.2459510539958,-604.2459510539958,-604.2459510539958,-604.2459510539958,-604.2459510539958,0.0,0.0,0.0,5212.929962121793
2024-06-19,5816.906538092383,-63.05445636129782,11862.487121509967,5816.906538092383,5816.906538092383,-199.95111421002017,-199.95111421002017,-199.95111421002017,-199.95111421002017,-199.95111421002017,-199.95111421002017,0.0,0.0,0.0,5616.955423882363
2024-06-20,5816.637163358917,-553.7505636481363,11442.208690867184,5816.637163358917,5816.637163358917,42.12684976888916,42.12684976888916,42.12684976888916,42.12684976888916,42.12684976888916,42.12684976888916,0.0,0.0,0.0,5858.764013127806
2024-06-21,5816.367788625451,-112.77750880025805,13062.593258796915,5816.367788625451,5816.367788625451,147.32999896304415,147.32999896304415,147.32999896304415,147.32999896304415,147.32999896304415,147.32999896304415,0.0,0.0,0.0,5963.697787588495
2024-06-22,5816.098413891984,-333.0849343779728,12204.007334404034,5816.098413891984,5816.098413891984,55.782772119691586,55.782772119691586,55.782772119691586,55.782772119691586,55.782772119691586,55.782772119691586,0.0,0.0,0.0,5871.881186011676
2024-06-23,5815.829039158518,-94.25829557505588,12346.533595716888,5815.829039158518,5815.829039158518,642.0742215630605,642.0742215630605,642.0742215630605,642.0742215630605,642.0742215630605,642.0742215630605,0.0,0.0,0.0,6457.903260721579
2024-06-24,5815.559664425052,23.17474182167453,12177.436812165717,5815.559664425052,5815.559664425052,-83.11677715011261,-83.11677715011261,-83.11677715011261,-83.11677715011261,-83.11677715011261,-83.11677715011261,0.0,0.0,0.0,5732.4428872749395
2024-06-25,5815.290289691585,-979.6787555225027,11716.165479010877,5815.290289691585,5815.290289691585,-604.2459510532725,-604.2459510532725,-604.2459510532725,-604.2459510532725,-604.2459510532725,-604.2459510532725,0.0,0.0,0.0,5211.044338638312
2024-06-26,5815.020914958119,-416.28095829531964,11818.98922986396,5815.020914958119,5815.020914958119,-199.951114210314,-199.951114210314,-199.951114210314,-199.951114210314,-199.951114210314,-199.951114210314,0.0,0.0,0.0,5615.069800747805
2024-06-27,5814.751540224652,6.1150354265390305,11671.883089857221,5814.751540224652,5814.751540224652,42.12684976805498,42.12684976805498,42.12684976805498,42.12684976805498,42.12684976805498,42.12684976805498,0.0,0.0,0.0,5856.878389992707
2024-06-28,5814.482165491186,-126.90307418382402,12215.956982922075,5814.482165491186,5814.482165491186,147.3299989630254,147.3299989630254,147.3299989630254,147.3299989630254,147.3299989630254,147.3299989630254,0.0,0.0,0.0,5961.812164454211
2024-06-29,5814.21279075772,-341.50648100261225,12687.47133379202,5814.21279075772,5814.21279075772,55.782772118372975,55.782772118372975,55.782772118372975,55.782772118372975,55.782772118372975,55.782772118372975,0.0,0.0,0.0,5869.995562876093
2024-06-30,5813.943416024253,-607.7147908657709,13371.333941485937,5813.943416024253,5813.943416024253,642.0742215628875,642.0742215628875,642.0742215628875,642.0742215628875,642.0742215628875,642.0742215628875,0.0,0.0,0.0,6456.01763758714
2024-07-01,5813.674041290786,-529.9386483882785,11997.150510335088,5813.674041290786,5813.674041290786,-83.11677715144977,-83.11677715144977,-83.11677715144977,-83.11677715144977,-83.11677715144977,-83.11677715144977,0.0,0.0,0.0,5730.5572641393355
2024-07-02,5813.4046665573205,-1161.0968443288793,11376.384061501127,5813.4046665573205,5813.4046665573205,-604.2459510536047,-604.2459510536047,-604.2459510536047,-604.2459510536047,-604.2459510536047,-604.2459510536047,0.0,0.0,0.0,5209.158715503716
2024-07-03,5813.135291823854,-647.7302587657252,11449.951665873825,5813.135291823854,5813.135291823854,-199.95111421060778,-199.95111421060778,-199.95111421060778,-199.95111421060778,-199.95111421060778,-199.95111421060778,0.0,0.0,0.0,5613.184177613246
2024-07-04,5812.865917090387,-126.72415090588775,12387.36796571374,5812.865917090387,5812.865917090387,42.12684976843334,42.12684976843334,42.12684976843334,42.12684976843334,42.12684976843334,42.12684976843334,0.0,0.0,0.0,5854.99276685882
2024-07-05,5812.5965423569205,-290.5642946893629,12272.878174095129,5812.5965423569205,5812.5965423569205,147.32999896300663,147.32999896300663,147.32999896300663,147.32999896300663,147.32999896300663,147.32999896300663,0.0,0.0,0.0,5959.926541319927
2024-07-07,5812.0577928899875,272.890180493109,12878.911312181343,5812.0577928899875,5812.0577928899875,642.0742215633201,642.0742215633201,642.0742215633201,642.0742215633201,642.0742215633201,642.0742215633201,0.0,0.0,0.0,6454.132014453307
2024-07-08,5811.788418156521,-391.23680070934665,12289.984360653152,5811.788418156521,5811.788418156521,-83.11677715094356,-83.11677715094356,-83.11677715094356,-83.11677715094356,-83.11677715094356,-83.11677715094356,0.0,0.0,0.0,5728.671641005578
2024-07-09,5811.519044156157,-542.2580988115402,11555.91101441449,5811.519044156157,5811.519044156157,-604.245951054486,-604.245951054486,-604.245951054486,-604.245951054486,-604.245951054486,-604.245951054486,0.0,0.0,0.0,5207.273093101671
2024-07-10,5811.249670155793,-977.8768844538981,12084.734026187713,5811.249670155793,5811.249670155793,-199.95111420894213,-199.95111420894213,-199.95111420894213,-199.95111420894213,-199.95111420894213,-199.95111420894213,0.0,0.0,0.0,5611.298555946851
2024-07-11,5810.980296155428,-385.90618762747835,11768.80184859816,5810.980296155428,5810.980296155428,42.12684976830941,42.12684976830941,42.12684976830941,42.12684976830941,42.12684976830941,42.12684976830941,0.0,0.0,0.0,5853.107145923737
2024-07-12,5810.710922155064,-216.40158284578706,11966.95229348052,5810.710922155064,5810.710922155064,147.32999896268782,147.32999896268782,147.32999896268782,147.32999896268782,147.32999896268782,147.32999896268782,0.0,0.0,0.0,5958.040921117751
2024-07-13,5810.4415481547,-297.2479259638786,11913.32635989442,5810.4415481547,5810.4415481547,55.78277211895801,55.78277211895801,55.78277211895801,55.78277211895801,55.78277211895801,55.78277211895801,0.0,0.0,0.0,5866.224320273658
2024-07-14,5810.172174154336,558.7728478732832,12062.02643472589,5810.172174154336,5810.172174154336,642.0742215637525,642.0742215637525,642.0742215637525,642.0742215637525,642.0742215637525,642.0742215637525,0.0,0.0,0.0,6452.246395718089
2024-07-15,5809.902800153972,-521.6254018201982,12281.42906949916,5809.902800153972,5809.902800153972,-83.11677714883702,-83.11677714883702,-83.11677714883702,-83.11677714883702,-83.11677714883702,-83.11677714883702,0.0,0.0,0.0,5726.786023005135
2024-07-16,5809.633426153608,-887.5717373071254,11213.851860123781,5809.633426153608,5809.633426153608,-604.2459510548182,-604.2459510548182,-604.2459510548182,-604.2459510548182,-604.2459510548182,-604.2459510548182,0.0,0.0,0.0,5205.38747509879
2024-07-17,5809.364052153243,-587.6549224120364,11773.05829619822,5809.364052153243,5809.364052153243,-199.95111420923595,-199.95111420923595,-199.95111420923595,-199.95111420923595,-199.95111420923595,-199.95111420923595,0.0,0.0,0.0,5609.412937944007
2024-07-18,5809.094678152879,-466.27600413639595,11570.082151341998,5809.094678152879,5809.094678152879,42.12684976889576,42.12684976889576,42.12684976889576,42.12684976889576,42.12684976889576,42.12684976889576,0.0,0.0,0.0,5851.221527921775
2024-07-20,5808.555930152152,48.99710051914426,12206.229876867985,5808.555930152152,5808.555930152152,55.782772117469804,55.782772117469804,55.782772117469804,55.782772117469804,55.782772117469804,55.782772117469804,0.0,0.0,0.0,5864.3387022696215
2024-07-21,5808.2865561517865,-147.01101155231984,12610.583625201438,5808.2865561517865,5808.2865561517865,642.0742215629739,642.0742215629739,642.0742215629739,642.0742215629739,642.0742215629739,642.0742215629739,0.0,0.0,0.0,6450.360777714761
2024-07-24,5807.478434150694,-899.9899006005603,11540.344412158287,5807.478434150694,5807.478434150694,-199.95111420855,-199.95111420855,-199.95111420855,-199.95111420855,-199.95111420855,-199.95111420855,0.0,0.0,0.0,5607.527319942144
2024-07-25,5807.20906015033,-9.692436774071677,11755.099561917503,5807.20906015033,5807.20906015033,42.12684976948208,42.12684976948208,42.12684976948208,42.12684976948208,42.12684976948208,42.12684976948208,0.0,0.0,0.0,5849.3359099198115
2024-07-26,5806.939686149965,-329.6323618733185,12470.37720465635,5806.939686149965,5806.939686149965,147.32999896312975,147.32999896312975,147.32999896312975,147.32999896312975,147.32999896312975,147.32999896312975,0.0,0.0,0.0,5954.269685113095
2024-07-27,5806.670312149602,-613.7449050208207,11779.07877240595,5806.670312149602,5806.670312149602,55.78277211784711,55.78277211784711,55.78277211784711,55.78277211784711,55.78277211784711,55.78277211784711,0.0,0.0,0.0,5862.453084267449
2024-07-28,5806.400938149238,-94.60805409381902,12525.060241577905,5806.400938149238,5806.400938149238,642.0742215634064,642.0742215634064,642.0742215634064,642.0742215634064,642.0742215634064,642.0742215634064,0.0,0.0,0.0,6448.475159712644
2024-07-29,5806.131564148874,-573.1873511053159,11841.913636368823,5806.131564148874,5806.131564148874,-83.11677715058964,-83.11677715058964,-83.11677715058964,-83.11677715058964,-83.11677715058964,-83.11677715058964,0.0,0.0,0.0,5723.014786998284
2024-07-30,5805.862190148509,-1028.6177385447818,11351.380658589189,5805.862190148509,5805.862190148509,-604.245951054427,-604.245951054427,-604.245951054427,-604.245951054427,-604.245951054427,-604.245951054427,0.0,0.0,0.0,5201.616239094083
2024-08-01,5805.32344214778,-497.80935118816984,11785.837895542742,5805.32344214778,5805.32344214778,42.12684976864793,42.12684976864793,42.12684976864793,42.12684976864793,42.12684976864793,42.12684976864793,0.0,0.0,0.0,5847.450291916428
2024-08-03,5804.7846941470525,-477.5832103661034,12026.264839981135,5804.7846941470525,5804.7846941470525,55.782772118054886,55.782772118054886,55.782772118054886,55.782772118054886,55.782772118054886,55.782772118054886,0.0,0.0,0.0,5860.567466265107
2024-08-04,5804.515320146688,-226.84934433817918,12263.547996520258,5804.515320146688,5804.515320146688,642.0742215632333,642.0742215632333,642.0742215632333,642.0742215632333,642.0742215632333,642.0742215632333,0.0,0.0,0.0,6446.589541709922
2024-08-05,5804.245946146324,-543.5146929421552,12043.292262263856,5804.245946146324,5804.245946146324,-83.11677715192684,-83.11677715192684,-83.11677715192684,-83.11677715192684,-83.11677715192684,-83.11677715192684,0.0,0.0,0.0,5721.129168994397
2024-08-06,5803.97657214596,-961.2233181559561,11189.961938694978,5803.97657214596,5803.97657214596,-604.2459510537038,-604.2459510537038,-604.2459510537038,-604.2459510537038,-604.2459510537038,-604.2459510537038,0.0,0.0,0.0,5199.730621092256
2024-08-07,5803.707198145596,-1091.34666479758,12069.070602974523,5803.707198145596,5803.707198145596,-199.9511142097275,-199.9511142097275,-199.9511142097275,-199.9511142097275,-199.9511142097275,-199.9511142097275,0.0,0.0,0.0,5603.756083935868
2024-08-08,5803.437824145231,-427.1558864290633,12129.270146677547,5803.437824145231,5803.437824145231,42.12684976923425,42.12684976923425,42.12684976923425,42.12684976923425,42.12684976923425,42.12684976923425,0.0,0.0,0.0,5845.564673914466
2024-08-09,5803.168450144867,-166.6335731992543,11845.006628065652,5803.168450144867,5803.168450144867,147.3299989630923,147.3299989630923,147.3299989630923,147.3299989630923,147.3299989630923,147.3299989630923,0.0,0.0,0.0,5950.4984491079595
2024-08-10,5802.899076144503,28.02109886672568,12331.029525320639,5802.899076144503,5802.899076144503,55.78277211843228,55.78277211843228,55.78277211843228,55.78277211843228,55.78277211843228,55.78277211843228,0.0,0.0,0.0,5858.681848262935
2024-08-11,5802.629702144139,189.3458717378705,12963.817211011885,5802.629702144139,5802.629702144139,642.0742215632541,642.0742215632541,642.0742215632541,642.0742215632541,642.0742215632541,642.0742215632541,0.0,0.0,0.0,6444.703923707393
2024-08-12,5802.3603281437745,-479.9102748817439,11807.170148172168,5802.3603281437745,5802.3603281437745,-83.11677714705515,-83.11677714705515,-83.11677714705515,-83.11677714705515,-83.11677714705515,-83.11677714705515,0.0,0.0,0.0,5719.243550996719
2024-08-13,5802.09095414341,-1031.8634856866117,11563.422451574565,5802.09095414341,5802.09095414341,-604.2459510550914,-604.2459510550914,-604.2459510550914,-604.2459510550914,-604.2459510550914,-604.2459510550914,0.0,0.0,0.0,5197.845003088319
2024-08-14,5801.821580143046,-846.7414409995181,11677.16005528369,5801.821580143046,5801.821580143046,-199.95111421002142,-199.95111421002142,-199.95111421002142,-199.95111421002142,-199.95111421002142,-199.95111421002142,0.0,0.0,0.0,5601.870465933024
2024-08-15,5801.552206142682,-268.0605581370987,11872.905085471963,5801.552206142682,5801.552206142682,42.12684976911035,42.12684976911035,42.12684976911035,42.12684976911035,42.12684976911035,42.12684976911035,0.0,0.0,0.0,5843.679055911793
2024-08-16,5801.2828321423185,-257.0895398901371,12039.276229069603,5801.2828321423185,5801.2828321423185,147.3299989635529,147.3299989635529,147.3299989635529,147.3299989635529,147.3299989635529,147.3299989635529,0.0,0.0,0.0,5948.612831105871
2024-08-17,5801.013458141954,-168.1498657552732,12220.875385557454,5801.013458141954,5801.013458141954,55.78277211863997,55.78277211863997,55.78277211863997,55.78277211863997,55.78277211863997,55.78277211863997,0.0,0.0,0.0,5856.796230260594
2024-08-18,5800.74408414159,161.74659029212322,12705.694007829503,5800.74408414159,5800.74408414159,642.074221563081,642.074221563081,642.074221563081,642.074221563081,642.074221563081,642.074221563081,0.0,0.0,0.0,6442.818305704671
2024-08-19,5800.474710141225,-110.45851260384413,12421.840576170955,5800.474710141225,5800.474710141225,-83.11677714747064,-83.11677714747064,-83.11677714747064,-83.11677714747064,-83.11677714747064,-83.11677714747064,0.0,0.0,0.0,5717.357932993755
2024-08-20,5800.205336140861,-977.8441323255796,11024.816960355087,5800.205336140861,5800.205336140861,-604.2459510543681,-604.2459510543681,-604.2459510543681,-604.2459510543681,-604.2459510543681,-604.2459510543681,0.0,0.0,0.0,5195.959385086493
2024-08-21,5799.9359621404965,-430.0229999014916,11556.893966722342,5799.9359621404965,5799.9359621404965,-199.9511142093354,-199.9511142093354,-199.9511142093354,-199.9511142093354,-199.9511142093354,-199.9511142093354,0.0,0.0,0.0,5599.984847931161
2024-08-24,5799.127840139405,-616.064035643847,12110.67617122818,5799.127840139405,5799.127840139405,55.78277211918692,55.78277211918692,55.78277211918692,55.78277211918692,55.78277211918692,55.78277211918692,0.0,0.0,0.0,5854.910612258592
2024-08-25,5798.8584661390405,401.4929037811783,12105.336626771812,5798.8584661390405,5798.8584661390405,642.0742215635136,642.0742215635136,642.0742215635136,642.0742215635136,642.0742215635136,642.0742215635136,0.0,0.0,0.0,6440.932687702554
2024-08-26,5798.589092138676,-767.1739074183104,12053.762949375117,5798.589092138676,5798.589092138676,-83.11677714880781,-83.11677714880781,-83.11677714880781,-83.11677714880781,-83.11677714880781,-83.11677714880781,0.0,0.0,0.0,5715.472314989868
2024-08-29,5797.780970137584,-532.695654595517,11825.153975196914,5797.780970137584,5797.780970137584,42.12684976865454,42.12684976865454,42.12684976865454,42.12684976865454,42.12684976865454,42.12684976865454,0.0,0.0,0.0,5839.907819906238
2024-08-30,5797.511596137219,-11.595047640579367,12412.202477137944,5797.511596137219,5797.511596137219,147.32999896351544,147.32999896351544,147.32999896351544,147.32999896351544,147.32999896351544,147.32999896351544,0.0,0.0,0.0,5944.841595100735
2024-09-01,5796.972848136491,276.0574732970892,12440.575686600863,5796.972848136491,5796.972848136491,642.0742215633406,642.0742215633406,642.0742215633406,642.0742215633406,642.0742215633406,642.0742215633406,0.0,0.0,0.0,6439.047069699832
2024-09-02,5796.703474136127,-366.5125378999181,11915.936867148994,5796.703474136127,5796.703474136127,-83.11677715014498,-83.11677715014498,-83.11677715014498,-83.11677715014498,-83.11677715014498,-83.11677715014498,0.0,0.0,0.0,5713.586696985982
2024-09-03,5796.4341001357625,-1137.7419144356804,11083.992805556494,5796.4341001357625,5796.4341001357625,-604.2459510545262,-604.2459510545262,-604.2459510545262,-604.2459510545262,-604.2459510545262,-604.2459510545262,0.0,0.0,0.0,5192.188149081237
2024-09-04,5796.164726135398,-606.5027874168679,11897.92683030243,5796.164726135398,5796.164726135398,-199.95111420796346,-199.95111420796346,-199.95111420796346,-199.95111420796346,-199.95111420796346,-199.95111420796346,0.0,0.0,0.0,5596.213611927435
2024-09-06,5795.625978134671,-366.3956949928399,12230.160756709307,5795.625978134671,5795.625978134671,147.32999896319663,147.32999896319663,147.32999896319663,147.32999896319663,147.32999896319663,147.32999896319663,0.0,0.0,0.0,5942.955977097868
2024-09-10,5794.548482133213,-1095.4295286975166,11705.918254928,5794.548482133213,5794.548482133213,-604.2459510548583,-604.2459510548583,-604.2459510548583,-604.2459510548583,-604.2459510548583,-604.2459510548583,0.0,0.0,0.0,5190.302531078354
2024-09-11,5794.27910813285,-943.7529705398322,12238.4560482719,5794.27910813285,5794.27910813285,-199.9511142082574,-199.9511142082574,-199.9511142082574,-199.9511142082574,-199.9511142082574,-199.9511142082574,0.0,0.0,0.0,5594.327993924592
2024-09-12,5794.009734132485,-302.2564002678829,12240.595026054762,5794.009734132485,5794.009734132485,42.12684976819872,42.12684976819872,42.12684976819872,42.12684976819872,42.12684976819872,42.12684976819872,0.0,0.0,0.0,5836.136583900684
2024-09-13,5793.740360132121,-399.64838830771146,12020.982386632613,5793.740360132121,5793.740360132121,147.32999896287788,147.32999896287788,147.32999896287788,147.32999896287788,147.32999896287788,147.32999896287788,0.0,0.0,0.0,5941.070359094999
2024-09-15,5793.201612131393,357.26697154631137,12979.478948479024,5793.201612131393,5793.201612131393,642.0742215625827,642.0742215625827,642.0742215625827,642.0742215625827,642.0742215625827,642.0742215625827,0.0,0.0,0.0,6435.275833693975
2024-09-17,5792.662864130663,-450.3437809545589,11129.389780872427,5792.662864130663,5792.662864130663,-604.245951054135,-604.245951054135,-604.245951054135,-604.245951054135,-604.245951054135,-604.245951054135,0.0,0.0,0.0,5188.4169130765285
2024-09-19,5792.124116129936,-325.32009323462444,11637.481863118188,5792.124116129936,5792.124116129936,42.126849768785064,42.126849768785064,42.126849768785064,42.126849768785064,42.126849768785064,42.126849768785064,0.0,0.0,0.0,5834.250965898721
2024-09-20,5791.854742129572,-479.11272729159566,12022.477418494838,5791.854742129572,5791.854742129572,147.32999896285912,147.32999896285912,147.32999896285912,147.32999896285912,147.32999896285912,147.32999896285912,0.0,0.0,0.0,5939.184741092431
2024-09-21,5791.585368129207,-404.6095828341785,11556.444760602975,5791.585368129207,5791.585368129207,55.78277211866121,55.78277211866121,55.78277211866121,55.78277211866121,55.78277211866121,55.78277211866121,0.0,0.0,0.0,5847.368140247869
2024-09-22,5791.315994128843,142.4516969390931,12812.710239171389,5791.315994128843,5791.315994128843,642.0742215630152,642.0742215630152,642.0742215630152,642.0742215630152,642.0742215630152,642.0742215630152,0.0,0.0,0.0,6433.390215691858
2024-09-23,5791.046620128479,-467.04473665942925,12508.724910581934,5791.046620128479,5791.046620128479,-83.11677714794769,-83.11677714794769,-83.11677714794769,-83.11677714794769,-83.11677714794769,-83.11677714794769,0.0,0.0,0.0,5707.929842980531
2024-09-24,5790.777246128115,-1000.6407660433459,11418.31916906997,5790.777246128115,5790.777246128115,-604.2459510534121,-604.2459510534121,-604.2459510534121,-604.2459510534121,-604.2459510534121,-604.2459510534121,0.0,0.0,0.0,5186.531295074703
2024-09-25,5790.507872127751,-478.99006034518214,11400.70820324953,5790.507872127751,5790.507872127751,-199.95111420943493,-199.95111420943493,-199.95111420943493,-199.95111420943493,-199.95111420943493,-199.95111420943493,0.0,0.0,0.0,5590.556757918316
2024-09-26,5790.238498127387,-5.271340283533828,11706.106782327026,5790.238498127387,5790.238498127387,42.126849767950866,42.126849767950866,42.126849767950866,42.126849767950866,42.126849767950866,42.126849767950866,0.0,0.0,0.0,5832.365347895338
2024-09-29,5789.430376126294,349.41422258433715,12742.377666290762,5789.430376126294,5789.430376126294,642.0742215628421,642.0742215628421,642.0742215628421,642.0742215628421,642.0742215628421,642.0742215628421,0.0,0.0,0.0,6431.504597689136
2024-10-02,5788.622254125202,-760.4257333592965,11868.137026486394,5788.622254125202,5788.622254125202,-199.95111420874898,-199.95111420874898,-199.95111420874898,-199.95111420874898,-199.95111420874898,-199.95111420874898,0.0,0.0,0.0,5588.671139916453
2024-10-03,5788.352880124838,-307.82594717237646,11919.481970555184,5788.352880124838,5788.352880124838,42.12684976853721,42.12684976853721,42.12684976853721,42.12684976853721,42.12684976853721,42.12684976853721,0.0,0.0,0.0,5830.4797298933745
2024-10-04,5788.083506124473,-642.3357050785932,12193.05504312284,5788.083506124473,5788.083506124473,147.329998963301,147.329998963301,147.329998963301,147.329998963301,147.329998963301,147.329998963301,0.0,0.0,0.0,5935.413505087774
2024-10-05,5787.814132124109,-334.04288813962745,11620.345724412475,5787.814132124109,5787.814132124109,55.782772119076675,55.782772119076675,55.782772119076675,55.782772119076675,55.782772119076675,55.782772119076675,0.0,0.0,0.0,5843.596904243186
2024-10-06,5787.544758123745,268.6909063526403,11705.041079134593,5787.544758123745,5787.544758123745,642.0742215632747,642.0742215632747,642.0742215632747,642.0742215632747,642.0742215632747,642.0742215632747,0.0,0.0,0.0,6429.618979687019
2024-10-07,5787.27538412338,-664.2699414367078,11915.415501748275,5787.27538412338,5787.27538412338,-83.11677714877862,-83.11677714877862,-83.11677714877862,-83.11677714877862,-83.11677714877862,-83.11677714877862,0.0,0.0,0.0,5704.158606974601
2024-10-08,5787.0060101230165,-1383.9850621768755,11651.365424409578,5787.0060101230165,5787.0060101230165,-604.2459510540763,-604.2459510540763,-604.2459510540763,-604.2459510540763,-604.2459510540763,-604.2459510540763,0.0,0.0,0.0,5182.76005906894
2024-10-10,5786.467262122288,-486.5614800275756,12113.701341690348,5786.467262122288,5786.467262122288,42.12684976841328,42.12684976841328,42.12684976841328,42.12684976841328,42.12684976841328,42.12684976841328,0.0,0.0,0.0,5828.594111890701
2024-10-11,5786.197888121924,-190.22746508750345,12067.059422121218,5786.197888121924,5786.197888121924,147.32999896298222,147.32999896298222,147.32999896298222,147.32999896298222,147.32999896298222,147.32999896298222,0.0,0.0,0.0,5933.527887084906
2024-10-12,5785.92851412156,-151.05183709242016,12073.653037031547,5785.92851412156,5785.92851412156,55.78277211775801,55.78277211775801,55.78277211775801,55.78277211775801,55.78277211775801,55.78277211775801,0.0,0.0,0.0,5841.711286239318
2024-10-13,5785.659140121195,159.091210957465,12643.686290426447,5785.659140121195,5785.659140121195,642.0742215631017,642.0742215631017,642.0742215631017,642.0742215631017,642.0742215631017,642.0742215631017,0.0,0.0,0.0,6427.733361684297
2024-10-14,5785.389766120831,-514.8004941727771,11844.549020284778,5785.389766120831,5785.389766120831,-83.11677715011577,-83.11677715011577,-83.11677715011577,-83.11677715011577,-83.11677715011577,-83.11677715011577,0.0,0.0,0.0,5702.272988970715
2024-10-16,5784.851018120103,-573.6007684526172,11867.314343580438,5784.851018120103,5784.851018120103,-199.95111420992652,-199.95111420992652,-199.95111420992652,-199.95111420992652,-199.95111420992652,-199.95111420992652,0.0,0.0,0.0,5584.899903910176
2024-10-17,5784.5816441197385,-259.6700114539406,11812.1787530623,5784.5816441197385,5784.5816441197385,42.126849768999605,42.126849768999605,42.126849768999605,42.126849768999605,42.126849768999605,42.126849768999605,0.0,0.0,0.0,5826.708493888738
2024-10-18,5784.312270119374,-38.43428555628943,12218.032614570246,5784.312270119374,5784.312270119374,147.3299989632636,147.3299989632636,147.3299989632636,147.3299989632636,147.3299989632636,147.3299989632636,0.0,0.0,0.0,5931.6422690826375
2024-10-19,5784.04289611901,-688.8027592433727,11501.786873661857,5784.04289611901,5784.04289611901,55.78277211830495,55.78277211830495,55.78277211830495,55.78277211830495,55.78277211830495,55.78277211830495,0.0,0.0,0.0,5839.825668237315
2024-10-20,5783.773522118646,-177.2291752600036,12522.760756297388,5783.773522118646,5783.773522118646,642.0742215631225,642.0742215631225,642.0742215631225,642.0742215631225,642.0742215631225,642.0742215631225,0.0,0.0,0.0,6425.847743681768
2024-10-22,5783.234774117918,-811.1732961847556,11571.282420138688,5783.234774117918,5783.234774117918,-604.2459510542343,-604.2459510542343,-604.2459510542343,-604.2459510542343,-604.2459510542343,-604.2459510542343,0.0,0.0,0.0,5178.988823063684
2024-10-23,5782.965400117554,-400.04859796845506,12377.221926910928,5782.965400117554,5782.965400117554,-199.9511142102203,-199.9511142102203,-199.9511142102203,-199.9511142102203,-199.9511142102203,-199.9511142102203,0.0,0.0,0.0,5583.014285907334
2024-10-24,5782.69602611719,-381.27037845652603,12449.494379429987,5782.69602611719,5782.69602611719,42.1268497688757,42.1268497688757,42.1268497688757,42.1268497688757,42.1268497688757,42.1268497688757,0.0,0.0,0.0,5824.822875886066
2024-10-25,5782.426652116826,-138.68392304781332,12308.406118169341,5782.426652116826,5782.426652116826,147.32999896294473,147.32999896294473,147.32999896294473,147.32999896294473,147.32999896294473,147.32999896294473,0.0,0.0,0.0,5929.756651079771
2024-10-27,5781.887904116096,54.56880742204306,12630.177369447889,5781.887904116096,5781.887904116096,642.0742215629494,642.0742215629494,642.0742215629494,642.0742215629494,642.0742215629494,642.0742215629494,0.0,0.0,0.0,6423.962125679046
2024-10-28,5781.618530115733,-515.3351291182228,11627.098264456008,5781.618530115733,5781.618530115733,-83.11677715186846,-83.11677715186846,-83.11677715186846,-83.11677715186846,-83.11677715186846,-83.11677715186846,0.0,0.0,0.0,5698.501752963864
2024-10-29,5781.349156115369,-580.6404486875907,12050.048136229165,5781.349156115369,5781.349156115369,-604.2459510545665,-604.2459510545665,-604.2459510545665,-604.2459510545665,-604.2459510545665,-604.2459510545665,0.0,0.0,0.0,5177.103205060802
2024-10-30,5781.0797821150045,-1065.2517188457941,11767.97543393698,5781.0797821150045,5781.0797821150045,-199.95111420855466,-199.95111420855466,-199.95111420855466,-199.95111420855466,-199.95111420855466,-199.95111420855466,0.0,0.0,0.0,5581.12866790645
2024-10-31,5780.81040811464,-364.8621357465042,12051.911809364645,5780.81040811464,5780.81040811464,42.12684976854381,42.12684976854381,42.12684976854381,42.12684976854381,42.12684976854381,42.12684976854381,0.0,0.0,0.0,5822.937257883184
2024-11-01,5780.541034114276,-568.2239426234502,12116.054166605998,5780.541034114276,5780.541034114276,147.32999896292597,147.32999896292597,147.32999896292597,147.32999896292597,147.32999896292597,147.32999896292597,0.0,0.0,0.0,5927.871033077202
2024-11-02,5780.271660113912,-290.605765774959,12410.534194471602,5780.271660113912,5780.271660113912,55.782772118720466,55.782772118720466,55.782772118720466,55.782772118720466,55.782772118720466,55.782772118720466,0.0,0.0,0.0,5836.054432232632
2024-11-03,5780.002286113548,248.9258642596934,12837.467515733315,5780.002286113548,5780.002286113548,642.074221563382,642.074221563382,642.074221563382,642.074221563382,642.074221563382,642.074221563382,0.0,0.0,0.0,6422.076507676929
2024-11-04,5779.732912113184,-742.4487670544344,11659.596466672552,5779.732912113184,5779.732912113184,-83.11677715228392,-83.11677715228392,-83.11677715228392,-83.11677715228392,-83.11677715228392,-83.11677715228392,0.0,0.0,0.0,5696.6161349609
2024-11-06,5779.194164112455,-445.3372203914033,11399.708589815205,5779.194164112455,5779.194164112455,-199.95111420884845,-199.95111420884845,-199.95111420884845,-199.95111420884845,-199.95111420884845,-199.95111420884845,0.0,0.0,0.0,5579.243049903606
2024-11-07,5778.924790112091,-755.5487334960038,12000.434461011258,5778.924790112091,5778.924790112091,42.12684976841989,42.12684976841989,42.12684976841989,42.12684976841989,42.12684976841989,42.12684976841989,0.0,0.0,0.0,5821.05163988051
2024-11-08,5778.6554161117265,-195.41443577494218,12129.037230598224,5778.6554161117265,5778.6554161117265,147.32999896338663,147.32999896338663,147.32999896338663,147.32999896338663,147.32999896338663,147.32999896338663,0.0,0.0,0.0,5925.985415075113
2024-11-09,5778.386042111362,-662.5042177123711,12197.2571787658,5778.386042111362,5778.386042111362,55.78277211909778,55.78277211909778,55.78277211909778,55.78277211909778,55.78277211909778,55.78277211909778,0.0,0.0,0.0,5834.16881423046
2024-11-10,5778.116668110998,-215.25333856033248,12594.232590351447,5778.116668110998,5778.116668110998,642.0742215626032,642.0742215626032,642.0742215626032,642.0742215626032,642.0742215626032,642.0742215626032,0.0,0.0,0.0,6420.190889673601
2024-11-11,5777.847294110635,-394.2897669787718,12039.314661253426,5777.847294110635,5777.847294110635,-83.11677714925567,-83.11677714925567,-83.11677714925567,-83.11677714925567,-83.11677714925567,-83.11677714925567,0.0,0.0,0.0,5694.730516961379
2024-11-13,5777.308546109906,-839.0407402026957,11397.505084583992,5777.308546109906,5777.308546109906,-199.95111420914225,-199.95111420914225,-199.95111420914225,-199.95111420914225,-199.95111420914225,-199.95111420914225,0.0,0.0,0.0,5577.357431900764
2024-11-14,5777.039172109542,-635.4567018043231,12058.390354585043,5777.039172109542,5777.039172109542,42.126849769006235,42.126849769006235,42.126849769006235,42.126849769006235,42.126849769006235,42.126849769006235,0.0,0.0,0.0,5819.166021878548
2024-11-15,5776.769798109177,-192.27831740937302,12343.463664763074,5776.769798109177,5776.769798109177,147.32999896336796,147.32999896336796,147.32999896336796,147.32999896336796,147.32999896336796,147.32999896336796,0.0,0.0,0.0,5924.099797072545
2024-11-16,5776.500424108813,-580.6734333333895,12195.566671398816,5776.500424108813,5776.500424108813,55.78277211743994,55.78277211743994,55.78277211743994,55.78277211743994,55.78277211743994,55.78277211743994,0.0,0.0,0.0,5832.283196226253
2024-11-17,5776.231050108449,215.75984512438336,12658.579917780296,5776.231050108449,5776.231050108449,642.074221563036,642.074221563036,642.074221563036,642.074221563036,642.074221563036,642.074221563036,0.0,0.0,0.0,6418.305271671486
2024-11-18,5775.961676108085,-1069.8265563703276,12321.239452655765,5775.961676108085,5775.961676108085,-83.11677714967112,-83.11677714967112,-83.11677714967112,-83.11677714967112,-83.11677714967112,-83.11677714967112,0.0,0.0,0.0,5692.844898958414
2024-11-20,5775.422928107357,-636.4710008196394,11566.923847207274,5775.422928107357,5775.422928107357,-199.95111420845635,-199.95111420845635,-199.95111420845635,-199.95111420845635,-199.95111420845635,-199.95111420845635,0.0,0.0,0.0,5575.4718138989
2024-11-21,5775.1535541069925,-365.487297407026,12105.441980159078,5775.1535541069925,5775.1535541069925,42.12684976817206,42.12684976817206,42.12684976817206,42.12684976817206,42.12684976817206,42.12684976817206,0.0,0.0,0.0,5817.280403875165
2024-11-22,5774.884180106628,-765.0695698541634,12055.572106818548,5774.884180106628,5774.884180106628,147.32999896334914,147.32999896334914,147.32999896334914,147.32999896334914,147.32999896334914,147.32999896334914,0.0,0.0,0.0,5922.214179069977
2024-11-23,5774.614806106264,-28.47750689676932,11994.847910620569,5774.614806106264,5774.614806106264,55.7827721179869,55.7827721179869,55.7827721179869,55.7827721179869,55.7827721179869,55.7827721179869,0.0,0.0,0.0,5830.3975782242505
2024-11-24,5774.3454321059,-70.32825527312829,12589.578409796286,5774.3454321059,5774.3454321059,642.0742215634684,642.0742215634684,642.0742215634684,642.0742215634684,642.0742215634684,642.0742215634684,0.0,0.0,0.0,6416.419653669368
2024-11-25,5774.076058105536,-889.5104823039769,11984.856266708273,5774.076058105536,5774.076058105536,-83.11677715008659,-83.11677715008659,-83.11677715008659,-83.11677715008659,-83.11677715008659,-83.11677715008659,0.0,0.0,0.0,5690.959280955449
2024-11-26,5773.806684105171,-703.6909456825517,11247.12756361254,5773.806684105171,5773.806684105171,-604.2459510543335,-604.2459510543335,-604.2459510543335,-604.2459510543335,-604.2459510543335,-604.2459510543335,0.0,0.0,0.0,5169.560733050837
2024-11-27,5773.537310104807,-1140.982332146862,12438.581139328438,5773.537310104807,5773.537310104807,-199.95111421129968,-199.95111421129968,-199.95111421129968,-199.95111421129968,-199.95111421129968,-199.95111421129968,0.0,0.0,0.0,5573.5861958935075
2024-11-28,5773.267936104443,-408.7385980381894,11939.106252317863,5773.267936104443,5773.267936104443,42.126849768758376,42.126849768758376,42.126849768758376,42.126849768758376,42.126849768758376,42.126849768758376,0.0,0.0,0.0,5815.394785873202
2024-11-29,5772.998562104079,-341.5419323874056,11984.676539674503,5772.998562104079,5772.998562104079,147.32999896333044,147.32999896333044,147.32999896333044,147.32999896333044,147.32999896333044,147.32999896333044,0.0,0.0,0.0,5920.328561067409
2024-11-30,5772.7291881037145,-885.3610300856398,11829.417424246807,5772.7291881037145,5772.7291881037145,55.78277211819468,55.78277211819468,55.78277211819468,55.78277211819468,55.78277211819468,55.78277211819468,0.0,0.0,0.0,5828.511960221909
2024-12-01,5772.459814103351,-15.190557162691553,12810.246570395067,5772.459814103351,5772.459814103351,642.0742215632953,642.0742215632953,642.0742215632953,642.0742215632953,642.0742215632953,642.0742215632953,0.0,0.0,0.0,6414.534035666647
2024-12-02,5772.190440102987,-635.9279921650252,12224.919097386723,5772.190440102987,5772.19320761211,-83.11677714705836,-83.11677714705836,-83.11677714705836,-83.11677714705836,-83.11677714705836,-83.11677714705836,0.0,0.0,0.0,5689.073662955929
2024-12-03,5771.921066102623,-1148.1824855587513,11528.347843261387,5771.918511170561,5771.928880038702,-604.2459510546657,-604.2459510546657,-604.2459510546657,-604.2459510546657,-604.2459510546657,-604.2459510546657,0.0,0.0,0.0,5167.675115047957
2024-12-04,5771.651692102258,-797.6441315745798,11761.328569864929,5771.642271580075,5771.665606946901,-199.95111420963386,-199.95111420963386,-199.95111420963386,-199.95111420963386,-199.95111420963386,-199.95111420963386,0.0,0.0,0.0,5571.700577892624
2024-12-05,5771.382318101893,-341.1511043814138,11993.693897096484,5771.365612168746,5771.403264124429,42.126849767716244,42.126849767716244,42.126849767716244,42.126849767716244,42.126849767716244,42.126849767716244,0.0,0.0,0.0,5813.50916786961
2024-12-06,5771.112944101529,-395.98662614016763,12414.468246385526,5771.085608768507,5771.145940852185,147.32999896301163,147.32999896301163,147.32999896301163,147.32999896301163,147.32999896301163,147.32999896301163,0.0,0.0,0.0,5918.4429430645405
2024-12-07,5770.843570101166,-400.360672477924,11789.574405407795,5770.801529782708,5770.892975529138,55.782772118571984,55.782772118571984,55.782772118571984,55.782772118571984,55.782772118571984,55.782772118571984,0.0,0.0,0.0,5826.626342219738
2024-12-08,5770.574196100802,378.22580503914145,12692.709877438234,5770.5124745097355,5770.633127493027,642.0742215639217,642.0742215639217,642.0742215639217,642.0742215639217,642.0742215639217,642.0742215639217,0.0,0.0,0.0,6412.648417664724
2024-12-09,5770.304822100437,-952.2091003869202,11899.990591189033,5770.233096654502,5770.376963606893,-83.11677714839554,-83.11677714839554,-83.11677714839554,-83.11677714839554,-83.11677714839554,-83.11677714839554,0.0,0.0,0.0,5687.188044952042
2024-12-10,5770.035448100073,-1235.661970835604,11210.467123127031,5769.943175128146,5770.12138647464,-604.2459510549979,-604.2459510549979,-604.2459510549979,-604.2459510549979,-604.2459510549979,-604.2459510549979,0.0,0.0,0.0,5165.789497045075
2024-12-11,5769.766074099709,-291.76370346842214,11932.739660679426,5769.659022903162,5769.871375642574,-199.95111420992774,-199.95111420992774,-199.95111420992774,-199.95111420992774,-199.95111420992774,-199.95111420992774,0.0,0.0,0.0,5569.814959889781
2024-12-12,5769.496700099345,-624.781163105245,11912.847575067133,5769.36589781492,5769.630111196147,42.12684976830256,42.12684976830256,42.12684976830256,42.12684976830256,42.12684976830256,42.12684976830256,0.0,0.0,0.0,5811.623549867647
2024-12-13,5769.2273260989805,-713.4103268623481,12450.671703041133,5769.088825364002,5769.379704300427,147.3299989634723,147.3299989634723,147.3299989634723,147.3299989634723,147.3299989634723,147.3299989634723,0.0,0.0,0.0,5916.557325062453
2024-12-14,5768.957952098616,-499.31914047079437,11991.387926601148,5768.804998457025,5769.135145567899,55.78277211894936,55.78277211894936,55.78277211894936,55.78277211894936,55.78277211894936,55.78277211894936,0.0,0.0,0.0,5824.740724217566
2024-12-15,5768.688578098252,-658.8548742262072,12417.3185352617,5768.519139245315,5768.887760899586,642.074221563143,642.074221563143,642.074221563143,642.074221563143,642.074221563143,642.074221563143,0.0,0.0,0.0,6410.762799661396
2024-12-16,5768.419204097888,-342.4795663177959,11984.208476080952,5768.225457074146,5768.630591592538,-83.1167771478893,-83.1167771478893,-83.1167771478893,-83.1167771478893,-83.1167771478893,-83.1167771478893,0.0,0.0,0.0,5685.302426949998
2024-12-17,5768.149830097524,-919.961484859151,11588.008131378507,5767.938048412551,5768.38019345776,-604.2459510542748,-604.2459510542748,-604.2459510542748,-604.2459510542748,-604.2459510542748,-604.2459510542748,0.0,0.0,0.0,5163.903879043249
2024-12-18,5767.880456097159,-511.3318624802512,12161.380005970575,5767.649395319417,5768.124471059793,-199.95111420924172,-199.95111420924172,-199.95111420924172,-199.95111420924172,-199.95111420924172,-199.95111420924172,0.0,0.0,0.0,5567.929341887918
2024-12-19,5767.611082096795,-466.5026162281514,11975.546735070408,5767.358347188245,5767.873487726226,42.12684976888894,42.12684976888894,42.12684976888894,42.12684976888894,42.12684976888894,42.12684976888894,0.0,0.0,0.0,5809.737931865684
2024-12-20,5767.341708096431,-158.87937654763283,11919.38778768293,5767.0630526421055,5767.635015283023,147.3299989631535,147.3299989631535,147.3299989631535,147.3299989631535,147.3299989631535,147.3299989631535,0.0,0.0,0.0,5914.671707059584
2024-12-21,5767.072334096068,-189.95261295032552,12246.536675975087,5766.769896625989,5767.394408457209,55.78277211932668,55.78277211932668,55.78277211932668,55.78277211932668,55.78277211932668,55.78277211932668,0.0,0.0,0.0,5822.855106215395
2024-12-22,5766.802960095703,-239.11117254064814,12142.76727867115,5766.478011794828,5767.148748147896,642.07422156297,642.07422156297,642.07422156297,642.07422156297,642.07422156297,642.07422156297,0.0,0.0,0.0,6408.877181658673
2024-12-23,5766.533586095338,-628.0786897300034,11585.071804477762,5766.181396754888,5766.8995517876165,-83.11677714922648,-83.11677714922648,-83.11677714922648,-83.11677714922648,-83.11677714922648,-83.11677714922648,0.0,0.0,0.0,5683.416808946112
2024-12-24,5766.264212094974,-1114.0219799002432,11593.06206553402,5765.884125871441,5766.654346396518,-604.2459510541008,-604.2459510541008,-604.2459510541008,-604.2459510541008,-604.2459510541008,-604.2459510541008,0.0,0.0,0.0,5162.018261040873
2024-12-25,5765.99483809461,-480.99127923197784,11472.503186285534,5765.584892102146,5766.417401890794,-199.95111420855577,-199.95111420855577,-199.95111420855577,-199.95111420855577,-199.95111420855577,-199.95111420855577,0.0,0.0,0.0,5566.043723886054
2024-12-26,5765.725464094246,-422.4741945404781,11837.341518886791,5765.279271661006,5766.182753210519,42.12684976805473,42.12684976805473,42.12684976805473,42.12684976805473,42.12684976805473,42.12684976805473,0.0,0.0,0.0,5807.8523138623
